ibge7,ibge6,municipio,uf,regiao,ano_populacao,populacao,ubs,hospitais,centros_cirurgicos,centros_obstetricos,ubs_por_10k,hospitais_por_100k,centros_cirurgicos_por_100k,centros_obstetricos_por_100k,indice_lacuna_peso_ubs_000,indice_lacuna_peso_ubs_025,indice_lacuna_peso_ubs_050,indice_lacuna_peso_ubs_065,indice_lacuna_peso_ubs_075,indice_lacuna_peso_ubs_100,indice_lacuna,sensibilidade_amplitude_indice,sensibilidade_desvio_indice,estabilidade_ranking,prioridade_exploratoria,centroide_lat_proxy,centroide_lon_proxy,distancia_hospital_proxy_km,ibge7_hospital_proxy_mais_proximo
1200013,120001,Acrelândia,AC,Norte,2025,14712,6,1,0,1,4.08,6.8,0.0,6.8,22.15,28.98,35.8,39.9,42.63,49.45,39.9,27.3,9.8,72.57,Moderada,-9.9528,-66.90735000000001,0.0,1200013
1200054,120005,Assis Brasil,AC,Norte,2025,8648,4,1,0,1,4.63,11.56,0.0,11.56,9.64,16.91,24.19,28.55,31.46,38.74,28.55,29.1,10.44,70.59,Moderada,-10.724499999999999,-70.0055,0.0,1200054
1200104,120010,Brasiléia,AC,Norte,2025,28028,10,1,1,1,3.57,3.57,3.57,3.57,38.43,43.64,48.84,51.97,54.05,59.25,51.97,20.82,7.47,74.06,Alta,-10.70335,-69.23230000000001,0.0,1200104
1200138,120013,Bujari,AC,Norte,2025,13928,6,0,0,0,4.31,0.0,0.0,0.0,99.98,86.24,72.5,64.26,58.76,45.02,64.26,54.96,19.72,45.03,Alta,-9.60195,-68.12565000000001,54.54,1200401
1200179,120017,Capixaba,AC,Norte,2025,10981,6,0,0,0,5.46,0.0,0.0,0.0,99.98,81.13,62.28,50.97,43.43,24.57,50.97,75.41,27.06,24.58,Alta,-10.4557,-67.8155,55.62,1200385
1200203,120020,Cruzeiro do Sul,AC,Norte,2025,98916,30,5,3,3,3.03,5.05,3.03,3.03,30.03,39.92,49.8,55.73,59.69,69.57,55.73,39.54,14.19,60.45,Alta,-7.95655,-72.78880000000001,0.0,1200203
1200252,120025,Epitaciolândia,AC,Norte,2025,19874,8,0,0,0,4.03,0.0,0.0,0.0,99.98,87.6,75.22,67.79,62.84,50.46,67.79,49.52,17.77,50.47,Alta,-10.882200000000001,-68.6115,28.59,1200708
1200302,120030,Feijó,AC,Norte,2025,37764,8,1,1,1,2.12,2.65,2.65,2.65,43.62,53.81,64.0,70.12,74.19,84.38,70.12,40.76,14.63,59.23,Alta,-8.8962,-70.8124,0.0,1200302
1200328,120032,Jordão,AC,Norte,2025,9884,5,1,0,1,5.06,10.12,0.0,10.12,11.54,16.28,21.02,23.86,25.76,30.5,23.86,18.96,6.8,78.33,Baixa,-9.2254,-71.911,0.0,1200328
1200344,120034,Manoel Urbano,AC,Norte,2025,12923,4,1,0,1,3.1,7.74,0.0,7.74,18.17,30.73,43.3,50.83,55.86,68.43,50.83,50.26,18.03,49.73,Alta,-9.396,-69.77095,0.0,1200344
1200351,120035,Marechal Thaumaturgo,AC,Norte,2025,18057,5,1,0,1,2.77,5.54,0.0,5.54,27.19,38.88,50.57,57.58,62.25,73.94,57.58,46.74,16.77,53.25,Alta,-9.09825,-72.62065,0.0,1200351
1200336,120033,Mâncio Lima,AC,Norte,2025,20479,10,1,1,1,4.88,4.88,4.88,4.88,30.93,31.63,32.34,32.76,33.04,33.75,32.76,2.82,1.01,83.54,Moderada,-7.4521999999999995,-73.3869,0.0,1200336
1200385,120038,Plácido de Castro,AC,Norte,2025,17107,8,2,1,2,4.68,11.69,5.85,11.69,9.46,16.56,23.67,27.93,30.77,37.87,27.93,28.42,10.2,71.2,Moderada,-10.2397,-67.3569,0.0,1200385
1200807,120080,Porto Acre,AC,Norte,2025,17523,5,0,0,0,2.85,0.0,0.0,0.0,99.98,93.04,86.11,81.94,79.17,72.23,81.94,27.75,9.96,72.24,Muito alta,-9.635200000000001,-67.7079,47.08,1200450
1200393,120039,Porto Walter,AC,Norte,2025,11333,4,1,0,1,3.53,8.82,0.0,8.82,15.29,26.51,37.73,44.46,48.95,60.17,44.46,44.88,16.1,55.12,Moderada,-8.451450000000001,-72.77265,0.0,1200393
1200401,120040,Rio Branco,AC,Norte,2025,389001,106,14,8,4,2.72,3.6,2.06,1.03,38.29,47.39,56.5,61.96,65.6,74.71,61.96,36.42,13.07,63.57,Alta,-9.99525,-68.423,0.0,1200401
1200427,120042,Rodrigues Alves,AC,Norte,2025,15560,9,1,0,1,5.78,6.43,0.0,6.43,23.3,22.41,21.51,20.98,20.62,19.73,20.98,3.57,1.28,84.47,Baixa,-7.861649999999999,-73.18695,0.0,1200427
1200435,120043,Santa Rosa do Purus,AC,Norte,2025,7217,2,1,0,1,2.77,13.86,0.0,13.86,7.14,23.82,40.5,50.5,57.17,73.85,50.5,66.7,23.93,33.29,Alta,-9.5184,-70.44624999999999,0.0,1200435
1200500,120050,Sena Madureira,AC,Norte,2025,44049,17,1,1,1,3.86,2.27,2.27,2.27,45.49,47.42,49.36,50.53,51.3,53.24,50.53,7.75,2.78,80.57,Alta,-9.76905,-69.4204,0.0,1200500
1200450,120045,Senador Guiomard,AC,Norte,2025,22402,11,1,1,1,4.91,4.46,4.46,4.46,33.05,33.1,33.14,33.17,33.19,33.24,33.17,0.2,0.07,84.43,Moderada,-9.980599999999999,-67.4594,0.0,1200450
1200609,120060,Tarauacá,AC,Norte,2025,46816,11,1,1,1,2.35,2.14,2.14,2.14,46.1,54.82,63.54,68.78,72.27,80.99,68.78,34.89,12.52,65.1,Alta,-8.26015,-71.39075,0.0,1200609
1200708,120070,Xapuri,AC,Norte,2025,19170,8,1,0,1,4.17,5.22,0.0,5.22,29.2,33.83,38.45,41.22,43.07,47.69,41.22,18.49,6.63,76.3,Moderada,-10.628,-68.572,0.0,1200708
2700201,270020,Anadia,AL,Nordeste,2025,14167,7,1,1,1,4.94,7.06,7.06,7.06,20.53,23.52,26.51,28.31,29.5,32.49,28.31,11.95,4.29,81.36,Moderada,-9.6654,-36.31685,0.0,2700201
2700300,270030,Arapiraca,AL,Nordeste,2025,243906,46,9,7,5,1.89,3.69,2.87,2.05,37.8,50.11,62.41,69.8,74.72,87.02,69.8,49.22,17.66,50.77,Alta,-9.75365,-36.64855,0.0,2700300
2700409,270040,Atalaia,AL,Nordeste,2025,38480,19,1,1,1,4.94,2.6,2.6,2.6,43.83,41.03,38.22,36.54,35.42,32.62,36.54,11.22,4.03,77.7,Moderada,-9.49705,-36.07785,0.0,2700409
2700508,270050,Barra de Santo Antônio,AL,Nordeste,2025,16756,6,0,0,0,3.58,0.0,0.0,0.0,99.98,89.74,79.5,73.36,69.26,59.02,73.36,40.96,14.7,59.03,Alta,-9.37845,-35.58155,7.48,2706448
2700607,270060,Barra de São Miguel,AL,Nordeste,2025,8123,4,0,0,0,4.92,0.0,0.0,0.0,99.98,83.22,66.46,56.4,49.7,32.94,56.4,67.04,24.06,32.94,Alta,-9.811499999999999,-35.9411,19.75,2708600
2700706,270070,Batalha,AL,Nordeste,2025,17103,9,1,1,1,5.26,5.85,5.85,5.85,25.2,25.74,26.28,26.6,26.82,27.36,26.6,2.15,0.77,84.96,Moderada,-9.70735,-37.106300000000005,0.0,2700706
2700904,270090,Belo Monte,AL,Nordeste,2025,5895,3,0,0,0,5.09,0.0,0.0,0.0,99.98,82.51,65.04,54.56,47.57,30.1,54.56,69.88,25.07,30.11,Alta,-9.812000000000001,-37.168800000000005,13.5,2700706
2700805,270080,Belém,AL,Nordeste,2025,4819,4,0,0,0,8.3,0.0,0.0,0.0,99.98,76.35,52.71,38.53,29.07,5.44,38.53,94.54,33.92,5.44,Moderada,-9.55405,-36.49235,6.62,2709103
2701001,270100,Boca da Mata,AL,Nordeste,2025,21479,11,1,0,1,5.12,4.66,0.0,4.66,32.13,31.49,30.86,30.47,30.22,29.58,30.47,2.55,0.91,83.59,Moderada,-9.6628,-36.164100000000005,0.0,2701001
2701100,270110,Branquinha,AL,Nordeste,2025,9779,5,0,0,0,5.11,0.0,0.0,0.0,99.98,82.45,64.92,54.4,47.38,29.85,54.4,70.13,25.16,29.86,Alta,-9.20965,-36.0447,9.55,2709301
2701209,270120,Cacimbinhas,AL,Nordeste,2025,10705,5,1,0,0,4.67,9.34,0.0,0.0,13.5,19.61,25.72,29.39,31.83,37.95,29.39,24.45,8.77,73.93,Moderada,-9.45295,-36.9331,0.0,2701209
2701308,270130,Cajueiro,AL,Nordeste,2025,16572,8,1,0,1,4.83,6.03,0.0,6.03,24.57,27.11,29.65,31.18,32.19,34.73,31.18,10.16,3.65,81.31,Moderada,-9.3891,-36.16565,0.0,2701308
2701357,270135,Campestre,AL,Nordeste,2025,6808,3,0,0,0,4.41,0.0,0.0,0.0,99.98,85.72,71.46,62.9,57.2,42.94,62.9,57.05,20.47,42.94,Alta,-8.88515,-35.5384,13.44,2616506
2701407,270140,Campo Alegre,AL,Nordeste,2025,32558,17,1,1,1,5.22,3.07,3.07,3.07,41.23,37.93,34.63,32.64,31.32,28.02,32.64,13.21,4.74,76.0,Moderada,-9.8241,-36.28965,0.0,2701407
2701506,270150,Campo Grande,AL,Nordeste,2025,8285,8,0,0,0,9.66,0.0,0.0,0.0,99.98,75.68,51.38,36.8,27.08,2.78,36.8,97.2,34.88,2.78,Moderada,-9.96405,-36.758250000000004,19.29,2704104
2701605,270160,Canapi,AL,Nordeste,2025,15730,9,0,0,0,5.72,0.0,0.0,0.0,99.98,80.13,60.29,48.38,40.44,20.59,48.38,79.39,28.49,20.59,Moderada,-9.12755,-37.53905,23.94,2705002
2701704,270170,Capela,AL,Nordeste,2025,15051,8,1,1,1,5.32,6.64,6.64,6.64,22.72,23.71,24.69,25.28,25.67,26.66,25.28,3.93,1.41,84.85,Moderada,-9.345849999999999,-36.10085,0.0,2701704
2701803,270180,Carneiros,AL,Nordeste,2025,9206,7,0,0,0,7.6,0.0,0.0,0.0,99.98,76.75,53.52,39.58,30.29,7.05,39.58,92.93,33.34,7.06,Moderada,-9.47215,-37.356700000000004,16.24,2708402
2701902,270190,Chã Preta,AL,Nordeste,2025,6000,5,0,0,0,8.33,0.0,0.0,0.0,99.98,76.3,52.62,38.41,28.94,5.26,38.41,94.72,33.99,5.26,Moderada,-9.24325,-36.27835,10.97,2709400
2702009,270200,Coité do Nóia,AL,Nordeste,2025,11036,6,0,0,0,5.44,0.0,0.0,0.0,99.98,81.23,62.48,51.22,43.72,24.97,51.22,75.01,26.92,24.97,Alta,-9.633099999999999,-36.579499999999996,10.99,2709103
2702108,270210,Colônia Leopoldina,AL,Nordeste,2025,15915,8,1,1,1,5.03,6.28,6.28,6.28,23.86,25.65,27.45,28.52,29.24,31.04,28.52,7.18,2.58,83.05,Moderada,-8.9387,-35.74035,0.0,2702108
2702207,270220,Coqueiro Seco,AL,Nordeste,2025,5701,5,0,0,0,8.77,0.0,0.0,0.0,99.98,76.05,52.11,37.75,28.17,4.24,37.75,95.75,34.36,4.24,Moderada,-9.64035,-35.8185,18.2,2704302
2702306,270230,Coruripe,AL,Nordeste,2025,51784,20,3,2,1,3.86,5.79,3.86,1.93,25.53,32.44,39.35,43.49,46.26,53.17,43.49,27.64,9.92,71.56,Moderada,-10.0989,-36.24195,0.0,2702306
2702355,270235,Craíbas,AL,Nordeste,2025,26144,10,1,0,1,3.82,3.82,0.0,3.82,36.92,41.16,45.39,47.93,49.62,53.85,47.93,16.93,6.07,76.12,Moderada,-9.6399,-36.795,0.0,2702355
2702405,270240,Delmiro Gouveia,AL,Nordeste,2025,52845,16,1,1,1,3.03,1.89,1.89,1.89,47.14,52.76,58.38,61.76,64.01,69.63,61.76,22.49,8.07,75.44,Alta,-9.39955,-38.054950000000005,0.0,2702405
2702504,270250,Dois Riachos,AL,Nordeste,2025,9898,6,0,0,0,6.06,0.0,0.0,0.0,99.98,79.19,58.39,45.91,37.6,16.8,45.91,83.18,29.85,16.8,Moderada,-9.384,-37.06425,16.3,2701209
2702553,270255,Estrela de Alagoas,AL,Nordeste,2025,15688,7,0,0,0,4.46,0.0,0.0,0.0,99.98,85.42,70.86,62.12,56.3,41.73,62.12,58.25,20.9,41.74,Alta,-9.39025,-36.7723,18.97,2701209
2702603,270260,Feira Grande,AL,Nordeste,2025,23204,9,0,0,0,3.88,0.0,0.0,0.0,99.98,88.22,76.45,69.39,64.68,52.92,69.39,47.07,16.89,52.93,Alta,-9.89475,-36.672,13.18,2704104
2702702,270270,Feliz Deserto,AL,Nordeste,2025,4035,2,0,0,0,4.96,0.0,0.0,0.0,99.98,83.06,66.13,55.97,49.2,32.27,55.97,67.71,24.29,32.28,Alta,-10.28745,-36.32765,19.77,2706703
2702801,270280,Flexeiras,AL,Nordeste,2025,9745,5,1,0,1,5.13,10.26,0.0,10.26,11.47,15.96,20.45,23.14,24.93,29.42,23.14,17.95,6.44,79.12,Baixa,-9.2574,-35.787549999999996,0.0,2702801
2702900,270290,Girau do Ponciano,AL,Nordeste,2025,37337,16,1,1,1,4.29,2.68,2.68,2.68,43.48,43.99,44.51,44.82,45.02,45.54,44.82,2.06,0.74,83.81,Moderada,-9.79195,-36.85635,0.0,2702900
2703007,270300,Ibateguara,AL,Nordeste,2025,13982,6,1,0,1,4.29,7.15,0.0,7.15,19.91,26.27,32.63,36.45,39.0,45.36,36.45,25.45,9.13,73.55,Moderada,-8.959900000000001,-35.9075,0.0,2703007
2703106,270310,Igaci,AL,Nordeste,2025,24445,13,1,0,0,5.32,4.09,0.0,0.0,34.93,32.85,30.77,29.52,28.68,26.6,29.52,8.33,2.99,80.0,Moderada,-9.567900000000002,-36.68515,0.0,2703106
2703205,270320,Igreja Nova,AL,Nordeste,2025,22113,10,0,0,0,4.52,0.0,0.0,0.0,99.98,85.16,70.34,61.44,55.52,40.69,61.44,59.29,21.27,40.7,Alta,-10.1527,-36.6105,15.01,2706703
2703304,270330,Inhapi,AL,Nordeste,2025,15396,6,0,0,0,3.9,0.0,0.0,0.0,99.98,88.14,76.31,69.2,64.47,52.63,69.2,47.35,16.99,52.64,Alta,-9.2939,-37.71055,20.28,2700102
2703403,270340,Jacaré dos Homens,AL,Nordeste,2025,5180,3,0,0,0,5.79,0.0,0.0,0.0,99.98,79.9,59.82,47.77,39.74,19.66,47.77,80.33,28.82,19.66,Moderada,-9.65915,-37.2285,14.43,2700706
2703502,270350,Jacuípe,AL,Nordeste,2025,5419,3,0,0,0,5.54,0.0,0.0,0.0,99.98,80.81,61.64,50.14,42.47,23.3,50.14,76.68,27.52,23.3,Alta,-8.8948,-35.44955,15.56,2707305
2703601,270360,Japaratinga,AL,Nordeste,2025,9457,4,0,0,0,4.23,0.0,0.0,0.0,99.98,86.66,73.34,65.35,60.03,46.71,65.35,53.28,19.12,46.71,Alta,-9.091999999999999,-35.2888,17.2,2707305
2703700,270370,Jaramataia,AL,Nordeste,2025,5069,3,0,0,0,5.92,0.0,0.0,0.0,99.98,79.55,59.12,46.86,38.69,18.26,46.86,81.73,29.33,18.26,Moderada,-9.6603,-36.97355,15.32,2704401
2703759,270375,Jequiá da Praia,AL,Nordeste,2025,9607,8,0,0,0,8.33,0.0,0.0,0.0,99.98,76.32,52.66,38.46,28.99,5.33,38.46,94.65,33.96,5.33,Moderada,-9.92575,-36.121849999999995,16.88,2708600
2703809,270380,Joaquim Gomes,AL,Nordeste,2025,17342,1,1,1,1,0.58,5.77,5.77,5.77,25.65,43.6,61.54,72.31,79.49,97.43,72.31,71.78,25.76,28.2,Alta,-9.0717,-35.73435,0.0,2703809
2703908,270390,Jundiá,AL,Nordeste,2025,4175,3,0,0,0,7.19,0.0,0.0,0.0,99.98,77.14,54.29,40.58,31.44,8.6,40.58,91.38,32.79,8.6,Moderada,-8.961549999999999,-35.5186,12.29,2707305
2704005,270400,Junqueiro,AL,Nordeste,2025,24382,11,1,1,1,4.51,4.1,4.1,4.1,34.86,36.37,37.87,38.78,39.38,40.89,38.78,6.03,2.16,82.53,Moderada,-9.871749999999999,-36.43315,0.0,2704005
2704104,270410,Lagoa da Canoa,AL,Nordeste,2025,18836,5,1,0,1,2.65,5.31,0.0,5.31,28.63,40.47,52.32,59.42,64.16,76.0,59.42,47.37,17.0,52.62,Alta,-9.7924,-36.73265,0.0,2704104
2704203,270420,Limoeiro de Anadia,AL,Nordeste,2025,25184,16,1,1,1,6.35,3.97,3.97,3.97,36.03,30.5,24.97,21.65,19.44,13.91,21.65,22.11,7.94,71.11,Baixa,-9.7454,-36.4631,0.0,2704203
2704302,270430,Maceió,AL,Nordeste,2025,994952,95,41,33,11,0.95,4.12,3.32,1.11,34.66,49.86,65.05,74.17,80.25,95.44,74.17,60.78,21.81,39.21,Alta,-9.5411,-35.68645,0.0,2704302
2704401,270440,Major Isidoro,AL,Nordeste,2025,17828,7,1,1,1,3.93,5.61,5.61,5.61,26.69,33.07,39.45,43.27,45.82,52.2,43.27,25.51,9.15,72.62,Moderada,-9.5238,-36.99225,0.0,2704401
2704906,270490,Mar Vermelho,AL,Nordeste,2025,3208,2,0,0,0,6.23,0.0,0.0,0.0,99.98,78.77,57.56,44.83,36.34,15.13,44.83,84.85,30.45,15.13,Moderada,-9.4683,-36.4039,11.0,2706604
2704500,270450,Maragogi,AL,Nordeste,2025,33269,10,0,0,0,3.01,0.0,0.0,0.0,99.98,92.49,84.99,80.5,77.5,70.01,80.5,29.98,10.76,70.02,Muito alta,-8.9648,-35.2624,12.7,2613404
2704609,270460,Maravilha,AL,Nordeste,2025,9709,4,0,0,0,4.12,0.0,0.0,0.0,99.98,87.18,74.39,66.71,61.59,48.79,66.71,51.19,18.37,48.8,Alta,-9.2425,-37.408699999999996,20.92,2708006
2704708,270470,Marechal Deodoro,AL,Nordeste,2025,62477,20,0,0,0,3.2,0.0,0.0,0.0,99.98,91.59,83.2,78.16,74.81,66.42,78.16,33.57,12.04,66.43,Muito alta,-9.71865,-35.91175,16.92,2706901
2704807,270480,Maribondo,AL,Nordeste,2025,13970,6,1,1,0,4.29,7.16,7.16,0.0,19.87,26.22,32.57,36.38,38.92,45.27,36.38,25.4,9.11,73.52,Moderada,-9.5529,-36.289249999999996,0.0,2704807
2705002,270500,Mata Grande,AL,Nordeste,2025,22126,6,1,0,1,2.71,4.52,0.0,4.52,32.83,43.37,53.9,60.23,64.44,74.98,60.23,42.15,15.12,57.85,Alta,-9.0338,-37.73535,0.0,2705002
2705101,270510,Matriz de Camaragibe,AL,Nordeste,2025,24331,10,1,1,1,4.11,4.11,4.11,4.11,34.72,38.27,41.82,43.96,45.38,48.93,43.96,14.22,5.1,77.92,Moderada,-9.107700000000001,-35.594750000000005,0.0,2705101
2705200,270520,Messias,AL,Nordeste,2025,15706,6,0,0,0,3.82,0.0,0.0,0.0,99.98,88.5,77.01,70.12,65.53,54.05,70.12,45.93,16.48,54.06,Alta,-9.3406,-35.8232,10.04,2702801
2705309,270530,Minador do Negrão,AL,Nordeste,2025,4935,3,0,0,0,6.08,0.0,0.0,0.0,99.98,79.13,58.27,45.76,37.42,16.57,45.76,83.41,29.93,16.57,Moderada,-9.3371,-36.8668,14.79,2701209
2705408,270540,Monteirópolis,AL,Nordeste,2025,7344,4,0,0,0,5.45,0.0,0.0,0.0,99.98,81.2,62.41,51.14,43.63,24.84,51.14,75.14,26.96,24.85,Alta,-9.5869,-37.296350000000004,19.5,2706406
2705507,270550,Murici,AL,Nordeste,2025,25926,11,1,1,1,4.24,3.86,3.86,3.86,36.73,39.17,41.62,43.08,44.06,46.51,43.08,9.78,3.51,80.22,Moderada,-9.2775,-35.936400000000006,0.0,2705507
2705606,270560,Novo Lino,AL,Nordeste,2025,10285,6,0,0,0,5.83,0.0,0.0,0.0,99.98,79.8,59.62,47.51,39.44,19.26,47.51,80.72,28.96,19.26,Moderada,-8.9458,-35.6386,11.2,2702108
2705903,270590,Olho d'Água Grande,AL,Nordeste,2025,4381,3,0,0,0,6.85,0.0,0.0,0.0,99.98,77.56,55.14,41.69,32.72,10.3,41.69,89.68,32.18,10.31,Moderada,-10.06505,-36.79145,9.07,2708204
2705705,270570,Olho d'Água das Flores,AL,Nordeste,2025,21135,9,0,0,0,4.26,0.0,0.0,0.0,99.98,86.52,73.07,64.99,59.61,46.15,64.99,53.83,19.32,46.16,Alta,-9.53745,-37.2501,21.06,2708006
2705804,270580,Olho d'Água do Casado,AL,Nordeste,2025,8522,2,0,0,0,2.35,0.0,0.0,0.0,99.98,95.27,90.56,87.73,85.85,81.13,87.73,18.85,6.76,81.15,Muito alta,-9.4341,-37.807050000000004,10.92,2707107
2706000,270600,Olivença,AL,Nordeste,2025,11047,5,0,0,0,4.53,0.0,0.0,0.0,99.98,85.15,70.32,61.42,55.49,40.66,61.42,59.33,21.29,40.66,Alta,-9.4968,-37.18745,17.95,2708006
2706109,270610,Ouro Branco,AL,Nordeste,2025,11706,5,0,0,0,4.27,0.0,0.0,0.0,99.98,86.46,72.93,64.82,59.41,45.88,64.82,54.1,19.41,45.89,Alta,-9.1126,-37.3574,11.47,2607505
2706208,270620,Palestina,AL,Nordeste,2025,4408,3,0,0,0,6.81,0.0,0.0,0.0,99.98,77.62,55.26,41.84,32.9,10.54,41.84,89.45,32.09,10.54,Moderada,-9.686,-37.295,17.86,2706406
2706307,270630,Palmeira dos Índios,AL,Nordeste,2025,73621,25,2,2,1,3.4,2.72,2.72,1.36,43.21,48.12,53.02,55.97,57.93,62.84,55.97,19.64,7.05,78.44,Alta,-9.411950000000001,-36.590599999999995,0.0,2706307
2706422,270642,Pariconha,AL,Nordeste,2025,10807,6,0,0,0,5.55,0.0,0.0,0.0,99.98,80.74,61.5,49.95,42.25,23.01,49.95,76.97,27.62,23.02,Moderada,-9.24605,-38.0614,15.83,2608057
2706448,270644,Paripueira,AL,Nordeste,2025,14199,4,1,0,0,2.82,7.04,0.0,0.0,20.64,33.69,46.74,54.57,59.79,72.84,54.57,52.2,18.73,47.79,Alta,-9.44305,-35.6006,0.0,2706448
2706505,270650,Passo de Camaragibe,AL,Nordeste,2025,14070,7,0,0,0,4.98,0.0,0.0,0.0,99.98,82.99,66.0,55.81,49.01,32.02,55.81,67.96,24.38,32.03,Alta,-9.2466,-35.50195,12.98,2708501
2706604,270660,Paulo Jacinto,AL,Nordeste,2025,6691,4,1,0,1,5.98,14.95,0.0,14.95,6.28,9.14,11.99,13.7,14.84,17.7,13.7,11.42,4.1,85.67,Baixa,-9.3698,-36.4133,0.0,2706604
2706703,270670,Penedo,AL,Nordeste,2025,60185,22,2,2,1,3.66,3.32,3.32,1.66,39.81,44.26,48.7,51.36,53.14,57.58,51.36,17.77,6.38,75.64,Alta,-10.231300000000001,-36.49905,0.0,2706703
2706802,270680,Piaçabuçu,AL,Nordeste,2025,16192,7,0,0,0,4.32,0.0,0.0,0.0,99.98,86.17,72.36,64.07,58.54,44.73,64.07,55.25,19.82,44.74,Alta,-10.4042,-36.40455,21.83,2706703
2706901,270690,Pilar,AL,Nordeste,2025,36525,13,2,1,1,3.56,5.48,2.74,2.74,27.66,35.62,43.58,48.36,51.54,59.5,48.36,31.84,11.43,68.15,Moderada,-9.6147,-36.0245,0.0,2706901
2707008,270700,Pindoba,AL,Nordeste,2025,2786,1,0,0,0,3.59,0.0,0.0,0.0,99.98,89.68,79.38,73.2,69.09,58.79,73.2,41.2,14.78,58.8,Alta,-9.47425,-36.27405,8.9,2704807
2707107,270710,Piranhas,AL,Nordeste,2025,23053,6,1,1,1,2.6,4.34,4.34,4.34,33.62,44.46,55.3,61.8,66.13,76.97,61.8,43.35,15.55,56.64,Alta,-9.5063,-37.739599999999996,0.0,2707107
2707305,270730,Porto Calvo,AL,Nordeste,2025,24509,11,2,2,2,4.49,8.16,8.16,8.16,17.05,23.13,29.21,32.86,35.29,41.37,32.86,24.32,8.73,74.25,Moderada,-9.033850000000001,-35.4339,0.0,2707305
2707503,270750,Porto Real do Colégio,AL,Nordeste,2025,20273,10,0,0,0,4.93,0.0,0.0,0.0,99.98,83.18,66.37,56.29,49.56,32.76,56.29,67.22,24.12,32.76,Alta,-10.115200000000002,-36.748149999999995,12.1,2708204
2707404,270740,Porto de Pedras,AL,Nordeste,2025,9517,4,0,0,0,4.2,0.0,0.0,0.0,99.98,86.75,73.52,65.59,60.29,47.07,65.59,52.92,18.99,47.07,Alta,-9.149550000000001,-35.410650000000004,13.12,2707305
2707206,270720,Poço das Trincheiras,AL,Nordeste,2025,12965,7,0,0,0,5.4,0.0,0.0,0.0,99.98,81.33,62.67,51.48,44.02,25.36,51.48,74.62,26.77,25.37,Alta,-9.2889,-37.37405,15.03,2708006
2706406,270640,Pão de Açúcar,AL,Nordeste,2025,24291,9,1,1,1,3.71,4.12,4.12,4.12,34.68,40.13,45.58,48.84,51.02,56.47,48.84,21.79,7.82,73.68,Moderada,-9.6636,-37.45635,0.0,2706406
2707602,270760,Quebrangulo,AL,Nordeste,2025,11303,7,1,1,1,6.19,8.85,8.85,8.85,15.24,15.29,15.34,15.37,15.39,15.44,15.37,0.2,0.07,89.71,Baixa,-9.3091,-36.47575,0.0,2707602
2707701,270770,Rio Largo,AL,Nordeste,2025,97658,26,1,1,1,2.66,1.02,1.02,1.02,50.24,56.64,63.04,66.88,69.44,75.84,66.88,25.6,9.18,71.99,Alta,-9.4822,-35.864599999999996,0.0,2707701
2707800,270780,Roteiro,AL,Nordeste,2025,6606,3,0,0,0,4.54,0.0,0.0,0.0,99.98,85.09,70.2,61.27,55.31,40.42,61.27,59.56,21.37,40.43,Alta,-9.87445,-35.972849999999994,19.37,2708600
2707909,270790,Santa Luzia do Norte,AL,Nordeste,2025,7066,5,0,0,0,7.08,0.0,0.0,0.0,99.98,77.23,54.47,40.82,31.71,8.96,40.82,91.02,32.66,8.96,Moderada,-9.60915,-35.83055,14.6,2707701
2708006,270800,Santana do Ipanema,AL,Nordeste,2025,47418,20,1,1,1,4.22,2.11,2.11,2.11,46.17,46.33,46.5,46.6,46.67,46.83,46.6,0.66,0.24,84.17,Moderada,-9.34805,-37.2509,0.0,2708006
2708105,270810,Santana do Mundaú,AL,Nordeste,2025,11572,5,0,0,0,4.32,0.0,0.0,0.0,99.98,86.18,72.37,64.09,58.57,44.77,64.09,55.21,19.81,44.78,Alta,-9.12335,-36.20115,14.2,2604700
2708907,270890,Satuba,AL,Nordeste,2025,25105,7,0,0,0,2.79,0.0,0.0,0.0,99.98,93.39,86.79,82.83,80.19,73.6,82.83,26.39,9.47,73.61,Muito alta,-9.5789,-35.84195,11.04,2707701
2708956,270895,Senador Rui Palmeira,AL,Nordeste,2025,12545,6,0,0,0,4.78,0.0,0.0,0.0,99.98,83.9,67.82,58.18,51.75,35.67,58.18,64.32,23.08,35.67,Alta,-9.386099999999999,-37.497,15.95,2708402
2708204,270820,São Brás,AL,Nordeste,2025,6557,3,1,1,0,4.58,15.25,15.25,0.0,6.1,14.51,22.91,27.96,31.32,39.72,27.96,33.62,12.06,66.37,Moderada,-10.11275,-36.8587,0.0,2708204
2708303,270830,São José da Laje,AL,Nordeste,2025,21180,11,1,1,1,5.19,4.72,4.72,4.72,31.66,30.87,30.08,29.61,29.29,28.5,29.61,3.16,1.13,83.34,Moderada,-8.98555,-36.04085,0.0,2708303
2708402,270840,São José da Tapera,AL,Nordeste,2025,31569,14,1,1,1,4.43,3.17,3.17,3.17,40.57,41.02,41.47,41.75,41.93,42.38,41.75,1.81,0.65,84.17,Moderada,-9.52945,-37.4929,0.0,2708402
2708501,270850,São Luís do Quitunde,AL,Nordeste,2025,31785,14,1,0,1,4.4,3.15,0.0,3.15,40.67,41.25,41.82,42.17,42.4,42.97,42.17,2.3,0.82,83.88,Moderada,-9.23645,-35.619749999999996,0.0,2708501
2708600,270860,São Miguel dos Campos,AL,Nordeste,2025,53380,17,1,1,1,3.18,1.87,1.87,1.87,47.21,52.1,56.99,59.93,61.88,66.77,59.93,19.57,7.02,77.83,Alta,-9.774049999999999,-36.1173,0.0,2708600
2708709,270870,São Miguel dos Milagres,AL,Nordeste,2025,8700,4,0,0,0,4.6,0.0,0.0,0.0,99.98,84.79,69.59,60.48,54.4,39.2,60.48,60.78,21.81,39.21,Alta,-9.23845,-35.40745,22.94,2707305
2708808,270880,São Sebastião,AL,Nordeste,2025,32707,18,1,0,1,5.5,3.06,0.0,3.06,41.34,36.98,32.62,30.0,28.25,23.89,30.0,17.45,6.26,74.04,Moderada,-9.9551,-36.553,0.0,2708808
2709004,270900,Tanque d'Arca,AL,Nordeste,2025,5906,3,0,0,0,5.08,0.0,0.0,0.0,99.98,82.55,65.11,54.65,47.68,30.25,54.65,69.74,25.02,30.25,Alta,-9.56695,-36.419399999999996,8.48,2709103
2709103,270910,Taquarana,AL,Nordeste,2025,19428,9,1,0,0,4.63,5.15,0.0,0.0,29.55,31.8,34.05,35.4,36.3,38.56,35.4,9.01,3.23,80.93,Moderada,-9.6126,-36.4814,0.0,2709103
2709152,270915,Teotônio Vilela,AL,Nordeste,2025,39143,23,1,1,1,5.88,2.55,2.55,2.55,44.09,37.75,31.41,27.61,25.08,18.74,27.61,25.35,9.09,66.89,Moderada,-9.95735,-36.380700000000004,0.0,2709152
2709202,270920,Traipu,AL,Nordeste,2025,24106,10,1,0,1,4.15,4.15,0.0,4.15,34.48,37.92,41.37,43.43,44.81,48.25,43.43,13.77,4.94,78.22,Moderada,-9.884350000000001,-36.966,0.0,2709202
2709301,270930,União dos Palmares,AL,Nordeste,2025,60860,22,2,1,2,3.61,3.29,1.64,3.29,39.97,44.55,49.13,51.88,53.71,58.28,51.88,18.31,6.57,75.37,Alta,-9.1249,-36.03065,0.0,2709301
2709400,270940,Viçosa,AL,Nordeste,2025,24414,13,1,1,1,5.32,4.1,4.1,4.1,34.89,32.8,30.71,29.46,28.62,26.53,29.46,8.36,3.0,79.98,Moderada,-9.3417,-36.2719,0.0,2709400
2700102,270010,Água Branca,AL,Nordeste,2025,19550,8,1,1,1,4.09,5.12,5.12,5.12,29.73,34.59,39.46,42.38,44.33,49.2,42.38,19.48,6.99,75.67,Moderada,-9.251999999999999,-37.89045,0.0,2700102
1300029,130002,Alvarães,AM,Norte,2025,16806,4,1,1,1,2.38,5.95,5.95,5.95,24.9,38.8,52.71,61.05,66.62,80.52,61.05,55.63,19.96,44.36,Alta,-3.6746499999999997,-65.30005,0.0,1300029
1300060,130006,Amaturá,AM,Norte,2025,11533,3,1,1,1,2.6,8.67,8.67,8.67,15.89,31.16,46.44,55.6,61.71,76.99,55.6,61.1,21.92,38.89,Alta,-3.4199,-68.23325,0.0,1300060
1300086,130008,Anamã,AM,Norte,2025,9981,1,1,1,1,1.0,10.02,10.02,10.02,11.65,32.57,53.48,66.03,74.4,95.32,66.03,83.67,30.02,16.32,Alta,-3.4787999999999997,-61.6882,0.0,1300086
1300102,130010,Anori,AM,Norte,2025,18056,5,1,1,1,2.77,5.54,5.54,5.54,27.16,38.85,50.54,57.55,62.23,73.92,57.55,46.76,16.78,53.23,Alta,-4.2123,-62.20315,0.0,1300102
1300144,130014,Apuí,AM,Norte,2025,21781,2,1,1,1,0.92,4.59,4.59,4.59,32.45,48.29,64.14,73.64,79.98,95.82,73.64,63.36,22.74,36.62,Alta,-7.5924,-59.417,0.0,1300144
1300201,130020,Atalaia do Norte,AM,Norte,2025,15889,6,1,1,1,3.78,6.29,6.29,6.29,23.8,31.57,39.35,44.01,47.12,54.89,44.01,31.09,11.16,68.9,Moderada,-5.6676,-71.96285,0.0,1300201
1300300,130030,Autazes,AM,Norte,2025,45960,13,1,1,1,2.83,2.18,2.18,2.18,45.9,52.58,59.26,63.27,65.94,72.63,63.27,26.73,9.59,72.3,Alta,-3.82695,-59.5357,0.0,1300300
1300409,130040,Barcelos,AM,Norte,2025,18210,6,1,1,0,3.29,5.49,5.49,0.0,27.52,36.81,46.1,51.67,55.39,64.67,51.67,37.16,13.33,62.84,Alta,-0.14044999999999996,-63.3809,0.0,1300409
1300508,130050,Barreirinha,AM,Norte,2025,33722,12,1,1,1,3.56,2.97,2.97,2.97,41.86,46.28,50.7,53.35,55.12,59.54,53.35,17.68,6.34,76.61,Alta,-3.13325,-57.1222,0.0,1300508
1300607,130060,Benjamin Constant,AM,Norte,2025,40908,6,1,1,1,1.47,2.44,2.44,2.44,44.68,56.41,68.14,75.18,79.87,91.6,75.18,46.92,16.84,53.07,Muito alta,-5.4981,-70.39025000000001,0.0,1300607
1300631,130063,Beruri,AM,Norte,2025,22495,0,1,1,1,0.0,4.45,4.45,4.45,33.15,49.86,66.57,76.59,83.27,99.98,76.59,66.83,23.98,33.16,Muito alta,-4.541,-61.903499999999994,0.0,1300631
1300680,130068,Boa Vista do Ramos,AM,Norte,2025,26479,3,1,1,1,1.13,3.78,3.78,3.78,37.14,51.44,65.74,74.32,80.04,94.35,74.32,57.21,20.53,42.78,Alta,-3.1605499999999997,-57.71195,0.0,1300680
1300706,130070,Boca do Acre,AM,Norte,2025,38792,5,1,1,1,1.29,2.58,2.58,2.58,43.94,56.27,68.6,75.99,80.92,93.25,75.99,49.31,17.69,50.68,Muito alta,-8.81865,-68.1354,0.0,1300706
1300805,130080,Borba,AM,Norte,2025,34869,9,1,1,1,2.58,2.87,2.87,2.87,42.47,51.17,59.86,65.08,68.56,77.26,65.08,34.79,12.48,65.21,Alta,-5.3347,-59.706599999999995,0.0,1300805
1300839,130083,Caapiranga,AM,Norte,2025,14806,4,1,1,1,2.7,6.75,6.75,6.75,22.33,35.55,48.76,56.69,61.98,75.19,56.69,52.86,18.97,47.13,Alta,-3.05495,-61.8279,0.0,1300839
1300904,130090,Canutama,AM,Norte,2025,18109,3,1,1,1,1.66,5.52,5.52,5.52,27.3,42.91,58.52,67.88,74.12,89.73,67.88,62.43,22.4,37.56,Alta,-7.4558,-64.08515,0.0,1300904
1301001,130100,Carauari,AM,Norte,2025,31130,6,1,1,1,1.93,3.21,3.21,3.21,40.42,52.0,63.57,70.51,75.14,86.72,70.51,46.29,16.61,53.7,Alta,-5.172750000000001,-67.13149999999999,0.0,1301001
1301100,130110,Careiro,AM,Norte,2025,32336,14,1,1,1,4.33,3.09,3.09,3.09,41.05,41.94,42.83,43.36,43.72,44.61,43.36,3.55,1.28,83.16,Moderada,-3.7523,-60.2394,0.0,1301100
1301159,130115,Careiro da Várzea,AM,Norte,2025,20324,0,1,1,1,0.0,4.92,4.92,4.92,30.68,48.0,65.33,75.73,82.66,99.98,75.73,69.31,24.87,30.68,Muito alta,-3.30275,-59.709450000000004,0.0,1301159
1301209,130120,Coari,AM,Norte,2025,73576,15,1,1,1,2.04,1.36,1.36,1.36,49.13,58.24,67.35,72.81,76.46,85.57,72.81,36.44,13.07,63.21,Alta,-4.03495,-64.08185,0.0,1301209
1301308,130130,Codajás,AM,Norte,2025,24572,2,1,1,1,0.81,4.07,4.07,4.07,35.15,50.48,65.81,75.01,81.15,96.48,75.01,61.34,22.01,38.65,Muito alta,-3.11705,-63.099900000000005,0.0,1301308
1301407,130140,Eirunepé,AM,Norte,2025,35793,4,1,1,1,1.12,2.79,2.79,2.79,42.85,55.77,68.69,76.44,81.61,94.53,76.44,51.68,18.54,48.31,Muito alta,-7.0418,-70.35759999999999,0.0,1301407
1301506,130150,Envira,AM,Norte,2025,17985,4,1,1,1,2.22,5.56,5.56,5.56,27.03,41.01,54.99,63.38,68.97,82.95,63.38,55.91,20.06,44.08,Alta,-7.61735,-70.28145,0.0,1301506
1301605,130160,Fonte Boa,AM,Norte,2025,28227,4,1,1,1,1.42,3.54,3.54,3.54,38.61,51.99,65.37,73.4,78.76,92.14,73.4,53.53,19.21,46.46,Alta,-2.5463999999999998,-66.28235,0.0,1301605
1301654,130165,Guajará,AM,Norte,2025,14344,5,1,1,1,3.49,6.97,6.97,6.97,21.16,31.19,41.21,47.23,51.24,61.26,47.23,40.1,14.39,59.89,Moderada,-7.2524999999999995,-72.89445,0.0,1301654
1301704,130170,Humaitá,AM,Norte,2025,63454,15,1,1,1,2.36,1.58,1.58,1.58,48.5,56.57,64.64,69.48,72.71,80.78,69.48,32.27,11.58,66.98,Alta,-7.5127999999999995,-62.6481,0.0,1301704
1301803,130180,Ipixuna,AM,Norte,2025,25629,4,1,1,1,1.56,3.9,3.9,3.9,36.51,50.05,63.6,71.72,77.14,90.68,71.72,54.17,19.44,45.82,Alta,-7.143700000000001,-71.40815,0.0,1301803
1301852,130185,Iranduba,AM,Norte,2025,68862,21,1,1,1,3.05,1.45,1.45,1.45,48.88,53.98,59.09,62.16,64.2,69.31,62.16,20.43,7.33,76.57,Alta,-3.08595,-60.438649999999996,0.0,1301852
1301902,130190,Itacoatiara,AM,Norte,2025,113917,17,1,1,1,1.49,0.88,0.88,0.88,50.55,60.76,70.97,77.09,81.17,91.38,77.09,40.84,14.65,58.92,Muito alta,-3.1353999999999997,-58.783100000000005,0.0,1301902
1301951,130195,Itamarati,AM,Norte,2025,11956,5,1,1,1,4.18,8.36,8.36,8.36,16.59,24.34,32.09,36.74,39.84,47.59,36.74,31.0,11.12,68.99,Moderada,-6.722799999999999,-67.96125,0.0,1301951
1302009,130200,Itapiranga,AM,Norte,2025,10955,5,1,1,1,4.56,9.13,9.13,9.13,14.34,20.75,27.17,31.02,33.58,39.99,31.02,25.65,9.2,73.02,Moderada,-2.5444,-58.5829,0.0,1302009
1302108,130210,Japurá,AM,Norte,2025,9420,4,1,1,1,4.25,10.62,10.62,10.62,10.97,19.83,28.7,34.02,37.57,46.44,34.02,35.47,12.73,64.52,Moderada,-1.3849,-68.02940000000001,0.0,1302108
1302207,130220,Juruá,AM,Norte,2025,11093,2,1,1,1,1.8,9.01,9.01,9.01,14.68,33.03,51.38,62.39,69.73,88.08,62.39,73.4,26.34,26.59,Alta,-3.3738,-66.2268,0.0,1302207
1302306,130230,Jutaí,AM,Norte,2025,28202,2,1,1,1,0.71,3.55,3.55,3.55,38.59,53.19,67.79,76.55,82.39,96.98,76.55,58.39,20.95,41.6,Muito alta,-4.51135,-68.43525,0.0,1302306
1302405,130240,Lábrea,AM,Norte,2025,49469,12,1,1,1,2.43,2.02,2.02,2.02,46.6,54.88,63.16,68.13,71.44,79.72,68.13,33.12,11.88,66.84,Alta,-8.3833,-65.9167,0.0,1302405
1302504,130250,Manacapuru,AM,Norte,2025,111751,21,1,1,1,1.88,0.89,0.89,0.89,50.51,59.65,68.78,74.27,77.92,87.06,74.27,36.55,13.11,62.66,Alta,-3.28125,-60.89705,0.0,1302504
1302553,130255,Manaquiri,AM,Norte,2025,16211,3,1,1,1,1.85,6.17,6.17,6.17,24.16,39.97,55.77,65.25,71.58,87.38,65.25,63.22,22.68,36.77,Alta,-3.74355,-60.6731,0.0,1302553
1302603,130260,Manaus,AM,Norte,2025,2303732,256,62,58,17,1.11,2.69,2.52,0.74,43.39,56.18,68.97,76.65,81.77,94.56,76.65,51.18,18.36,48.82,Muito alta,-2.5858,-59.999,0.0,1302603
1302702,130270,Manicoré,AM,Norte,2025,58018,13,2,2,1,2.24,3.45,3.45,1.72,39.17,50.04,60.9,67.43,71.77,82.64,67.43,43.48,15.6,56.52,Alta,-6.7874,-61.6898,0.0,1302702
1302801,130280,Maraã,AM,Norte,2025,15815,5,1,1,1,3.16,6.32,6.32,6.32,23.66,34.54,45.43,51.96,56.32,67.21,51.96,43.55,15.63,56.45,Alta,-2.6127000000000002,-64.8938,0.0,1302801
1302900,130290,Maués,AM,Norte,2025,66336,8,1,1,1,1.21,1.51,1.51,1.51,48.7,59.96,71.23,77.98,82.49,93.75,77.98,45.05,16.17,54.94,Muito alta,-5.24185,-57.9166,0.0,1302900
1303007,130300,Nhamundá,AM,Norte,2025,21251,5,1,1,1,2.35,4.71,4.71,4.71,31.68,44.0,56.31,63.7,68.62,80.94,63.7,49.26,17.67,50.74,Alta,-1.0813,-57.680499999999995,0.0,1303007
1303106,130310,Nova Olinda do Norte,AM,Norte,2025,28123,7,1,1,1,2.49,3.56,3.56,3.56,38.5,48.5,58.5,64.5,68.5,78.5,64.5,39.99,14.35,60.0,Alta,-4.0273,-58.6639,0.0,1303106
1303205,130320,Novo Airão,AM,Norte,2025,16562,5,1,1,1,3.02,6.04,6.04,6.04,24.56,35.85,47.15,53.92,58.44,69.74,53.92,45.18,16.21,54.81,Alta,-1.80335,-62.173,0.0,1303205
1303304,130330,Novo Aripuanã,AM,Norte,2025,25325,8,1,1,1,3.16,3.95,3.95,3.95,36.19,43.95,51.71,56.37,59.48,67.24,56.37,31.05,11.14,68.94,Alta,-6.8334,-60.5115,0.0,1303304
1303403,130340,Parintins,AM,Norte,2025,101855,19,2,2,2,1.87,1.96,1.96,1.96,46.89,56.98,67.07,73.13,77.16,87.26,73.13,40.37,14.49,59.62,Alta,-2.7876000000000003,-56.9091,0.0,1303403
1303502,130350,Pauini,AM,Norte,2025,20229,4,1,1,1,1.98,4.94,4.94,4.94,30.59,44.48,58.37,66.71,72.27,86.16,66.71,55.57,19.94,44.42,Alta,-7.764899999999999,-68.08365,0.0,1303502
1303536,130353,Presidente Figueiredo,AM,Norte,2025,33291,23,1,1,1,6.91,3.0,3.0,3.0,41.61,33.69,25.78,21.03,17.86,9.94,21.03,31.66,11.36,64.7,Baixa,-1.2233,-60.022800000000004,0.0,1303536
1303569,130356,Rio Preto da Eva,AM,Norte,2025,25364,9,1,1,1,3.55,3.94,3.94,3.94,36.22,42.12,48.02,51.55,53.91,59.81,51.55,23.59,8.46,72.84,Alta,-2.5117000000000003,-59.60125,0.0,1303569
1303601,130360,Santa Isabel do Rio Negro,AM,Norte,2025,13947,4,1,1,1,2.87,7.17,7.17,7.17,19.82,32.86,45.9,53.72,58.94,71.98,53.72,52.16,18.72,47.83,Alta,-0.25995,-65.8077,0.0,1303601
1303700,130370,Santo Antônio do Içá,AM,Norte,2025,30679,6,2,2,1,1.96,6.52,6.52,3.26,23.14,38.97,54.81,64.31,70.65,86.48,64.31,63.35,22.73,36.64,Alta,-3.083,-68.7963,0.0,1303700
1304005,130400,Silves,AM,Norte,2025,12619,6,1,1,1,4.75,7.92,7.92,7.92,17.68,22.35,27.01,29.82,31.68,36.35,29.82,18.67,6.7,78.13,Moderada,-2.85135,-58.5766,0.0,1304005
1303809,130380,São Gabriel da Cachoeira,AM,Norte,2025,57396,5,3,1,2,0.87,5.23,1.74,3.48,29.06,45.83,62.59,72.65,79.36,96.12,72.65,67.06,24.06,32.93,Alta,0.3580500000000001,-67.9676,0.0,1303809
1303908,130390,São Paulo de Olivença,AM,Norte,2025,35442,6,1,1,1,1.69,2.82,2.82,2.82,42.7,54.37,66.03,73.03,77.69,89.36,73.03,46.65,16.74,53.34,Alta,-4.7305,-69.53505000000001,0.0,1303908
1303957,130395,São Sebastião do Uatumã,AM,Norte,2025,12338,4,1,1,1,3.24,8.11,8.11,8.11,17.12,29.25,41.38,48.66,53.51,65.64,48.66,48.52,17.41,51.47,Moderada,-1.89395,-58.64385,0.0,1303957
1304062,130406,Tabatinga,AM,Norte,2025,73348,8,4,4,2,1.09,5.45,5.45,2.73,27.84,44.55,61.25,71.28,77.96,94.67,71.28,66.83,23.98,33.16,Alta,-4.02925,-69.67175,0.0,1304062
1304104,130410,Tapauá,AM,Norte,2025,20728,6,0,0,0,2.89,0.0,0.0,0.0,99.98,92.86,85.75,81.48,78.63,71.51,81.48,28.47,10.22,71.53,Muito alta,-6.025399999999999,-64.95,185.52,1300904
1304203,130420,Tefé,AM,Norte,2025,80137,9,2,2,2,1.12,2.5,2.5,2.5,44.43,56.94,69.45,76.96,81.96,94.47,76.96,50.04,17.96,49.95,Muito alta,-4.41155,-65.52260000000001,0.0,1304203
1304237,130423,Tonantins,AM,Norte,2025,20257,4,1,1,1,1.97,4.94,4.94,4.94,30.6,44.51,58.42,66.76,72.33,86.23,66.76,55.63,19.96,44.36,Alta,-2.5736999999999997,-67.9168,0.0,1304237
1304260,130426,Uarini,AM,Norte,2025,15640,3,1,1,1,1.92,6.39,6.39,6.39,23.41,39.25,55.09,64.59,70.93,86.77,64.59,63.36,22.74,36.62,Alta,-3.2117500000000003,-65.35565,0.0,1304260
1304302,130430,Urucará,AM,Norte,2025,19617,5,1,1,1,2.55,5.1,5.1,5.1,29.87,41.83,53.8,60.97,65.76,77.72,60.97,47.85,17.17,52.14,Alta,-1.2473,-58.783950000000004,0.0,1304302
1304401,130440,Urucurituba,AM,Norte,2025,25965,5,2,2,2,1.93,7.7,7.7,7.7,18.27,35.39,52.5,62.77,69.62,86.73,62.77,68.46,24.57,31.53,Alta,-2.83535,-57.740899999999996,0.0,1304401
1600105,160010,Amapá,AP,Norte,2025,8440,8,1,0,1,9.48,11.85,0.0,11.85,9.26,7.68,6.1,5.16,4.52,2.94,5.16,6.32,2.27,91.67,Baixa,1.67775,-50.767399999999995,0.0,1600105
1600204,160020,Calçoene,AP,Norte,2025,11461,6,1,1,1,5.24,8.73,8.73,8.73,15.72,18.74,21.76,23.56,24.77,27.79,23.56,12.06,4.33,82.21,Baixa,2.61525,-51.37455,0.0,1600204
1600212,160021,Cutias,AP,Norte,2025,4723,3,0,0,0,6.35,0.0,0.0,0.0,99.98,78.47,56.96,44.05,35.44,13.93,44.05,86.05,30.88,13.93,Moderada,1.0664500000000001,-50.50945,56.45,1600709
1600238,160023,Ferreira Gomes,AP,Norte,2025,7184,6,1,0,1,8.35,13.92,0.0,13.92,7.09,6.61,6.14,5.85,5.66,5.19,5.85,1.9,0.68,94.17,Baixa,0.8735,-51.44785,0.0,1600238
1600253,160025,Itaubal,AP,Norte,2025,6097,7,0,0,0,11.48,0.0,0.0,0.0,99.98,75.24,50.49,35.65,25.75,1.01,35.65,98.98,35.51,1.01,Moderada,0.4894,-50.667699999999996,9.4,1600303
1600279,160027,Laranjal do Jari,AP,Norte,2025,37872,10,1,1,1,2.64,2.64,2.64,2.64,43.65,51.81,59.96,64.85,68.12,76.27,64.85,32.62,11.7,67.38,Alta,0.7744,-53.40515,0.0,1600279
1600303,160030,Macapá,AP,Norte,2025,489676,40,12,10,5,0.82,2.45,2.04,1.02,44.62,57.58,70.53,78.31,83.49,96.45,78.31,51.82,18.59,48.17,Muito alta,0.5714,-50.6881,0.0,1600303
1600402,160040,Mazagão,AP,Norte,2025,23773,10,1,0,1,4.21,4.21,0.0,4.21,34.16,37.37,40.59,42.51,43.8,47.01,42.51,12.85,4.61,78.73,Moderada,-0.039600000000000024,-51.98055,0.0,1600402
1600501,160050,Oiapoque,AP,Norte,2025,30786,7,1,1,1,2.27,3.25,3.25,3.25,40.24,50.76,61.27,67.58,71.79,82.3,67.58,42.06,15.09,57.94,Alta,3.2277,-52.215,0.0,1600501
1600154,160015,Pedra Branca do Amapari,AP,Norte,2025,13888,11,1,0,1,7.92,7.2,0.0,7.2,19.57,16.2,12.83,10.81,9.47,6.1,10.81,13.46,4.83,82.93,Baixa,1.22865,-52.3817,0.0,1600154
1600535,160053,Porto Grande,AP,Norte,2025,19048,8,1,1,1,4.2,5.25,5.25,5.25,28.9,33.46,38.02,40.75,42.58,47.14,40.75,18.24,6.54,76.43,Moderada,0.60565,-51.69605,0.0,1600535
1600550,160055,Pracuúba,AP,Norte,2025,4048,3,0,0,0,7.41,0.0,0.0,0.0,99.98,76.93,53.87,40.03,30.81,7.75,40.03,92.23,33.09,7.76,Moderada,1.60545,-51.2632,47.28,1600709
1600600,160060,Santana,AP,Norte,2025,118803,17,2,2,1,1.43,1.68,1.68,0.84,48.11,59.08,70.05,76.63,81.02,91.99,76.63,43.89,15.75,56.1,Muito alta,0.17545,-51.339200000000005,0.0,1600600
1600055,160005,Serra do Navio,AP,Norte,2025,5003,7,1,1,1,13.99,19.99,19.99,19.99,3.2,2.48,1.77,1.34,1.05,0.34,1.34,2.85,1.02,96.93,Baixa,1.64225,-52.341499999999996,0.0,1600055
1600709,160070,Tartarugalzinho,AP,Norte,2025,13816,9,1,1,1,6.51,7.24,7.24,7.24,19.44,17.76,16.08,15.08,14.4,12.73,15.08,6.71,2.41,85.28,Baixa,1.3156999999999999,-50.95185,0.0,1600709
1600808,160080,Vitória do Jari,AP,Norte,2025,11899,6,1,0,1,5.04,8.4,0.0,8.4,16.48,20.05,23.62,25.77,27.19,30.77,25.77,14.29,5.13,80.7,Moderada,-1.01575,-52.069500000000005,0.0,1600808
2900207,290020,Abaré,BA,Nordeste,2025,18269,8,1,1,1,4.38,5.47,5.47,5.47,27.71,31.66,35.61,37.98,39.56,43.51,37.98,15.8,5.67,78.29,Moderada,-8.8524,-39.27805,0.0,2900207
2900108,290010,Abaíra,BA,Nordeste,2025,7407,5,1,0,1,6.75,13.5,0.0,13.5,7.4,8.29,9.19,9.73,10.09,10.99,9.73,3.59,1.29,91.65,Baixa,-13.29665,-41.754450000000006,0.0,2900108
2900306,290030,Acajutiba,BA,Nordeste,2025,14200,7,1,0,0,4.93,7.04,0.0,0.0,20.66,23.71,26.75,28.58,29.8,32.85,28.58,12.19,4.37,81.33,Moderada,-11.67855,-37.996849999999995,0.0,2900306
2900355,290035,Adustina,BA,Nordeste,2025,14510,7,1,0,1,4.82,6.89,0.0,6.89,21.7,24.98,28.26,30.23,31.54,34.82,30.23,13.12,4.71,80.7,Moderada,-10.57625,-38.0289,0.0,2900355
2900603,290060,Aiquara,BA,Nordeste,2025,4583,2,0,0,0,4.36,0.0,0.0,0.0,99.98,85.94,71.9,63.47,57.86,43.82,63.47,56.17,20.15,43.82,Alta,-14.097850000000001,-39.8748,13.58,2918308
2900702,290070,Alagoinhas,BA,Nordeste,2025,161196,40,14,10,3,2.48,8.69,6.2,1.86,15.83,31.52,47.21,56.62,62.9,78.59,56.62,62.75,22.52,37.24,Alta,-12.1081,-38.42985,0.0,2900702
2900801,290080,Alcobaça,BA,Nordeste,2025,25601,11,1,1,1,4.3,3.91,3.91,3.91,36.49,38.68,40.87,42.19,43.06,45.25,42.19,8.76,3.14,80.83,Moderada,-17.4716,-39.38475,0.0,2900801
2900900,290090,Almadina,BA,Nordeste,2025,5296,3,0,0,0,5.66,0.0,0.0,0.0,99.98,80.34,60.7,48.91,41.06,21.41,48.91,78.57,28.19,21.42,Moderada,-14.6952,-39.661249999999995,5.49,2908002
2901007,290100,Amargosa,BA,Nordeste,2025,38585,11,1,1,1,2.85,2.59,2.59,2.59,43.89,50.99,58.1,62.36,65.2,72.3,62.36,28.42,10.2,71.44,Alta,-13.033249999999999,-39.635549999999995,0.0,2901007
2901106,290110,Amélia Rodrigues,BA,Nordeste,2025,24830,12,1,0,1,4.83,4.03,0.0,4.03,35.43,35.21,34.99,34.86,34.77,34.55,34.86,0.88,0.32,83.32,Moderada,-12.438649999999999,-38.725899999999996,0.0,2901106
2901155,290115,América Dourada,BA,Nordeste,2025,15572,14,1,1,1,8.99,6.42,6.42,6.42,23.34,18.44,13.55,10.62,8.66,3.77,10.62,19.57,7.02,78.82,Baixa,-11.3987,-41.5281,0.0,2901155
2901205,290120,Anagé,BA,Nordeste,2025,26745,10,1,1,1,3.74,3.74,3.74,3.74,37.43,42.0,46.57,49.32,51.14,55.72,49.32,18.29,6.56,75.4,Moderada,-14.6082,-40.9185,0.0,2901205
2901304,290130,Andaraí,BA,Nordeste,2025,13545,5,1,1,1,3.69,7.38,7.38,7.38,19.05,28.46,37.87,43.52,47.29,56.7,43.52,37.66,13.51,62.33,Moderada,-12.79405,-41.2014,0.0,2901304
2901353,290135,Andorinha,BA,Nordeste,2025,15491,7,1,0,0,4.52,6.46,0.0,0.0,23.23,27.61,31.99,34.61,36.37,40.75,34.61,17.52,6.29,77.74,Moderada,-10.2458,-39.8859,0.0,2901353
2901403,290140,Angical,BA,Nordeste,2025,14178,5,1,0,1,3.53,7.05,0.0,7.05,20.57,30.49,40.41,46.37,50.34,60.26,46.37,39.69,14.24,60.31,Moderada,-11.9585,-44.637299999999996,0.0,2901403
2901502,290150,Anguera,BA,Nordeste,2025,11490,7,1,0,1,6.09,8.7,0.0,8.7,15.81,15.98,16.14,16.23,16.3,16.46,16.23,0.65,0.23,89.01,Baixa,-12.17985,-39.1814,0.0,2901502
2901601,290160,Antas,BA,Nordeste,2025,14984,2,2,2,1,1.33,13.35,13.35,6.67,7.52,28.88,50.23,63.05,71.59,92.95,63.05,85.42,30.65,14.56,Alta,-10.3947,-38.2842,0.0,2901601
2901700,290170,Antônio Cardoso,BA,Nordeste,2025,11498,5,0,0,0,4.35,0.0,0.0,0.0,99.98,86.02,72.06,63.68,58.1,44.14,63.68,55.84,20.04,44.15,Alta,-12.384350000000001,-39.14895,14.35,2928802
2901809,290180,Antônio Gonçalves,BA,Nordeste,2025,11248,6,0,0,0,5.33,0.0,0.0,0.0,99.98,81.57,63.17,52.12,44.76,26.35,52.12,73.63,26.42,26.36,Alta,-10.6068,-40.355000000000004,12.5,2924603
2901908,290190,Aporá,BA,Nordeste,2025,16361,7,1,0,0,4.28,6.11,0.0,0.0,24.36,29.7,35.05,38.25,40.39,45.74,38.25,21.38,7.67,75.73,Moderada,-11.7485,-38.1796,0.0,2901908
2901957,290195,Apuarema,BA,Nordeste,2025,7101,6,0,0,0,8.45,0.0,0.0,0.0,99.98,76.23,52.49,38.24,28.74,4.99,38.24,94.99,34.08,4.99,Moderada,-13.81195,-39.7649,21.38,2918308
2902005,290200,Aracatu,BA,Nordeste,2025,14440,7,1,1,1,4.85,6.93,6.93,6.93,21.5,24.7,27.89,29.81,31.09,34.28,29.81,12.78,4.59,80.9,Moderada,-14.330200000000001,-41.35355,0.0,2902005
2902104,290210,Araci,BA,Nordeste,2025,50308,25,1,1,1,4.97,1.99,1.99,1.99,46.78,43.11,39.45,37.25,35.78,32.11,37.25,14.67,5.26,76.14,Moderada,-11.24035,-39.0424,0.0,2902104
2902203,290220,Aramari,BA,Nordeste,2025,10106,4,0,0,0,3.96,0.0,0.0,0.0,99.98,87.88,75.79,68.53,63.69,51.59,68.53,48.39,17.36,51.6,Alta,-12.0635,-38.5325,12.21,2900702
2902252,290225,Arataca,BA,Nordeste,2025,10433,5,0,0,0,4.79,0.0,0.0,0.0,99.98,83.84,67.69,58.0,51.54,35.4,58.0,64.58,23.17,35.4,Alta,-15.23285,-39.4386,11.25,2918555
2902302,290230,Aratuípe,BA,Nordeste,2025,8993,4,0,0,0,4.45,0.0,0.0,0.0,99.98,85.5,71.01,62.32,56.52,42.04,62.32,57.94,20.79,42.05,Alta,-13.090800000000002,-39.0792,17.27,2928703
2902054,290205,Araçás,BA,Nordeste,2025,11953,4,1,1,1,3.35,8.37,8.37,8.37,16.57,28.33,40.1,47.16,51.87,63.63,47.16,47.07,16.89,52.93,Moderada,-12.14655,-38.216350000000006,0.0,2902054
2902401,290240,Aurelino Leal,BA,Nordeste,2025,11339,8,1,1,1,7.06,8.82,8.82,8.82,15.33,13.79,12.25,11.33,10.71,9.17,11.33,6.16,2.21,87.7,Baixa,-14.3737,-39.4937,0.0,2902401
2902500,290250,Baianópolis,BA,Nordeste,2025,14138,6,1,1,1,4.24,7.07,7.07,7.07,20.46,26.97,33.48,37.38,39.98,46.49,37.38,26.03,9.34,73.27,Moderada,-12.670300000000001,-44.4465,0.0,2902500
2902609,290260,Baixa Grande,BA,Nordeste,2025,18628,6,1,1,1,3.22,5.37,5.37,5.37,28.11,37.58,47.05,52.73,56.52,65.98,52.73,37.87,13.59,62.12,Alta,-11.981649999999998,-40.158249999999995,0.0,2902609
2902658,290265,Banzaê,BA,Nordeste,2025,12288,7,0,0,0,5.7,0.0,0.0,0.0,99.98,80.23,60.47,48.62,40.72,20.97,48.62,79.02,28.35,20.97,Moderada,-10.605799999999999,-38.66075,22.85,2926608
2902708,290270,Barra,BA,Nordeste,2025,53642,2,2,2,2,0.37,3.73,3.73,3.73,37.53,52.67,67.82,76.9,82.96,98.1,76.9,60.56,21.73,39.43,Muito alta,-11.08425,-43.322199999999995,0.0,2902708
2902807,290280,Barra da Estiva,BA,Nordeste,2025,27743,9,1,1,1,3.24,3.6,3.6,3.6,38.23,45.06,51.89,55.99,58.72,65.55,55.99,27.32,9.8,72.68,Alta,-13.6806,-41.10105,0.0,2902807
2902906,290290,Barra do Choça,BA,Nordeste,2025,38581,11,1,1,1,2.85,2.59,2.59,2.59,43.87,50.97,58.08,62.34,65.18,72.29,62.34,28.42,10.2,71.44,Alta,-14.9164,-40.57455,0.0,2902906
2903003,290300,Barra do Mendes,BA,Nordeste,2025,14376,6,1,1,1,4.17,6.96,6.96,6.96,21.27,27.87,34.47,38.43,41.07,47.68,38.43,26.4,9.47,73.14,Moderada,-12.002749999999999,-42.1525,0.0,2903003
2903102,290310,Barra do Rocha,BA,Nordeste,2025,5898,3,0,0,0,5.09,0.0,0.0,0.0,99.98,82.52,65.05,54.57,47.59,30.12,54.57,69.86,25.07,30.13,Alta,-14.0882,-39.59375,7.12,2932309
2903201,290320,Barreiras,BA,Nordeste,2025,171634,53,9,8,6,3.09,5.24,4.66,3.5,28.94,38.85,48.77,54.72,58.69,68.61,54.72,39.67,14.23,60.32,Alta,-12.015550000000001,-45.50085,0.0,2903201
2903235,290323,Barro Alto,BA,Nordeste,2025,13922,6,1,1,1,4.31,7.18,7.18,7.18,19.67,26.0,32.33,36.12,38.66,44.98,36.12,25.31,9.08,73.52,Moderada,-11.850449999999999,-41.8507,0.0,2903235
2903300,290330,Barro Preto,BA,Nordeste,2025,5936,5,1,1,1,8.42,16.85,16.85,16.85,4.88,4.92,4.96,4.99,5.0,5.04,4.99,0.16,0.06,95.92,Baixa,-14.7771,-39.4486,0.0,2903300
2903276,290327,Barrocas,BA,Nordeste,2025,15780,8,1,0,1,5.07,6.34,0.0,6.34,23.59,25.27,26.96,27.97,28.65,30.34,27.97,6.75,2.42,83.2,Moderada,-11.52685,-39.0898,0.0,2903276
2903409,290340,Belmonte,BA,Nordeste,2025,20527,11,1,1,1,5.36,4.87,4.87,4.87,30.98,29.69,28.41,27.63,27.12,25.83,27.63,5.15,1.85,82.14,Moderada,-15.94945,-39.2127,0.0,2903409
2903508,290350,Belo Campo,BA,Nordeste,2025,19074,6,1,1,1,3.15,5.24,5.24,5.24,28.95,38.58,48.2,53.98,57.83,67.46,53.98,38.5,13.82,61.49,Alta,-14.96075,-41.2106,0.0,2903508
2903607,290360,Biritinga,BA,Nordeste,2025,15603,9,1,0,0,5.77,6.41,0.0,0.0,23.35,22.49,21.63,21.11,20.77,19.91,21.11,3.45,1.24,84.54,Baixa,-11.56905,-38.7809,0.0,2903607
2903706,290370,Boa Nova,BA,Nordeste,2025,14008,9,0,0,0,6.42,0.0,0.0,0.0,99.98,78.3,56.62,43.62,34.94,13.27,43.62,86.72,31.12,13.27,Moderada,-14.37245,-40.2729,27.13,2925105
2903805,290380,Boa Vista do Tupim,BA,Nordeste,2025,17262,10,1,1,1,5.79,5.79,5.79,5.79,25.54,24.06,22.58,21.69,21.1,19.62,21.69,5.92,2.13,82.57,Baixa,-12.74095,-40.689350000000005,0.0,2903805
2903904,290390,Bom Jesus da Lapa,BA,Nordeste,2025,68866,26,2,2,2,3.78,2.9,2.9,2.9,42.2,45.38,48.56,50.46,51.73,54.91,50.46,12.71,4.56,78.19,Alta,-13.2835,-43.309349999999995,0.0,2903904
2903953,290395,Bom Jesus da Serra,BA,Nordeste,2025,10018,5,1,1,1,4.99,9.98,9.98,9.98,11.72,16.73,21.74,24.74,26.75,31.75,24.74,20.03,7.19,77.47,Baixa,-14.38115,-40.559799999999996,0.0,2903953
2904001,290400,Boninal,BA,Nordeste,2025,14125,6,1,1,1,4.25,7.08,7.08,7.08,20.41,26.91,33.41,37.32,39.92,46.42,37.32,26.01,9.33,73.21,Moderada,-12.82625,-41.81835,0.0,2904001
2904050,290405,Bonito,BA,Nordeste,2025,16425,9,1,0,1,5.48,6.09,0.0,6.09,24.43,24.36,24.3,24.26,24.23,24.16,24.26,0.27,0.1,85.94,Baixa,-11.969999999999999,-41.3227,0.0,2904050
2904100,290410,Boquira,BA,Nordeste,2025,19782,8,1,1,0,4.04,5.06,5.06,0.0,30.01,35.03,40.05,43.06,45.06,50.08,43.06,20.07,7.2,75.22,Moderada,-12.72515,-42.71645,0.0,2904100
2904209,290420,Botuporã,BA,Nordeste,2025,11427,8,1,1,1,7.0,8.75,8.75,8.75,15.58,14.07,12.57,11.66,11.06,9.55,11.66,6.03,2.16,87.7,Baixa,-13.321349999999999,-42.54415,0.0,2904209
2904407,290440,Brejolândia,BA,Nordeste,2025,9363,5,1,0,1,5.34,10.68,0.0,10.68,10.81,14.67,18.52,20.84,22.38,26.24,20.84,15.44,5.54,81.18,Baixa,-12.47155,-43.77725,0.0,2904407
2904308,290430,Brejões,BA,Nordeste,2025,13224,7,1,1,1,5.29,7.56,7.56,7.56,18.56,20.66,22.75,24.01,24.85,26.94,24.01,8.38,3.01,83.75,Baixa,-13.069500000000001,-39.8354,0.0,2904308
2904506,290450,Brotas de Macaúbas,BA,Nordeste,2025,12180,5,1,1,1,4.11,8.21,8.21,8.21,16.94,24.96,32.97,37.77,40.98,48.99,37.77,32.04,11.5,67.95,Moderada,-12.094149999999999,-42.475049999999996,0.0,2904506
2904605,290460,Brumado,BA,Nordeste,2025,74368,16,3,3,2,2.15,4.03,4.03,2.69,35.38,47.53,59.68,66.98,71.84,83.99,66.98,48.61,17.44,51.38,Alta,-14.21285,-41.7027,0.0,2904605
2904704,290470,Buerarema,BA,Nordeste,2025,14950,9,0,0,0,6.02,0.0,0.0,0.0,99.98,79.29,58.61,46.19,37.92,17.23,46.19,82.75,29.69,17.24,Moderada,-14.99405,-39.264799999999994,15.35,2914802
2904753,290475,Buritirama,BA,Nordeste,2025,20221,6,1,1,1,2.97,4.95,4.95,4.95,30.57,40.59,50.6,56.61,60.62,70.63,56.61,40.06,14.38,59.93,Alta,-10.571950000000001,-43.72735,0.0,2904753
2904803,290480,Caatiba,BA,Nordeste,2025,6128,5,1,0,1,8.16,16.32,0.0,16.32,5.3,5.41,5.52,5.59,5.63,5.74,5.59,0.45,0.16,95.4,Baixa,-14.97825,-40.3447,0.0,2904803
2904852,290485,Cabaceiras do Paraguaçu,BA,Nordeste,2025,17024,10,0,0,0,5.87,0.0,0.0,0.0,99.98,79.68,59.39,47.21,39.09,18.79,47.21,81.19,29.13,18.8,Moderada,-12.57545,-39.188199999999995,13.28,2922300
2904902,290490,Cachoeira,BA,Nordeste,2025,30498,13,1,1,1,4.26,3.28,3.28,3.28,40.03,41.53,43.04,43.94,44.54,46.04,43.94,6.01,2.16,81.83,Moderada,-12.6785,-38.9016,0.0,2904902
2905008,290500,Caculé,BA,Nordeste,2025,23293,9,2,1,1,3.86,8.59,4.29,4.29,16.14,25.39,34.63,40.18,43.88,53.13,40.18,37.0,13.27,63.0,Moderada,-14.491499999999998,-42.33735,0.0,2905008
2905156,290515,Caetanos,BA,Nordeste,2025,11432,9,0,0,0,7.87,0.0,0.0,0.0,99.98,76.54,53.1,39.03,29.65,6.21,39.03,93.77,33.65,6.21,Moderada,-14.303049999999999,-40.9036,33.97,2901205
2905206,290520,Caetité,BA,Nordeste,2025,54730,15,3,2,1,2.74,5.48,3.65,1.83,27.63,39.32,51.02,58.04,62.72,74.42,58.04,46.8,16.79,53.2,Alta,-13.9862,-42.475899999999996,0.0,2905206
2905305,290530,Cafarnaum,BA,Nordeste,2025,18057,12,1,1,1,6.65,5.54,5.54,5.54,27.19,23.35,19.5,17.2,15.66,11.81,17.2,15.38,5.52,78.11,Baixa,-11.71355,-41.493300000000005,0.0,2905305
2905404,290540,Cairu,BA,Nordeste,2025,18578,10,0,0,0,5.38,0.0,0.0,0.0,99.98,81.37,62.75,51.58,44.14,25.53,51.58,74.46,26.72,25.53,Alta,-13.5221,-38.9928,24.92,2931202
2905503,290550,Caldeirão Grande,BA,Nordeste,2025,13597,5,1,1,1,3.68,7.35,7.35,7.35,19.13,28.62,38.1,43.79,47.58,57.06,43.79,37.93,13.61,62.06,Moderada,-11.0366,-40.18985,0.0,2905503
2905602,290560,Camacan,BA,Nordeste,2025,22485,13,1,1,1,5.78,4.45,4.45,4.45,33.14,29.79,26.44,24.43,23.09,19.75,24.43,13.39,4.8,76.46,Baixa,-15.44375,-39.50235000000001,0.0,2905602
2905800,290580,Camamu,BA,Nordeste,2025,31694,19,1,0,1,5.99,3.16,0.0,3.16,40.59,34.8,29.02,25.55,23.23,17.45,25.55,23.14,8.3,69.1,Moderada,-13.9985,-39.15355,0.0,2905800
2905701,290570,Camaçari,BA,Nordeste,2025,321636,45,14,12,1,1.4,4.35,3.73,0.31,33.57,48.26,62.95,71.77,77.64,92.34,71.77,58.77,21.09,41.22,Alta,-12.666899999999998,-38.203,0.0,2905701
2905909,290590,Campo Alegre de Lourdes,BA,Nordeste,2025,32500,10,1,1,1,3.08,3.08,3.08,3.08,41.16,48.07,54.97,59.12,61.88,68.78,59.12,27.63,9.91,72.37,Alta,-9.5465,-43.14805,0.0,2905909
2906006,290600,Campo Formoso,BA,Nordeste,2025,75112,8,1,1,1,1.07,1.33,1.33,1.33,49.26,60.65,72.05,78.89,83.45,94.85,78.89,45.59,16.36,54.4,Muito alta,-10.274000000000001,-40.7526,0.0,2906006
2906204,290620,Canarana,BA,Nordeste,2025,25007,14,1,1,1,5.6,4.0,4.0,4.0,35.79,32.44,29.09,27.08,25.74,22.38,27.08,13.41,4.81,76.21,Moderada,-11.766449999999999,-41.725049999999996,0.0,2906204
2906303,290630,Canavieiras,BA,Nordeste,2025,34392,12,2,2,2,3.49,5.82,5.82,5.82,25.4,34.34,43.28,48.64,52.22,61.16,48.64,35.76,12.83,64.24,Moderada,-15.617650000000001,-39.13075,0.0,2906303
2906402,290640,Candeal,BA,Nordeste,2025,7940,4,1,0,1,5.04,12.59,0.0,12.59,8.38,14.0,19.62,22.99,25.24,30.86,22.99,22.47,8.06,76.0,Baixa,-11.8795,-39.18415,0.0,2906402
2906501,290650,Candeias,BA,Nordeste,2025,74854,30,4,4,1,4.01,5.34,5.34,1.34,28.25,33.88,39.5,42.87,45.12,50.74,42.87,22.49,8.07,74.15,Moderada,-12.692,-38.47695,0.0,2906501
2906600,290660,Candiba,BA,Nordeste,2025,13417,7,1,1,1,5.22,7.45,7.45,7.45,18.81,21.14,23.46,24.86,25.79,28.11,24.86,9.3,3.34,83.27,Baixa,-14.42905,-42.83215,0.0,2906600
2906808,290680,Cansanção,BA,Nordeste,2025,39725,16,1,1,1,4.03,2.52,2.52,2.52,44.28,45.81,47.34,48.26,48.87,50.4,48.26,6.12,2.2,81.54,Moderada,-10.7685,-39.4895,0.0,2906808
2906824,290682,Canudos,BA,Nordeste,2025,16693,7,1,1,1,4.19,5.99,5.99,5.99,24.77,30.41,36.04,39.43,41.68,47.32,39.43,22.55,8.09,74.88,Moderada,-10.0031,-38.921850000000006,0.0,2906824
2906105,290610,Canápolis,BA,Nordeste,2025,10641,5,1,1,1,4.7,9.4,9.4,9.4,13.21,19.27,25.33,28.96,31.39,37.44,28.96,24.23,8.7,74.0,Moderada,-13.099599999999999,-44.21985,0.0,2906105
2906857,290685,Capela do Alto Alegre,BA,Nordeste,2025,11035,7,1,0,1,6.34,9.06,0.0,9.06,14.52,14.39,14.25,14.17,14.12,13.98,14.17,0.54,0.19,90.13,Baixa,-11.65815,-39.82985,0.0,2906857
2906873,290687,Capim Grosso,BA,Nordeste,2025,35437,8,1,1,1,2.26,2.82,2.82,2.82,42.69,52.64,62.59,68.56,72.55,82.5,68.56,39.81,14.29,60.18,Alta,-11.2953,-40.003299999999996,0.0,2906873
2906907,290690,Caravelas,BA,Nordeste,2025,21384,10,1,1,1,4.68,4.68,4.68,4.68,31.92,33.41,34.9,35.8,36.4,37.89,35.8,5.98,2.14,82.37,Moderada,-17.6331,-39.697100000000006,0.0,2906907
2906899,290689,Caraíbas,BA,Nordeste,2025,10259,6,0,0,0,5.85,0.0,0.0,0.0,99.98,79.75,59.52,47.38,39.29,19.06,47.38,80.92,29.04,19.07,Moderada,-14.6335,-41.2592,35.22,2902005
2907004,290700,Cardeal da Silva,BA,Nordeste,2025,8633,4,1,0,1,4.63,11.58,0.0,11.58,9.62,16.85,24.08,28.42,31.31,38.54,28.42,28.92,10.38,70.77,Moderada,-12.0457,-37.944,0.0,2907004
2907103,290710,Carinhanha,BA,Nordeste,2025,30439,9,1,1,1,2.96,3.29,3.29,3.29,39.99,47.67,55.35,59.96,63.03,70.71,59.96,30.71,11.02,69.28,Alta,-14.0238,-43.84895,0.0,2907103
2907202,290720,Casa Nova,BA,Nordeste,2025,76131,17,1,1,1,2.23,1.31,1.31,1.31,49.33,57.68,66.04,71.05,74.39,82.75,71.05,33.42,11.99,65.76,Alta,-9.23635,-41.286500000000004,0.0,2907202
2907301,290730,Castro Alves,BA,Nordeste,2025,25470,10,1,1,1,3.93,3.93,3.93,3.93,36.35,40.32,44.28,46.66,48.25,52.22,46.66,15.87,5.69,76.93,Moderada,-12.724350000000001,-39.3643,0.0,2907301
2907400,290740,Catolândia,BA,Nordeste,2025,3567,2,0,0,0,5.61,0.0,0.0,0.0,99.98,80.54,61.1,49.44,41.66,22.22,49.44,77.76,27.9,22.23,Moderada,-12.27645,-44.6967,35.94,2901403
2907509,290750,Catu,BA,Nordeste,2025,50109,16,4,3,2,3.19,7.98,5.99,3.99,17.56,29.82,42.08,49.43,54.33,66.59,49.43,49.04,17.6,50.95,Moderada,-12.331050000000001,-38.405950000000004,0.0,2907509
2907558,290755,Caturama,BA,Nordeste,2025,9108,4,1,1,1,4.39,10.98,10.98,10.98,10.34,18.58,26.82,31.76,35.06,43.3,31.76,32.96,11.83,67.04,Moderada,-13.23095,-42.30135,0.0,2907558
2905107,290510,Caém,BA,Nordeste,2025,10733,2,1,1,1,1.86,9.32,9.32,9.32,13.62,32.04,50.45,61.5,68.86,87.27,61.5,73.65,26.43,26.34,Alta,-11.1391,-40.23595,0.0,2905107
2907608,290760,Central,BA,Nordeste,2025,16847,9,1,1,1,5.34,5.94,5.94,5.94,24.95,25.26,25.58,25.77,25.89,26.21,25.77,1.26,0.45,85.66,Moderada,-11.14225,-42.092299999999994,0.0,2907608
2907707,290770,Chorrochó,BA,Nordeste,2025,10933,4,1,0,0,3.66,9.15,0.0,0.0,14.23,25.04,35.85,42.33,46.65,57.46,42.33,43.22,15.51,56.77,Moderada,-9.188649999999999,-39.198899999999995,0.0,2907707
2907905,290790,Cipó,BA,Nordeste,2025,17875,7,1,1,1,3.92,5.59,5.59,5.59,26.84,33.2,39.57,43.39,45.94,52.31,43.39,25.47,9.14,72.66,Moderada,-11.0949,-38.52735,0.0,2907905
2908002,290800,Coaraci,BA,Nordeste,2025,17557,7,1,1,1,3.99,5.7,5.7,5.7,26.03,32.3,38.57,42.34,44.85,51.12,42.34,25.09,9.0,72.94,Moderada,-14.666,-39.6201,0.0,2908002
2908101,290810,Cocos,BA,Nordeste,2025,19865,9,1,1,0,4.53,5.03,5.03,0.0,30.19,32.78,35.36,36.91,37.95,40.53,36.91,10.34,3.71,81.17,Moderada,-14.544350000000001,-45.248050000000006,0.0,2908101
2908200,290820,Conceição da Feira,BA,Nordeste,2025,21529,8,1,1,1,3.72,4.64,4.64,4.64,32.24,38.23,44.23,47.83,50.22,56.22,47.83,23.98,8.6,72.84,Moderada,-12.50555,-38.98295,0.0,2908200
2908309,290830,Conceição do Almeida,BA,Nordeste,2025,16134,6,1,1,1,3.72,6.2,6.2,6.2,24.05,32.09,40.13,44.95,48.16,56.2,44.95,32.15,11.54,67.85,Moderada,-12.8593,-39.23695,0.0,2908309
2908408,290840,Conceição do Coité,BA,Nordeste,2025,71601,27,6,6,4,3.77,8.38,8.38,5.59,16.51,26.15,35.78,41.56,45.42,55.05,41.56,38.54,13.83,61.45,Moderada,-11.5159,-39.303200000000004,0.0,2908408
2908507,290850,Conceição do Jacuípe,BA,Nordeste,2025,37622,17,2,2,1,4.52,5.32,5.32,2.66,28.58,31.62,34.67,36.5,37.72,40.76,36.5,12.19,4.37,80.27,Moderada,-12.32905,-38.7449,0.0,2908507
2908606,290860,Conde,BA,Nordeste,2025,24460,10,1,0,1,4.09,4.09,0.0,4.09,34.95,38.53,42.1,44.25,45.68,49.26,44.25,14.31,5.13,77.81,Moderada,-11.8642,-37.6885,0.0,2908606
2908705,290870,Condeúba,BA,Nordeste,2025,17567,9,1,1,1,5.12,5.69,5.69,5.69,26.06,26.93,27.8,28.33,28.68,29.55,28.33,3.48,1.25,84.38,Moderada,-14.92175,-42.049499999999995,0.0,2908705
2908804,290880,Contendas do Sincorá,BA,Nordeste,2025,4499,3,0,0,0,6.67,0.0,0.0,0.0,99.98,77.89,55.8,42.54,33.71,11.61,42.54,88.37,31.71,11.62,Moderada,-13.8314,-41.081450000000004,16.9,2902807
2908903,290890,Coração de Maria,BA,Nordeste,2025,28408,8,1,1,1,2.82,3.52,3.52,3.52,38.74,47.28,55.82,60.95,64.37,72.91,60.95,34.18,12.26,65.82,Alta,-12.21715,-38.775000000000006,0.0,2908903
2909000,290900,Cordeiros,BA,Nordeste,2025,7748,5,1,0,1,6.45,12.91,0.0,12.91,7.97,9.24,10.5,11.26,11.77,13.03,11.26,5.06,1.82,90.34,Baixa,-15.0342,-41.928749999999994,0.0,2909000
2909109,290910,Coribe,BA,Nordeste,2025,14463,7,1,1,1,4.84,6.91,6.91,6.91,21.61,24.83,28.05,29.98,31.26,34.48,29.98,12.87,4.62,80.88,Moderada,-13.777000000000001,-44.405950000000004,0.0,2909109
2909208,290920,Coronel João Sá,BA,Nordeste,2025,17598,7,0,0,0,3.98,0.0,0.0,0.0,99.98,87.82,75.65,68.35,63.49,51.32,68.35,48.66,17.46,51.33,Alta,-10.286100000000001,-37.924949999999995,24.19,2801405
2909307,290930,Correntina,BA,Nordeste,2025,34266,12,2,2,1,3.5,5.84,5.84,2.92,25.26,34.15,43.04,48.38,51.94,60.83,48.38,35.58,12.77,64.42,Moderada,-13.50005,-45.30435,0.0,2909307
2909406,290940,Cotegipe,BA,Nordeste,2025,13463,6,1,0,1,4.46,7.43,0.0,7.43,18.92,24.67,30.43,33.88,36.18,41.93,33.88,23.01,8.26,75.28,Moderada,-11.740649999999999,-44.2612,0.0,2909406
2909505,290950,Cravolândia,BA,Nordeste,2025,4491,4,1,1,1,8.91,22.27,22.27,22.27,2.24,2.67,3.1,3.35,3.52,3.95,3.35,1.71,0.61,96.64,Baixa,-13.42735,-39.7863,0.0,2909505
2909703,290970,Cristópolis,BA,Nordeste,2025,14549,6,1,1,1,4.12,6.87,6.87,6.87,21.81,28.55,35.28,39.32,42.02,48.75,39.32,26.94,9.67,72.84,Moderada,-12.17725,-44.24665,0.0,2909703
2909604,290960,Crisópolis,BA,Nordeste,2025,20346,9,1,1,1,4.42,4.91,4.91,4.91,30.73,33.69,36.65,38.43,39.62,42.58,38.43,11.85,4.25,80.02,Moderada,-11.49915,-38.1409,0.0,2909604
2909802,290980,Cruz das Almas,BA,Nordeste,2025,63326,17,9,7,1,2.68,14.21,11.05,1.58,6.86,23.99,41.12,51.4,58.26,75.39,51.4,68.53,24.59,31.45,Alta,-12.6855,-39.12795,0.0,2909802
2909901,290990,Curaçá,BA,Nordeste,2025,36127,16,1,1,1,4.43,2.77,2.77,2.77,43.01,42.88,42.75,42.67,42.62,42.49,42.67,0.52,0.19,84.58,Moderada,-9.1883,-39.66745,0.0,2909901
2906709,290670,Cândido Sales,BA,Nordeste,2025,26469,11,1,1,1,4.16,3.78,3.78,3.78,37.12,39.86,42.6,44.25,45.35,48.09,44.25,10.97,3.94,79.34,Moderada,-15.3315,-41.245549999999994,0.0,2906709
2907806,290780,Cícero Dantas,BA,Nordeste,2025,32292,11,1,1,1,3.41,3.1,3.1,3.1,41.03,46.42,51.8,55.04,57.19,62.57,55.04,21.54,7.73,76.59,Alta,-10.52145,-38.438,0.0,2907806
2910057,291005,Dias d'Ávila,BA,Nordeste,2025,75296,16,2,2,2,2.12,2.66,2.66,2.66,43.56,53.74,63.92,70.03,74.1,84.28,70.03,40.71,14.61,59.28,Alta,-12.606449999999999,-38.2686,0.0,2910057
2910107,291010,Dom Basílio,BA,Nordeste,2025,12329,6,1,1,1,4.87,8.11,8.11,8.11,17.11,21.32,25.54,28.07,29.76,33.98,28.07,16.87,6.05,79.08,Moderada,-13.831150000000001,-41.71169999999999,0.0,2910107
2910206,291020,Dom Macedo Costa,BA,Nordeste,2025,4608,2,0,0,0,4.34,0.0,0.0,0.0,99.98,86.07,72.16,63.81,58.25,44.34,63.81,55.65,19.97,44.34,Alta,-12.90765,-39.171899999999994,8.87,2908309
2910008,291000,Dário Meira,BA,Nordeste,2025,11054,3,0,0,0,2.71,0.0,0.0,0.0,99.98,93.71,87.43,83.67,81.16,74.89,83.67,25.09,9.0,74.9,Muito alta,-14.39175,-39.96115,25.74,2915106
2910305,291030,Elísio Medrado,BA,Nordeste,2025,8069,6,1,0,1,7.44,12.39,0.0,12.39,8.62,8.36,8.11,7.96,7.86,7.61,7.96,1.01,0.36,93.27,Baixa,-12.93805,-39.540949999999995,0.0,2910305
2910404,291040,Encruzilhada,BA,Nordeste,2025,19450,10,1,1,1,5.14,5.14,5.14,5.14,29.56,29.47,29.38,29.33,29.29,29.2,29.33,0.36,0.13,85.17,Moderada,-15.53485,-40.9368,0.0,2910404
2910503,291050,Entre Rios,BA,Nordeste,2025,39890,13,1,1,1,3.26,2.51,2.51,2.51,44.34,49.56,54.78,57.92,60.01,65.23,57.92,20.89,7.5,77.31,Alta,-12.099900000000002,-38.021950000000004,0.0,2910503
2910602,291060,Esplanada,BA,Nordeste,2025,34163,14,1,1,1,4.1,2.93,2.93,2.93,42.11,43.85,45.58,46.63,47.32,49.06,46.63,6.95,2.49,81.11,Moderada,-11.957899999999999,-37.91405,0.0,2910602
2910701,291070,Euclides da Cunha,BA,Nordeste,2025,64768,20,3,2,2,3.09,4.63,3.09,3.09,32.31,41.39,50.47,55.91,59.54,68.62,55.91,36.31,13.03,63.68,Alta,-10.466999999999999,-38.91915,0.0,2910701
2910727,291072,Eunápolis,BA,Nordeste,2025,121067,33,4,4,3,2.73,3.3,3.3,2.48,39.89,48.59,57.29,62.51,65.99,74.69,62.51,34.81,12.49,65.19,Alta,-16.3123,-39.628,0.0,2910727
2910776,291077,Feira da Mata,BA,Nordeste,2025,5831,3,1,1,0,5.14,17.15,17.15,0.0,4.74,10.84,16.94,20.61,23.05,29.15,20.61,24.41,8.76,75.49,Baixa,-14.1051,-44.24535,0.0,2910776
2910800,291080,Feira de Santana,BA,Nordeste,2025,660806,123,53,34,8,1.86,8.02,5.15,1.21,17.47,34.92,52.38,62.85,69.83,87.29,62.85,69.83,25.05,30.16,Alta,-12.19575,-39.054100000000005,0.0,2910800
2910859,291085,Filadélfia,BA,Nordeste,2025,18637,9,1,1,1,4.83,5.37,5.37,5.37,28.15,29.78,31.41,32.39,33.05,34.68,32.39,6.53,2.34,82.39,Moderada,-10.7346,-40.138949999999994,0.0,2910859
2910909,291090,Firmino Alves,BA,Nordeste,2025,4993,3,0,0,0,6.01,0.0,0.0,0.0,99.98,79.32,58.66,46.26,38.0,17.34,46.26,82.64,29.65,17.34,Moderada,-14.9223,-39.9196,16.53,2917102
2911006,291100,Floresta Azul,BA,Nordeste,2025,11455,5,0,0,0,4.36,0.0,0.0,0.0,99.98,85.94,71.89,63.46,57.84,43.8,63.46,56.18,20.16,43.81,Alta,-14.841349999999998,-39.71965,16.68,2912103
2911105,291110,Formosa do Rio Preto,BA,Nordeste,2025,27567,12,1,1,1,4.35,3.63,3.63,3.63,38.18,39.64,41.11,41.98,42.57,44.03,41.98,5.85,2.1,82.24,Moderada,-10.857,-45.7606,0.0,2911105
2910750,291075,Fátima,BA,Nordeste,2025,18480,10,0,0,0,5.41,0.0,0.0,0.0,99.98,81.28,62.58,51.36,43.88,25.18,51.36,74.8,26.84,25.19,Alta,-10.58765,-38.207049999999995,19.51,2900355
2911204,291120,Gandu,BA,Nordeste,2025,34051,13,2,2,1,3.82,5.87,5.87,2.94,25.11,32.37,39.63,43.99,46.89,54.16,43.99,29.04,10.42,70.9,Moderada,-13.80125,-39.4726,0.0,2911204
2911253,291125,Gavião,BA,Nordeste,2025,4489,3,0,0,0,6.68,0.0,0.0,0.0,99.98,77.86,55.74,42.47,33.63,11.51,42.47,88.48,31.75,11.51,Moderada,-11.492650000000001,-39.75865,18.07,2922730
2911303,291130,Gentio do Ouro,BA,Nordeste,2025,11276,5,1,1,1,4.43,8.87,8.87,8.87,15.1,21.93,28.76,32.85,35.59,42.42,32.85,27.32,9.8,71.9,Moderada,-11.38935,-42.60625,0.0,2911303
2911402,291140,Glória,BA,Nordeste,2025,16107,7,0,0,0,4.35,0.0,0.0,0.0,99.98,86.04,72.1,63.73,58.15,44.21,63.73,55.77,20.01,44.22,Alta,-9.2451,-38.4274,24.87,2608057
2911501,291150,Gongogi,BA,Nordeste,2025,5479,6,1,1,1,10.95,18.25,18.25,18.25,3.93,3.32,2.71,2.34,2.1,1.49,2.34,2.44,0.88,96.41,Baixa,-14.277149999999999,-39.56955,0.0,2911501
2911600,291160,Governador Mangabeira,BA,Nordeste,2025,21353,9,0,0,0,4.21,0.0,0.0,0.0,99.98,86.71,73.43,65.47,60.16,46.89,65.47,53.1,19.05,46.89,Alta,-12.587900000000001,-39.08455,3.81,2922300
2911659,291165,Guajeru,BA,Nordeste,2025,8177,7,0,0,0,8.56,0.0,0.0,0.0,99.98,76.15,52.32,38.03,28.5,4.67,38.03,95.32,34.2,4.67,Moderada,-14.579149999999998,-41.9751,29.89,2925709
2911709,291170,Guanambi,BA,Nordeste,2025,93488,25,5,5,3,2.67,5.35,5.35,3.21,28.24,40.09,51.95,59.06,63.8,75.66,59.06,47.42,17.02,52.57,Alta,-14.18955,-42.8255,0.0,2911709
2911808,291180,Guaratinga,BA,Nordeste,2025,19413,10,1,1,1,5.15,5.15,5.15,5.15,29.53,29.4,29.27,29.19,29.14,29.01,29.19,0.52,0.19,85.12,Moderada,-16.5127,-39.9807,0.0,2911808
2911857,291185,Heliópolis,BA,Nordeste,2025,13055,6,0,0,0,4.6,0.0,0.0,0.0,99.98,84.8,69.61,60.5,54.42,39.24,60.5,60.74,21.8,39.25,Alta,-10.756,-38.29105,24.76,2926509
2911907,291190,Iaçu,BA,Nordeste,2025,25315,13,1,1,1,5.14,3.95,3.95,3.95,36.17,34.46,32.76,31.74,31.05,29.35,31.74,6.82,2.45,80.32,Moderada,-12.799949999999999,-40.13415,0.0,2911907
2912004,291200,Ibiassucê,BA,Nordeste,2025,10746,4,1,1,1,3.72,9.31,9.31,9.31,13.66,24.27,34.89,41.25,45.5,56.11,41.25,42.45,15.23,57.54,Moderada,-14.2834,-42.3168,0.0,2912004
2912103,291210,Ibicaraí,BA,Nordeste,2025,22131,11,1,1,1,4.97,4.52,4.52,4.52,32.85,32.66,32.47,32.36,32.28,32.09,32.36,0.75,0.27,84.2,Moderada,-14.843499999999999,-39.5645,0.0,2912103
2912202,291220,Ibicoara,BA,Nordeste,2025,21827,10,0,0,0,4.58,0.0,0.0,0.0,99.98,84.89,69.81,60.76,54.72,39.63,60.76,60.35,21.65,39.64,Alta,-13.376850000000001,-41.3261,32.59,2918605
2912301,291230,Ibicuí,BA,Nordeste,2025,14264,9,1,1,1,6.31,7.01,7.01,7.01,20.8,19.18,17.56,16.59,15.94,14.32,16.59,6.48,2.33,84.52,Baixa,-14.66165,-39.87115,0.0,2912301
2912400,291240,Ibipeba,BA,Nordeste,2025,17134,8,2,1,2,4.67,11.67,5.84,11.67,9.51,16.64,23.77,28.04,30.89,38.02,28.04,28.5,10.23,71.11,Moderada,-11.533100000000001,-42.1365,0.0,2912400
2912509,291250,Ibipitanga,BA,Nordeste,2025,14317,14,1,1,1,9.78,6.98,6.98,6.98,21.04,16.43,11.82,9.05,7.21,2.6,9.05,18.43,6.61,80.63,Baixa,-12.8678,-42.3489,0.0,2912509
2912608,291260,Ibiquera,BA,Nordeste,2025,3833,2,0,0,0,5.22,0.0,0.0,0.0,99.98,82.01,64.04,53.25,46.06,28.09,53.25,71.89,25.8,28.1,Alta,-12.622,-40.88185,24.72,2903805
2912707,291270,Ibirapitanga,BA,Nordeste,2025,26917,8,1,1,1,2.97,3.72,3.72,3.72,37.61,45.84,54.08,59.03,62.32,70.56,59.03,32.96,11.83,67.04,Alta,-14.06105,-39.431200000000004,0.0,2912707
2912806,291280,Ibirapuã,BA,Nordeste,2025,9297,5,1,1,1,5.38,10.76,10.76,10.76,10.66,14.39,18.12,20.36,21.85,25.58,20.36,14.92,5.35,81.62,Baixa,-17.7379,-39.97635,0.0,2912806
2912905,291290,Ibirataia,BA,Nordeste,2025,19377,8,1,1,1,4.13,5.16,5.16,5.16,29.46,34.26,39.06,41.94,43.86,48.66,41.94,19.21,6.89,75.8,Moderada,-13.99465,-39.611850000000004,0.0,2912905
2913002,291300,Ibitiara,BA,Nordeste,2025,15049,7,1,1,1,4.65,6.64,6.64,6.64,22.71,26.59,30.48,32.81,34.37,38.25,32.81,15.54,5.58,79.1,Moderada,-12.55275,-42.31975,0.0,2913002
2913101,291310,Ibititá,BA,Nordeste,2025,17517,8,2,1,1,4.57,11.42,5.71,5.71,9.8,17.34,24.88,29.4,32.42,39.96,29.4,30.16,10.82,69.73,Moderada,-11.570450000000001,-41.90995,0.0,2913101
2913200,291320,Ibotirama,BA,Nordeste,2025,27723,10,2,2,2,3.61,7.21,7.21,7.21,19.49,29.24,38.99,44.84,48.73,58.48,44.84,38.99,13.99,61.01,Moderada,-11.97085,-43.17295,0.0,2913200
2913309,291330,Ichu,BA,Nordeste,2025,6428,3,1,1,1,4.67,15.56,15.56,15.56,5.82,13.87,21.93,26.76,29.98,38.04,26.76,32.22,11.56,67.77,Moderada,-11.710049999999999,-39.156949999999995,0.0,2913309
2913408,291340,Igaporã,BA,Nordeste,2025,16069,8,1,1,1,4.98,6.22,6.22,6.22,23.95,25.95,27.96,29.16,29.96,31.97,29.16,8.02,2.88,82.66,Moderada,-13.8339,-42.7314,0.0,2913408
2913457,291345,Igrapiúna,BA,Nordeste,2025,13501,8,1,0,1,5.93,7.41,0.0,7.41,18.99,18.78,18.58,18.45,18.37,18.17,18.45,0.83,0.3,87.58,Baixa,-13.8819,-39.18635,0.0,2913457
2913507,291350,Iguaí,BA,Nordeste,2025,21763,7,2,2,1,3.22,9.19,9.19,4.59,14.02,27.04,40.06,47.87,53.07,66.09,47.87,52.07,18.68,47.92,Moderada,-14.6488,-40.0513,0.0,2913507
2913606,291360,Ilhéus,BA,Nordeste,2025,189149,34,13,12,2,1.8,6.87,6.34,1.06,21.83,38.41,54.99,64.94,71.57,88.15,64.94,66.33,23.8,33.66,Alta,-14.76515,-39.27345,0.0,2913606
2913705,291370,Inhambupe,BA,Nordeste,2025,35390,14,1,1,1,3.96,2.83,2.83,2.83,42.67,44.9,47.14,48.48,49.37,51.61,48.48,8.94,3.21,80.14,Moderada,-11.763349999999999,-38.39795,0.0,2913705
2913804,291380,Ipecaetá,BA,Nordeste,2025,14016,6,1,1,1,4.28,7.13,7.13,7.13,20.01,26.43,32.85,36.7,39.27,45.68,36.7,25.67,9.21,73.41,Moderada,-12.31165,-39.3302,0.0,2913804
2913903,291390,Ipiaú,BA,Nordeste,2025,42429,15,4,3,3,3.54,9.43,7.07,7.07,13.0,24.78,36.56,43.62,48.34,60.11,43.62,47.12,16.91,52.87,Moderada,-14.03815,-39.73235,0.0,2913903
2914000,291400,Ipirá,BA,Nordeste,2025,59222,14,2,2,1,2.36,3.38,3.38,1.69,39.53,49.83,60.14,66.33,70.45,80.76,66.33,41.23,14.79,58.76,Alta,-12.213750000000001,-39.7746,0.0,2914000
2914109,291410,Ipupiara,BA,Nordeste,2025,10349,5,1,1,1,4.83,9.66,9.66,9.66,12.24,17.83,23.42,26.78,29.02,34.61,26.78,22.37,8.03,75.42,Moderada,-11.84,-42.5086,0.0,2914109
2914208,291420,Irajuba,BA,Nordeste,2025,6232,4,1,1,1,6.42,16.05,16.05,16.05,5.53,7.47,9.41,10.58,11.36,13.3,10.58,7.77,2.79,89.16,Baixa,-13.2221,-40.03355,0.0,2914208
2914307,291430,Iramaia,BA,Nordeste,2025,11038,5,1,0,1,4.53,9.06,0.0,9.06,14.54,21.04,27.54,31.45,34.05,40.55,31.45,26.01,9.33,72.68,Moderada,-13.54,-40.95595,0.0,2914307
2914406,291440,Iraquara,BA,Nordeste,2025,24833,11,1,1,1,4.43,4.03,4.03,4.03,35.45,37.2,38.95,40.0,40.7,42.45,40.0,7.0,2.51,81.89,Moderada,-12.2606,-41.5824,0.0,2914406
2914505,291450,Irará,BA,Nordeste,2025,29572,13,1,0,1,4.4,3.38,0.0,3.38,39.45,40.38,41.31,41.87,42.24,43.17,41.87,3.72,1.33,83.29,Moderada,-12.0481,-38.7496,0.0,2914505
2914604,291460,Irecê,BA,Nordeste,2025,78781,24,12,12,2,3.05,15.23,15.23,2.54,6.12,21.93,37.74,47.23,53.55,69.36,47.23,63.24,22.69,36.75,Moderada,-11.3077,-41.8523,0.0,2914604
2914653,291465,Itabela,BA,Nordeste,2025,29588,14,1,1,0,4.73,3.38,3.38,0.0,39.47,38.8,38.13,37.72,37.45,36.78,37.72,2.69,0.97,84.22,Moderada,-16.6704,-39.5235,0.0,2914653
2914703,291470,Itaberaba,BA,Nordeste,2025,68425,21,4,4,2,3.07,5.85,5.85,2.92,25.24,36.17,47.1,53.66,58.03,68.96,53.66,43.73,15.69,56.27,Alta,-12.52455,-40.250550000000004,0.0,2914703
2914802,291480,Itabuna,BA,Nordeste,2025,196344,36,11,11,2,1.83,5.6,5.6,1.02,26.76,41.98,57.2,66.33,72.42,87.63,66.33,60.87,21.84,39.12,Alta,-14.863050000000001,-39.31,0.0,2914802
2914901,291490,Itacaré,BA,Nordeste,2025,29496,14,2,2,2,4.75,6.78,6.78,6.78,22.22,25.8,29.38,31.52,32.95,36.53,31.52,14.31,5.13,79.89,Moderada,-14.35315,-39.1549,0.0,2914901
2915007,291500,Itaeté,BA,Nordeste,2025,13775,7,1,0,1,5.08,7.26,0.0,7.26,19.39,22.09,24.79,26.41,27.49,30.19,26.41,10.81,3.88,82.05,Moderada,-13.09375,-41.0155,0.0,2915007
2915106,291510,Itagi,BA,Nordeste,2025,14347,6,1,1,1,4.18,6.97,6.97,6.97,21.18,27.78,34.37,38.33,40.97,47.57,38.33,26.39,9.47,73.14,Moderada,-14.16855,-40.02445,0.0,2915106
2915205,291520,Itagibá,BA,Nordeste,2025,15796,8,0,0,0,5.06,0.0,0.0,0.0,99.98,82.59,65.2,54.77,47.81,30.43,54.77,69.56,24.96,30.43,Alta,-14.2441,-39.83475,22.11,2915106
2915304,291530,Itagimirim,BA,Nordeste,2025,6490,3,1,1,1,4.62,15.41,15.41,15.41,5.94,14.16,22.38,27.32,30.6,38.83,27.32,32.88,11.8,67.11,Moderada,-16.1281,-39.7026,0.0,2915304
2915353,291535,Itaguaçu da Bahia,BA,Nordeste,2025,12669,8,1,0,1,6.31,7.89,0.0,7.89,17.79,16.91,16.04,15.51,15.16,14.29,15.51,3.5,1.26,87.24,Baixa,-10.737549999999999,-42.1801,0.0,2915353
2915403,291540,Itaju do Colônia,BA,Nordeste,2025,6118,4,1,1,1,6.54,16.35,16.35,16.35,5.22,7.05,8.89,9.98,10.72,12.55,9.98,7.32,2.63,89.75,Baixa,-15.15685,-39.73865,0.0,2915403
2915502,291550,Itajuípe,BA,Nordeste,2025,19191,7,1,1,1,3.65,5.21,5.21,5.21,29.24,36.36,43.48,47.76,50.61,57.73,47.76,28.49,10.22,70.75,Moderada,-14.6566,-39.412049999999994,0.0,2915502
2915601,291560,Itamaraju,BA,Nordeste,2025,61999,23,2,1,0,3.71,3.23,1.61,0.0,40.33,44.35,48.36,50.76,52.37,56.38,50.76,16.05,5.76,76.5,Alta,-16.98625,-39.76045,0.0,2915601
2915700,291570,Itamari,BA,Nordeste,2025,7187,5,0,0,0,6.96,0.0,0.0,0.0,99.98,77.42,54.86,41.33,32.31,9.75,41.33,90.24,32.38,9.75,Moderada,-13.78135,-39.669200000000004,19.43,2933505
2915809,291580,Itambé,BA,Nordeste,2025,25088,8,1,1,1,3.19,3.99,3.99,3.99,35.94,43.63,51.33,55.95,59.02,66.72,55.95,30.78,11.05,69.21,Alta,-15.163450000000001,-40.4708,0.0,2915809
2915908,291590,Itanagra,BA,Nordeste,2025,6078,3,0,0,0,4.94,0.0,0.0,0.0,99.98,83.16,66.33,56.24,49.51,32.69,56.24,67.29,24.15,32.69,Alta,-12.30005,-38.043800000000005,22.38,2910503
2916005,291600,Itanhém,BA,Nordeste,2025,18203,8,1,1,1,4.39,5.49,5.49,5.49,27.5,31.43,35.36,37.72,39.29,43.22,37.72,15.72,5.64,78.47,Moderada,-17.08025,-40.3524,0.0,2916005
2916104,291610,Itaparica,BA,Nordeste,2025,20353,10,1,1,1,4.91,4.91,4.91,4.91,30.75,31.35,31.94,32.3,32.54,33.14,32.3,2.39,0.86,83.88,Moderada,-12.87055,-38.64205,0.0,2916104
2916302,291630,Itapebi,BA,Nordeste,2025,9464,5,1,0,1,5.28,10.57,0.0,10.57,11.04,15.05,19.06,21.47,23.07,27.09,21.47,16.05,5.76,80.7,Baixa,-15.918099999999999,-39.67565,0.0,2916302
2916401,291640,Itapetinga,BA,Nordeste,2025,68724,22,6,5,1,3.2,8.73,7.28,1.46,15.71,28.38,41.05,48.66,53.72,66.4,48.66,50.69,18.19,49.3,Moderada,-15.316749999999999,-40.0693,0.0,2916401
2916500,291650,Itapicuru,BA,Nordeste,2025,33284,14,2,1,0,4.21,6.01,3.0,0.0,24.7,30.28,35.86,39.21,41.45,47.03,39.21,22.33,8.01,75.1,Moderada,-11.19315,-38.2132,0.0,2916500
2916609,291660,Itapitanga,BA,Nordeste,2025,10640,4,1,1,1,3.76,9.4,9.4,9.4,13.19,23.71,34.23,40.54,44.75,55.27,40.54,42.08,15.1,57.92,Moderada,-14.4657,-39.611599999999996,0.0,2916609
2916203,291620,Itapé,BA,Nordeste,2025,10649,7,0,0,0,6.57,0.0,0.0,0.0,99.98,78.07,56.17,43.02,34.26,12.35,43.02,87.63,31.44,12.35,Moderada,-14.957,-39.518600000000006,13.55,2912103
2916708,291670,Itaquara,BA,Nordeste,2025,8464,4,1,1,1,4.73,11.81,11.81,11.81,9.32,16.22,23.13,27.27,30.04,36.94,27.27,27.63,9.91,71.81,Moderada,-13.43925,-39.88875,0.0,2916708
2916807,291680,Itarantim,BA,Nordeste,2025,17485,8,1,1,1,4.58,5.72,5.72,5.72,25.88,29.34,32.79,34.87,36.25,39.71,34.87,13.82,4.96,79.07,Moderada,-15.6811,-40.039500000000004,0.0,2916807
2916856,291685,Itatim,BA,Nordeste,2025,16454,7,2,0,2,4.25,12.16,0.0,12.16,8.83,18.2,27.57,33.19,36.94,46.31,33.19,37.48,13.45,62.51,Moderada,-12.71805,-39.745400000000004,0.0,2916856
2916906,291690,Itiruçu,BA,Nordeste,2025,11211,7,1,1,1,6.24,8.92,8.92,8.92,14.93,14.94,14.95,14.96,14.96,14.97,14.96,0.04,0.01,89.95,Baixa,-13.5031,-40.1533,0.0,2916906
2917003,291700,Itiúba,BA,Nordeste,2025,35490,16,1,1,1,4.51,2.82,2.82,2.82,42.72,42.28,41.84,41.58,41.4,40.96,41.58,1.76,0.63,84.17,Moderada,-10.6909,-39.8418,0.0,2917003
2917102,291710,Itororó,BA,Nordeste,2025,16849,8,1,1,1,4.75,5.94,5.94,5.94,24.97,27.85,30.72,32.45,33.6,36.47,32.45,11.51,4.13,80.63,Moderada,-15.03705,-40.0175,0.0,2917102
2917201,291720,Ituaçu,BA,Nordeste,2025,18506,11,1,0,1,5.94,5.4,0.0,5.4,27.93,25.45,22.98,21.49,20.5,18.02,21.49,9.91,3.56,79.73,Baixa,-13.87275,-41.4119,0.0,2917201
2917300,291730,Ituberá,BA,Nordeste,2025,22154,12,1,1,1,5.42,4.51,4.51,4.51,32.87,30.93,28.99,27.83,27.05,25.11,27.83,7.75,2.78,80.5,Moderada,-13.7484,-39.1449,0.0,2917300
2917334,291733,Iuiu,BA,Nordeste,2025,11559,4,1,0,1,3.46,8.65,0.0,8.65,15.98,27.43,38.88,45.75,50.33,61.78,45.75,45.81,16.44,54.18,Moderada,-14.4908,-43.5449,0.0,2917334
2917359,291735,Jaborandi,BA,Nordeste,2025,9600,5,1,1,1,5.21,10.42,10.42,10.42,11.24,15.5,19.77,22.33,24.04,28.31,22.33,17.07,6.13,79.86,Baixa,-14.13615,-45.22595,0.0,2917359
2917409,291740,Jacaraci,BA,Nordeste,2025,14910,0,1,1,1,0.0,6.71,6.71,6.71,22.51,41.88,61.25,72.87,80.61,99.98,72.87,77.47,27.8,22.51,Alta,-14.8056,-42.33265,0.0,2917409
2917508,291750,Jacobina,BA,Nordeste,2025,86896,22,4,4,3,2.53,4.6,4.6,3.45,32.42,43.78,55.14,61.96,66.51,77.87,61.96,45.45,16.31,54.54,Alta,-11.079699999999999,-40.507000000000005,0.0,2917508
2917607,291760,Jaguaquara,BA,Nordeste,2025,47624,18,2,2,1,3.78,4.2,4.2,2.1,34.21,39.37,44.53,47.62,49.68,54.84,47.62,20.62,7.4,74.54,Moderada,-13.54865,-39.9321,0.0,2917607
2917706,291770,Jaguarari,BA,Nordeste,2025,34528,18,2,2,1,5.21,5.79,5.79,2.9,25.56,26.23,26.89,27.29,27.55,28.22,27.29,2.66,0.95,84.52,Moderada,-10.05585,-40.0774,0.0,2917706
2917805,291780,Jaguaripe,BA,Nordeste,2025,18349,9,0,0,0,4.9,0.0,0.0,0.0,99.98,83.32,66.67,56.67,50.01,33.35,56.67,66.63,23.91,33.36,Alta,-13.088049999999999,-39.027100000000004,16.7,2922508
2917904,291790,Jandaíra,BA,Nordeste,2025,9508,4,0,0,0,4.21,0.0,0.0,0.0,99.98,86.73,73.49,65.54,60.24,46.99,65.54,52.99,19.01,47.0,Alta,-11.5915,-37.584999999999994,32.35,2908606
2918001,291800,Jequié,BA,Nordeste,2025,169201,32,8,7,5,1.89,4.73,4.14,2.96,31.63,45.47,59.31,67.61,73.15,86.99,67.61,55.36,19.86,44.63,Alta,-13.95035,-40.1213,0.0,2918001
2918100,291810,Jeremoabo,BA,Nordeste,2025,39539,16,1,1,1,4.05,2.53,2.53,2.53,44.21,45.67,47.12,47.99,48.57,50.03,47.99,5.82,2.09,81.71,Moderada,-9.978850000000001,-38.50565,0.0,2918100
2918209,291820,Jiquiriçá,BA,Nordeste,2025,14063,8,1,1,1,5.69,7.11,7.11,7.11,20.18,20.4,20.62,20.76,20.85,21.07,20.76,0.9,0.32,86.88,Baixa,-13.323350000000001,-39.58725,0.0,2918209
2918308,291830,Jitaúna,BA,Nordeste,2025,14824,0,1,0,1,0.0,6.75,0.0,6.75,22.37,41.77,61.17,72.82,80.58,99.98,72.82,77.62,27.85,22.37,Alta,-13.9759,-39.8683,0.0,2918308
2918357,291835,João Dourado,BA,Nordeste,2025,25892,8,1,0,1,3.09,3.86,0.0,3.86,36.67,44.65,52.63,57.42,60.61,68.59,57.42,31.92,11.45,68.08,Alta,-11.21025,-41.5584,0.0,2918357
2918407,291840,Juazeiro,BA,Nordeste,2025,256122,58,11,9,2,2.26,4.29,3.51,0.78,33.8,45.95,58.1,65.38,70.24,82.39,65.38,48.59,17.44,51.4,Alta,-9.51395,-40.3373,0.0,2918407
2918456,291845,Jucuruçu,BA,Nordeste,2025,9930,5,1,1,1,5.04,10.07,10.07,10.07,11.6,16.43,21.26,24.16,26.09,30.93,24.16,19.33,6.94,78.06,Baixa,-16.87885,-40.086,0.0,2918456
2918506,291850,Jussara,BA,Nordeste,2025,17007,6,1,0,1,3.53,5.88,0.0,5.88,25.09,33.88,42.66,47.93,51.44,60.22,47.93,35.13,12.6,64.87,Moderada,-10.939699999999998,-41.8669,0.0,2918506
2918555,291855,Jussari,BA,Nordeste,2025,6048,3,1,1,1,4.96,16.53,16.53,16.53,5.12,11.89,18.66,22.72,25.43,32.2,22.72,27.09,9.72,72.91,Baixa,-15.149750000000001,-39.49835,0.0,2918555
2918605,291860,Jussiape,BA,Nordeste,2025,7567,4,1,1,1,5.29,13.22,13.22,13.22,7.65,12.5,17.35,20.26,22.2,27.05,20.26,19.4,6.96,78.58,Baixa,-13.4966,-41.6011,0.0,2918605
2918704,291870,Lafaiete Coutinho,BA,Nordeste,2025,4228,2,0,0,0,4.73,0.0,0.0,0.0,99.98,84.19,68.41,58.94,52.62,36.83,58.94,63.15,22.66,36.84,Alta,-13.617750000000001,-40.29725,18.93,2919058
2918753,291875,Lagoa Real,BA,Nordeste,2025,14550,7,1,1,1,4.81,6.87,6.87,6.87,21.85,25.13,28.41,30.37,31.69,34.97,30.37,13.12,4.71,80.66,Moderada,-14.02995,-42.1853,0.0,2918753
2918803,291880,Laje,BA,Nordeste,2025,21705,9,1,1,1,4.15,4.61,4.61,4.61,32.4,36.37,40.34,42.73,44.31,48.29,42.73,15.89,5.7,77.25,Moderada,-13.18095,-39.336,0.0,2918803
2919009,291900,Lajedinho,BA,Nordeste,2025,3610,1,0,0,0,2.77,0.0,0.0,0.0,99.98,93.46,86.94,83.03,80.42,73.9,83.03,26.08,9.36,73.91,Muito alta,-12.38355,-40.946650000000005,24.8,2933406
2919058,291905,Lajedo do Tabocal,BA,Nordeste,2025,7683,4,1,1,1,5.21,13.02,13.02,13.02,7.88,13.0,18.11,21.18,23.23,28.34,21.18,20.46,7.34,77.63,Baixa,-13.4475,-40.295199999999994,0.0,2919058
2918902,291890,Lajedão,BA,Nordeste,2025,3994,5,0,0,0,12.52,0.0,0.0,0.0,99.98,75.15,50.32,35.43,25.49,0.66,35.43,99.32,35.64,0.66,Moderada,-17.570549999999997,-40.3048,23.22,2921104
2919108,291910,Lamarão,BA,Nordeste,2025,9303,1,1,0,0,1.07,10.75,0.0,0.0,10.68,31.71,52.74,65.35,73.77,94.79,65.35,84.11,30.18,15.87,Alta,-11.799199999999999,-38.909949999999995,0.0,2919108
2919157,291915,Lapão,BA,Nordeste,2025,27014,12,1,1,1,4.44,3.7,3.7,3.7,37.7,38.82,39.94,40.61,41.06,42.18,40.61,4.49,1.61,83.05,Moderada,-11.52215,-41.78255,0.0,2919157
2919207,291920,Lauro de Freitas,BA,Nordeste,2025,219564,20,14,9,1,0.91,6.38,4.1,0.46,23.55,41.64,59.72,70.57,77.8,95.89,70.57,72.34,25.96,27.65,Alta,-12.8616,-38.3271,0.0,2919207
2919306,291930,Lençóis,BA,Nordeste,2025,11194,5,1,0,1,4.47,8.93,0.0,8.93,14.92,21.6,28.29,32.3,34.98,41.66,32.3,26.75,9.6,72.28,Moderada,-12.429649999999999,-41.314899999999994,0.0,2919306
2919405,291940,Licínio de Almeida,BA,Nordeste,2025,12202,8,1,1,1,6.56,8.2,8.2,8.2,17.0,15.86,14.72,14.04,13.58,12.44,14.04,4.56,1.64,87.43,Baixa,-14.611799999999999,-42.458349999999996,0.0,2919405
2919504,291950,Livramento de Nossa Senhora,BA,Nordeste,2025,46376,15,4,4,4,3.23,8.63,8.63,8.63,16.05,28.48,40.91,48.37,53.34,65.77,48.37,49.72,17.84,50.27,Moderada,-13.799299999999999,-42.0422,0.0,2919504
2919553,291955,Luís Eduardo Magalhães,BA,Nordeste,2025,118382,34,6,6,2,2.87,5.07,5.07,1.69,29.99,40.47,50.94,57.23,61.42,71.89,57.23,41.9,15.03,58.1,Alta,-12.19775,-46.02675,0.0,2919553
2919603,291960,Macajuba,BA,Nordeste,2025,10740,3,1,1,1,2.79,9.31,9.31,9.31,13.64,28.6,43.56,52.53,58.51,73.47,52.53,59.83,21.47,40.16,Alta,-12.1114,-40.25045,0.0,2919603
2919702,291970,Macarani,BA,Nordeste,2025,22768,6,1,1,1,2.64,4.39,4.39,4.39,33.42,44.17,54.91,61.36,65.65,76.4,61.36,42.97,15.42,57.02,Alta,-15.540099999999999,-40.418099999999995,0.0,2919702
2919801,291980,Macaúbas,BA,Nordeste,2025,43653,16,3,2,2,3.67,6.87,4.58,4.58,21.86,30.72,39.58,44.89,48.44,57.3,44.89,35.43,12.71,64.56,Moderada,-13.17325,-42.672200000000004,0.0,2919801
2919900,291990,Macururé,BA,Nordeste,2025,7435,5,1,0,1,6.72,13.45,0.0,13.45,7.45,8.39,9.33,9.9,10.28,11.22,9.9,3.77,1.35,91.47,Baixa,-9.262550000000001,-38.909,0.0,2919900
2919926,291992,Madre de Deus,BA,Nordeste,2025,19224,6,2,2,1,3.12,10.4,10.4,5.2,11.27,25.42,39.56,48.05,53.71,67.85,48.05,56.58,20.3,43.41,Moderada,-12.7403,-38.641549999999995,0.0,2919926
2919959,291995,Maetinga,BA,Nordeste,2025,7218,6,0,0,0,8.31,0.0,0.0,0.0,99.98,76.34,52.69,38.51,29.05,5.4,38.51,94.58,33.94,5.4,Moderada,-14.66655,-41.5263,21.42,2925709
2920007,292000,Maiquinique,BA,Nordeste,2025,9009,4,1,0,1,4.44,11.1,0.0,11.1,10.16,18.19,26.23,31.04,34.26,42.29,31.04,32.13,11.53,67.86,Moderada,-15.66555,-40.29195,0.0,2920007
2920106,292010,Mairi,BA,Nordeste,2025,18130,8,1,1,1,4.41,5.52,5.52,5.52,27.36,31.22,35.08,37.4,38.95,42.81,37.4,15.46,5.55,78.67,Moderada,-11.727699999999999,-40.13965,0.0,2920106
2920205,292020,Malhada,BA,Nordeste,2025,15814,6,1,0,1,3.79,6.32,0.0,6.32,23.64,31.4,39.16,43.81,46.92,54.68,43.81,31.04,11.14,68.96,Moderada,-14.12885,-43.66035,0.0,2920205
2920304,292030,Malhada de Pedras,BA,Nordeste,2025,8982,6,0,0,0,6.68,0.0,0.0,0.0,99.98,77.88,55.77,42.51,33.67,11.56,42.51,88.42,31.73,11.56,Moderada,-14.35175,-41.83725,21.18,2904605
2920403,292040,Manoel Vitorino,BA,Nordeste,2025,14287,5,0,0,0,3.5,0.0,0.0,0.0,99.98,90.23,80.48,74.63,70.73,60.98,74.63,39.01,14.0,60.99,Alta,-14.0671,-40.5626,34.92,2903953
2920452,292045,Mansidão,BA,Nordeste,2025,14542,8,1,0,0,5.5,6.88,0.0,0.0,21.77,22.32,22.86,23.19,23.4,23.95,23.19,2.17,0.78,85.89,Baixa,-11.03605,-44.162850000000006,0.0,2920452
2920502,292050,Maracás,BA,Nordeste,2025,29330,7,1,1,1,2.39,3.41,3.41,3.41,39.31,49.58,59.85,66.01,70.11,80.38,66.01,41.07,14.74,58.92,Alta,-13.53465,-40.530699999999996,0.0,2920502
2920601,292060,Maragogipe,BA,Nordeste,2025,37041,15,1,1,1,4.05,2.7,2.7,2.7,43.33,44.99,46.65,47.65,48.31,49.97,47.65,6.64,2.38,81.26,Moderada,-12.82075,-38.938550000000006,0.0,2920601
2920700,292070,Maraú,BA,Nordeste,2025,25804,11,0,0,0,4.26,0.0,0.0,0.0,99.98,86.49,72.99,64.9,59.5,46.01,64.9,53.98,19.37,46.01,Alta,-14.08155,-39.185950000000005,9.87,2905800
2920809,292080,Marcionílio Souza,BA,Nordeste,2025,9475,6,1,1,1,6.33,10.55,10.55,10.55,11.06,11.82,12.58,13.04,13.35,14.11,13.04,3.05,1.09,90.09,Baixa,-13.15475,-40.66775,0.0,2920809
2920908,292090,Mascote,BA,Nordeste,2025,13918,8,0,0,0,5.75,0.0,0.0,0.0,99.98,80.02,60.06,48.08,40.1,20.14,48.08,79.84,28.65,20.14,Moderada,-15.65695,-39.41735,25.4,2905602
2921005,292100,Mata de São João,BA,Nordeste,2025,44962,18,2,2,2,4.0,4.45,4.45,4.45,33.12,37.55,41.98,44.63,46.41,50.83,44.63,17.72,6.36,76.14,Moderada,-12.49155,-38.13905,0.0,2921005
2921054,292105,Matina,BA,Nordeste,2025,10611,5,1,0,1,4.71,9.42,0.0,9.42,13.03,19.06,25.09,28.7,31.11,37.14,28.7,24.11,8.65,74.11,Moderada,-13.854099999999999,-42.95569999999999,0.0,2921054
2921104,292110,Medeiros Neto,BA,Nordeste,2025,22801,11,1,1,1,4.82,4.39,4.39,4.39,33.44,33.78,34.12,34.33,34.46,34.81,34.33,1.36,0.49,83.54,Moderada,-17.3645,-40.26905,0.0,2921104
2921203,292120,Miguel Calmon,BA,Nordeste,2025,25263,11,1,1,1,4.35,3.96,3.96,3.96,36.08,38.05,40.03,41.21,42.0,43.98,41.21,7.9,2.83,81.31,Moderada,-11.42205,-40.627449999999996,0.0,2921203
2921302,292130,Milagres,BA,Nordeste,2025,11436,5,1,1,1,4.37,8.74,8.74,8.74,15.63,22.64,29.64,33.84,36.64,43.64,33.84,28.0,10.05,71.53,Moderada,-12.88185,-39.7829,0.0,2921302
2921401,292140,Mirangaba,BA,Nordeste,2025,16167,8,0,0,0,4.95,0.0,0.0,0.0,99.98,83.09,66.2,56.07,49.31,32.42,56.07,67.56,24.24,32.42,Alta,-10.82,-40.7782,41.36,2917508
2921450,292145,Mirante,BA,Nordeste,2025,10526,5,0,0,0,4.75,0.0,0.0,0.0,99.98,84.1,68.21,58.68,52.32,36.44,58.68,63.54,22.8,36.45,Alta,-14.12195,-40.70685,32.89,2903953
2921500,292150,Monte Santo,BA,Nordeste,2025,49807,18,1,1,1,3.61,2.01,2.01,2.01,46.65,49.56,52.48,54.22,55.39,58.3,54.22,11.65,4.18,82.37,Alta,-10.38215,-39.45575,0.0,2921500
2921609,292160,Morpará,BA,Nordeste,2025,8220,3,0,0,0,3.65,0.0,0.0,0.0,99.98,89.41,78.84,72.49,68.26,57.69,72.49,42.29,15.17,57.7,Alta,-11.7514,-43.0199,29.54,2913200
2921708,292170,Morro do Chapéu,BA,Nordeste,2025,35235,21,1,1,1,5.96,2.84,2.84,2.84,42.58,36.39,30.21,26.5,24.03,17.84,26.5,24.74,8.88,67.67,Moderada,-11.3797,-41.1827,0.0,2921708
2921807,292180,Mortugaba,BA,Nordeste,2025,11477,7,1,1,1,6.1,8.71,8.71,8.71,15.76,15.91,16.07,16.16,16.22,16.37,16.16,0.61,0.22,89.07,Baixa,-14.9679,-42.3277,0.0,2921807
2921906,292190,Mucugê,BA,Nordeste,2025,12712,6,1,1,1,4.72,7.87,7.87,7.87,17.86,22.66,27.45,30.33,32.25,37.05,30.33,19.19,6.89,77.99,Moderada,-13.06795,-41.4424,0.0,2921906
2922003,292200,Mucuri,BA,Nordeste,2025,40114,15,2,2,1,3.74,4.99,4.99,2.49,30.34,36.68,43.02,46.82,49.36,55.7,46.82,25.36,9.1,72.15,Moderada,-18.03575,-39.87735,0.0,2922003
2922052,292205,Mulungu do Morro,BA,Nordeste,2025,13648,6,1,1,1,4.4,7.33,7.33,7.33,19.21,25.19,31.18,34.77,37.17,43.15,34.77,23.95,8.59,74.58,Moderada,-12.000399999999999,-41.52205,0.0,2922052
2922102,292210,Mundo Novo,BA,Nordeste,2025,17197,6,1,1,1,3.49,5.81,5.81,5.81,25.44,34.37,43.3,48.67,52.24,61.17,48.67,35.74,12.82,64.25,Moderada,-11.87095,-40.591750000000005,0.0,2922102
2922201,292220,Muniz Ferreira,BA,Nordeste,2025,7453,4,0,0,0,5.37,0.0,0.0,0.0,99.98,81.41,62.84,51.7,44.27,25.7,51.7,74.28,26.65,25.71,Alta,-12.9997,-39.08925,14.27,2928703
2922250,292225,Muquém do São Francisco,BA,Nordeste,2025,10803,4,0,0,0,3.7,0.0,0.0,0.0,99.98,89.11,78.24,71.72,67.38,56.51,71.72,43.48,15.6,56.52,Alta,-12.212499999999999,-43.55825,37.36,2904407
2922300,292230,Muritiba,BA,Nordeste,2025,30180,10,2,2,1,3.31,6.63,6.63,3.31,22.78,33.19,43.59,49.84,54.0,64.4,49.84,41.63,14.94,58.37,Moderada,-12.62085,-39.075,0.0,2922300
2922409,292240,Mutuípe,BA,Nordeste,2025,20590,9,1,1,1,4.37,4.86,4.86,4.86,31.05,34.2,37.35,39.24,40.5,43.65,39.24,12.6,4.52,79.37,Moderada,-13.3265,-39.512249999999995,0.0,2922409
2922508,292250,Nazaré,BA,Nordeste,2025,28427,12,1,1,1,4.22,3.52,3.52,3.52,38.79,40.79,42.78,43.98,44.78,46.78,43.98,7.99,2.87,80.9,Moderada,-12.9494,-38.96785,0.0,2922508
2922607,292260,Nilo Peçanha,BA,Nordeste,2025,12399,9,0,0,0,7.26,0.0,0.0,0.0,99.98,77.06,54.15,40.4,31.23,8.31,40.4,91.67,32.89,8.31,Moderada,-13.65015,-39.20765,7.77,2931202
2922656,292265,Nordestina,BA,Nordeste,2025,19711,8,1,0,1,4.06,5.07,0.0,5.07,29.98,34.9,39.83,42.79,44.76,49.69,42.79,19.71,7.07,75.49,Moderada,-10.8866,-39.45595,0.0,2922656
2922706,292270,Nova Canaã,BA,Nordeste,2025,13970,11,1,1,1,7.87,7.16,7.16,7.16,19.87,16.45,13.03,10.98,9.61,6.19,10.98,13.68,4.91,82.68,Baixa,-14.8533,-40.17245,0.0,2922706
2922730,292273,Nova Fátima,BA,Nordeste,2025,8283,4,1,0,1,4.83,12.07,0.0,12.07,8.98,15.4,21.82,25.67,28.24,34.66,25.67,25.69,9.22,73.36,Moderada,-11.6166,-39.651399999999995,0.0,2922730
2922755,292275,Nova Ibiá,BA,Nordeste,2025,6696,3,0,0,0,4.48,0.0,0.0,0.0,99.98,85.38,70.78,62.02,56.17,41.57,62.02,58.41,20.96,41.58,Alta,-13.817450000000001,-39.584050000000005,12.17,2911204
2922805,292280,Nova Itarana,BA,Nordeste,2025,8073,6,0,0,0,7.43,0.0,0.0,0.0,99.98,76.9,53.81,39.96,30.73,7.65,39.96,92.34,33.13,7.65,Moderada,-13.04485,-40.049350000000004,19.78,2914208
2922854,292285,Nova Redenção,BA,Nordeste,2025,7670,5,0,0,0,6.52,0.0,0.0,0.0,99.98,78.16,56.34,43.24,34.51,12.69,43.24,87.29,31.32,12.69,Moderada,-12.7727,-41.113550000000004,9.82,2901304
2922904,292290,Nova Soure,BA,Nordeste,2025,24865,10,1,0,1,4.02,4.02,0.0,4.02,35.56,39.3,43.04,45.29,46.79,50.53,45.29,14.97,5.37,77.38,Moderada,-11.32625,-38.57365,0.0,2922904
2923001,292300,Nova Viçosa,BA,Nordeste,2025,41629,12,1,1,1,2.88,2.4,2.4,2.4,44.89,51.58,58.27,62.29,64.97,71.66,62.29,26.76,9.6,72.59,Alta,-17.88725,-39.6627,0.0,2923001
2923035,292303,Novo Horizonte,BA,Nordeste,2025,11586,7,0,0,0,6.04,0.0,0.0,0.0,99.98,79.24,58.49,46.04,37.74,17.0,46.04,82.98,29.78,17.0,Moderada,-12.86665,-42.1415,22.48,2912509
2923050,292305,Novo Triunfo,BA,Nordeste,2025,11060,1,0,0,0,0.9,0.0,0.0,0.0,99.98,98.97,97.96,97.36,96.95,95.94,97.36,4.04,1.45,95.96,Muito alta,-10.365300000000001,-38.46105,17.55,2907806
2923100,292310,Olindina,BA,Nordeste,2025,22956,8,1,1,1,3.48,4.36,4.36,4.36,33.55,40.48,47.42,51.58,54.35,61.28,51.58,27.73,9.95,70.74,Alta,-11.44495,-38.355599999999995,0.0,2923100
2923209,292320,Oliveira dos Brejinhos,BA,Nordeste,2025,21323,13,1,1,1,6.1,4.69,4.69,4.69,31.79,27.94,24.09,21.78,20.24,16.39,21.78,15.4,5.53,75.67,Baixa,-12.255400000000002,-42.73465,0.0,2923209
2923308,292330,Ouriçangas,BA,Nordeste,2025,7925,6,1,0,1,7.57,12.62,0.0,12.62,8.36,8.07,7.78,7.61,7.49,7.2,7.61,1.17,0.42,93.36,Baixa,-12.00785,-38.65215,0.0,2923308
2923357,292335,Ourolândia,BA,Nordeste,2025,20141,8,1,0,1,3.97,4.96,0.0,4.96,30.48,35.71,40.94,44.08,46.18,51.41,44.08,20.93,7.51,74.74,Moderada,-10.83295,-41.169700000000006,0.0,2923357
2923407,292340,Palmas de Monte Alto,BA,Nordeste,2025,20666,9,1,1,1,4.35,4.84,4.84,4.84,31.11,34.32,37.53,39.46,40.75,43.96,39.46,12.85,4.61,79.23,Moderada,-14.1951,-43.20285,0.0,2923407
2923506,292350,Palmeiras,BA,Nordeste,2025,10894,5,0,0,0,4.59,0.0,0.0,0.0,99.98,84.85,69.71,60.63,54.57,39.44,60.63,60.55,21.72,39.44,Alta,-12.53425,-41.5591,28.95,2919306
2923605,292360,Paramirim,BA,Nordeste,2025,21025,14,3,3,3,6.66,14.27,14.27,14.27,6.8,8.03,9.25,9.99,10.48,11.7,9.99,4.9,1.76,90.95,Baixa,-13.4972,-42.241,0.0,2923605
2923704,292370,Paratinga,BA,Nordeste,2025,30680,8,1,1,1,2.61,3.26,3.26,3.26,40.17,49.37,58.56,64.08,67.76,76.95,64.08,36.78,13.2,63.21,Alta,-12.74595,-43.083,0.0,2923704
2923803,292380,Paripiranga,BA,Nordeste,2025,27860,13,1,0,1,4.67,3.59,0.0,3.59,38.36,38.28,38.21,38.16,38.13,38.05,38.16,0.31,0.11,85.44,Moderada,-10.6003,-37.92295,0.0,2923803
2923902,292390,Pau Brasil,BA,Nordeste,2025,9537,2,1,0,1,2.1,10.49,0.0,10.49,11.15,29.55,47.96,59.01,66.37,84.78,59.01,73.63,26.42,26.36,Alta,-15.457699999999999,-39.7063,0.0,2923902
2924009,292400,Paulo Afonso,BA,Nordeste,2025,119418,29,9,8,3,2.43,7.54,6.7,2.51,18.61,33.86,49.1,58.25,64.35,79.59,58.25,60.98,21.88,39.01,Alta,-9.53275,-38.2761,0.0,2924009
2924207,292420,Pedro Alexandre,BA,Nordeste,2025,14226,8,0,0,0,5.62,0.0,0.0,0.0,99.98,80.47,60.97,49.26,41.46,21.95,49.26,78.03,28.0,21.96,Moderada,-10.093,-37.94370000000001,38.25,2801405
2924108,292410,Pedrão,BA,Nordeste,2025,6403,3,0,0,0,4.69,0.0,0.0,0.0,99.98,84.41,68.85,59.51,53.28,37.71,59.51,62.27,22.34,37.72,Alta,-12.1235,-38.65175,12.86,2923308
2924306,292430,Piatã,BA,Nordeste,2025,20938,0,1,1,1,0.0,4.78,4.78,4.78,31.38,48.53,65.68,75.97,82.83,99.98,75.97,68.61,24.62,31.38,Muito alta,-13.04195,-41.87575,0.0,2924306
2924405,292440,Pilão Arcado,BA,Nordeste,2025,37388,2,1,1,1,0.53,2.67,2.67,2.67,43.53,57.06,70.6,78.72,84.13,97.67,78.72,54.14,19.43,45.85,Muito alta,-9.9601,-43.071200000000005,0.0,2924405
2924504,292450,Pindaí,BA,Nordeste,2025,15125,9,1,1,1,5.95,6.61,6.61,6.61,22.81,21.59,20.36,19.63,19.14,17.91,19.63,4.9,1.76,84.09,Baixa,-14.47675,-42.6798,0.0,2924504
2924603,292460,Pindobaçu,BA,Nordeste,2025,19601,13,1,1,1,6.63,5.1,5.1,5.1,29.82,25.34,20.86,18.17,16.38,11.9,18.17,17.91,6.43,75.71,Baixa,-10.71845,-40.3414,0.0,2924603
2924652,292465,Pintadas,BA,Nordeste,2025,10654,7,1,1,1,6.57,9.39,9.39,9.39,13.3,13.07,12.83,12.69,12.6,12.37,12.69,0.93,0.33,90.63,Baixa,-11.8747,-39.8803,0.0,2924652
2924678,292467,Piraí do Norte,BA,Nordeste,2025,11481,6,0,0,0,5.23,0.0,0.0,0.0,99.98,81.96,63.94,53.13,45.92,27.89,53.13,72.09,25.87,27.9,Alta,-13.81155,-39.36794999999999,11.36,2911204
2924702,292470,Piripá,BA,Nordeste,2025,9143,7,1,0,1,7.66,10.94,0.0,10.94,10.41,9.51,8.62,8.08,7.72,6.82,8.08,3.59,1.29,91.38,Baixa,-15.00215,-41.7087,0.0,2924702
2924801,292480,Piritiba,BA,Nordeste,2025,17697,7,1,1,1,3.96,5.65,5.65,5.65,26.44,32.74,39.03,42.81,45.33,51.62,42.81,25.18,9.04,72.8,Moderada,-11.69705,-40.58595,0.0,2924801
2924900,292490,Planaltino,BA,Nordeste,2025,8239,5,2,2,2,6.07,24.27,24.27,24.27,1.74,5.47,9.21,11.45,12.94,16.68,11.45,14.93,5.36,84.92,Baixa,-13.1945,-40.33105,0.0,2924900
2925006,292500,Planalto,BA,Nordeste,2025,24026,10,1,1,1,4.16,4.16,4.16,4.16,34.41,37.8,41.19,43.22,44.57,47.96,43.22,13.55,4.86,78.42,Moderada,-14.73655,-40.46215,0.0,2925006
2925204,292520,Pojuca,BA,Nordeste,2025,33573,15,2,2,1,4.47,5.96,5.96,2.98,24.86,29.06,33.25,35.77,37.45,41.64,35.77,16.78,6.02,78.15,Moderada,-12.35615,-38.26475,0.0,2925204
2925253,292525,Ponto Novo,BA,Nordeste,2025,18763,14,2,1,2,7.46,10.66,5.33,10.66,10.86,10.03,9.19,8.69,8.36,7.52,8.69,3.34,1.2,91.2,Baixa,-10.99035,-40.1148,0.0,2925253
2925303,292530,Porto Seguro,BA,Nordeste,2025,182630,45,5,5,1,2.46,2.74,2.74,0.55,43.13,52.08,61.02,66.39,69.96,78.91,66.39,35.77,12.84,64.22,Alta,-16.63725,-39.26395,0.0,2925303
2925402,292540,Potiraguá,BA,Nordeste,2025,10651,6,1,0,1,5.63,9.39,0.0,9.39,13.25,15.37,17.5,18.78,19.63,21.76,18.78,8.51,3.05,85.12,Baixa,-15.6739,-39.747749999999996,0.0,2925402
2925105,292510,Poções,BA,Nordeste,2025,50773,14,1,1,1,2.76,1.97,1.97,1.97,46.87,53.7,60.53,64.63,67.36,74.19,64.63,27.32,9.8,71.42,Alta,-14.569199999999999,-40.42185,0.0,2925105
2925501,292550,Prado,BA,Nordeste,2025,37533,12,2,1,1,3.2,5.33,2.66,2.66,28.4,37.92,47.44,53.16,56.96,66.49,53.16,38.09,13.67,61.9,Alta,-17.1671,-39.3767,0.0,2925501
2925600,292560,Presidente Dutra,BA,Nordeste,2025,15677,6,1,1,1,3.83,6.38,6.38,6.38,23.53,31.09,38.65,43.18,46.2,53.76,43.18,30.23,10.85,69.77,Moderada,-11.318249999999999,-41.99275,0.0,2925600
2925709,292570,Presidente Jânio Quadros,BA,Nordeste,2025,12963,8,1,1,1,6.17,7.71,7.71,7.71,18.22,17.6,16.98,16.61,16.36,15.74,16.61,2.48,0.89,87.29,Baixa,-14.69305,-41.7235,0.0,2925709
2925758,292575,Presidente Tancredo Neves,BA,Nordeste,2025,29489,10,1,0,1,3.39,3.39,0.0,3.39,39.4,45.27,51.14,54.66,57.01,62.88,54.66,23.48,8.42,74.58,Alta,-13.45025,-39.43615,0.0,2925758
2924058,292405,Pé de Serra,BA,Nordeste,2025,13677,7,1,1,1,5.12,7.31,7.31,7.31,19.26,21.86,24.47,26.03,27.07,29.67,26.03,10.41,3.74,82.32,Moderada,-11.892949999999999,-39.607200000000006,0.0,2924058
2925808,292580,Queimadas,BA,Nordeste,2025,27429,8,1,0,1,2.92,3.65,0.0,3.65,38.13,46.42,54.71,59.69,63.0,71.3,59.69,33.17,11.9,66.82,Alta,-11.04515,-39.7197,0.0,2925808
2925907,292590,Quijingue,BA,Nordeste,2025,26443,12,1,0,1,4.54,3.78,0.0,3.78,37.08,37.93,38.77,39.28,39.62,40.46,39.28,3.37,1.21,83.79,Moderada,-10.8113,-39.0024,0.0,2925907
2925931,292593,Quixabeira,BA,Nordeste,2025,9839,5,0,0,0,5.08,0.0,0.0,0.0,99.98,82.53,65.08,54.61,47.63,30.17,54.61,69.81,25.05,30.18,Alta,-11.37545,-40.1162,15.2,2906873
2925956,292595,Rafael Jambeiro,BA,Nordeste,2025,20081,10,1,1,1,4.98,4.98,4.98,4.98,30.35,30.74,31.13,31.37,31.52,31.92,31.37,1.56,0.56,84.36,Moderada,-12.472100000000001,-39.6169,0.0,2925956
2926004,292600,Remanso,BA,Nordeste,2025,42855,5,3,3,3,1.17,7.0,7.0,7.0,20.89,39.19,57.48,68.45,75.77,94.06,68.45,73.16,26.25,26.82,Alta,-9.63315,-42.28635,0.0,2926004
2926103,292610,Retirolândia,BA,Nordeste,2025,14174,9,1,1,1,6.35,7.06,7.06,7.06,20.55,18.9,17.25,16.26,15.6,13.95,16.26,6.61,2.37,84.74,Baixa,-11.4864,-39.410700000000006,0.0,2926103
2926400,292640,Riacho de Santana,BA,Nordeste,2025,32060,14,1,1,1,4.37,3.12,3.12,3.12,40.85,41.57,42.29,42.72,43.01,43.73,42.72,2.87,1.03,83.48,Moderada,-13.64195,-43.061899999999994,0.0,2926400
2926202,292620,Riachão das Neves,BA,Nordeste,2025,22329,8,1,1,1,3.58,4.48,4.48,4.48,32.99,39.49,45.98,49.88,52.47,58.97,49.88,25.97,9.32,71.51,Moderada,-11.6747,-45.37735,0.0,2926202
2926301,292630,Riachão do Jacuípe,BA,Nordeste,2025,35188,14,4,4,2,3.98,11.37,11.37,5.68,9.85,20.21,30.56,36.77,40.91,51.27,36.77,41.41,14.86,58.58,Moderada,-11.7938,-39.4405,0.0,2926301
2926509,292650,Ribeira do Amparo,BA,Nordeste,2025,14528,8,1,0,0,5.51,6.88,0.0,0.0,21.76,22.28,22.8,23.11,23.32,23.84,23.11,2.08,0.75,85.94,Baixa,-10.959,-38.38415,0.0,2926509
2926608,292660,Ribeira do Pombal,BA,Nordeste,2025,56316,31,3,3,2,5.5,5.33,5.33,3.55,28.42,27.28,26.14,25.46,25.01,23.87,25.46,4.54,1.63,82.44,Moderada,-10.7924,-38.5731,0.0,2926608
2926657,292665,Ribeirão do Largo,BA,Nordeste,2025,10029,6,0,0,0,5.98,0.0,0.0,0.0,99.98,79.39,58.8,46.45,38.22,17.63,46.45,82.36,29.55,17.63,Moderada,-15.4592,-40.68175,28.59,2910404
2927002,292700,Rio Real,BA,Nordeste,2025,36966,11,1,1,1,2.98,2.71,2.71,2.71,43.26,50.06,56.86,60.94,63.66,70.45,60.94,27.19,9.76,72.48,Alta,-11.5401,-37.9062,0.0,2927002
2926707,292670,Rio de Contas,BA,Nordeste,2025,13634,9,1,0,1,6.6,7.33,0.0,7.33,19.19,17.44,15.69,14.64,13.94,12.19,14.64,7.0,2.51,85.39,Baixa,-13.62785,-41.73125,0.0,2926707
2926806,292680,Rio do Antônio,BA,Nordeste,2025,13495,10,0,0,0,7.41,0.0,0.0,0.0,99.98,76.93,53.88,40.05,30.82,7.77,40.05,92.21,33.09,7.77,Moderada,-14.3244,-42.08135,25.78,2912004
2926905,292690,Rio do Pires,BA,Nordeste,2025,10781,6,2,2,2,5.57,18.55,18.55,18.55,3.75,8.52,13.29,16.15,18.06,22.83,16.15,19.08,6.85,80.18,Baixa,-13.1356,-42.14515,0.0,2926905
2927101,292710,Rodelas,BA,Nordeste,2025,10884,7,1,0,1,6.43,9.19,0.0,9.19,14.05,13.83,13.61,13.47,13.38,13.16,13.47,0.9,0.32,90.22,Baixa,-9.235,-38.726,0.0,2927101
2927200,292720,Ruy Barbosa,BA,Nordeste,2025,29590,12,1,1,1,4.06,3.38,3.38,3.38,39.49,42.06,44.63,46.18,47.2,49.78,46.18,10.29,3.69,79.66,Moderada,-12.268049999999999,-40.57655,0.0,2927200
2927309,292730,Salinas da Margarida,BA,Nordeste,2025,15629,6,1,1,1,3.84,6.4,6.4,6.4,23.39,30.93,38.47,42.99,46.01,53.55,42.99,30.16,10.82,69.84,Moderada,-12.88375,-38.7594,0.0,2927309
2927408,292740,Salvador,BA,Nordeste,2025,2564204,178,120,99,17,0.69,4.68,3.86,0.66,31.88,48.17,64.46,74.23,80.75,97.04,74.23,65.16,23.38,34.83,Alta,-12.874400000000001,-38.50145,0.0,2927408
2927606,292760,Santa Brígida,BA,Nordeste,2025,15417,9,0,0,0,5.84,0.0,0.0,0.0,99.98,79.78,59.59,47.47,39.39,19.19,47.47,80.79,28.99,19.19,Moderada,-9.75465,-38.222,25.38,2924009
2927507,292750,Santa Bárbara,BA,Nordeste,2025,21787,9,1,0,1,4.13,4.59,0.0,4.59,32.49,36.52,40.56,42.98,44.59,48.63,42.98,16.14,5.79,77.06,Moderada,-11.93185,-38.981700000000004,0.0,2927507
2927705,292770,Santa Cruz Cabrália,BA,Nordeste,2025,31007,15,1,1,1,4.84,3.23,3.23,3.23,40.35,38.89,37.43,36.55,35.96,34.5,36.55,5.85,2.1,81.24,Moderada,-16.22385,-39.20245,0.0,2927705
2927804,292780,Santa Cruz da Vitória,BA,Nordeste,2025,4663,3,0,0,0,6.43,0.0,0.0,0.0,99.98,78.27,56.56,43.53,34.85,13.14,43.53,86.84,31.16,13.14,Moderada,-14.8774,-39.78635,24.14,2912103
2927903,292790,Santa Inês,BA,Nordeste,2025,10625,5,1,1,1,4.71,9.41,9.41,9.41,13.1,19.16,25.22,28.85,31.28,37.34,28.85,24.23,8.7,74.0,Moderada,-13.276499999999999,-39.851299999999995,0.0,2927903
2928059,292805,Santa Luzia,BA,Nordeste,2025,14392,5,0,0,0,3.47,0.0,0.0,0.0,99.98,90.35,80.72,74.94,71.09,61.46,74.94,38.52,13.82,61.47,Alta,-15.4709,-39.24875,20.64,2906303
2928109,292810,Santa Maria da Vitória,BA,Nordeste,2025,40474,15,3,2,1,3.71,7.41,4.94,2.47,18.96,28.33,37.7,43.33,47.08,56.45,43.33,37.5,13.45,62.5,Moderada,-13.1852,-44.3497,0.0,2928109
2928406,292840,Santa Rita de Cássia,BA,Nordeste,2025,28890,10,1,1,1,3.46,3.46,3.46,3.46,39.1,44.76,50.43,53.83,56.1,61.77,53.83,22.67,8.13,73.63,Alta,-10.985800000000001,-44.5583,0.0,2928406
2928505,292850,Santa Terezinha,BA,Nordeste,2025,10882,6,1,1,1,5.51,9.19,9.19,9.19,14.04,16.44,18.85,20.29,21.25,23.66,20.29,9.62,3.45,84.18,Baixa,-12.7403,-39.55685,0.0,2928505
2928000,292800,Santaluz,BA,Nordeste,2025,40066,13,3,3,3,3.24,7.49,7.49,7.49,18.74,30.44,42.14,49.16,53.84,65.54,49.16,46.8,16.79,53.2,Moderada,-11.199349999999999,-39.540350000000004,0.0,2928000
2928208,292820,Santana,BA,Nordeste,2025,25521,9,1,1,1,3.53,3.92,3.92,3.92,36.42,42.38,48.35,51.93,54.31,60.28,51.93,23.86,8.56,72.59,Alta,-13.08035,-43.9482,0.0,2928208
2928307,292830,Santanópolis,BA,Nordeste,2025,9035,4,1,0,1,4.43,11.07,0.0,11.07,10.21,18.29,26.36,31.2,34.43,42.51,31.2,32.29,11.59,67.7,Moderada,-11.959700000000002,-38.8607,0.0,2928307
2928604,292860,Santo Amaro,BA,Nordeste,2025,58398,19,6,5,4,3.25,10.27,8.56,6.85,11.45,24.92,38.4,46.48,51.87,65.34,46.48,53.89,19.34,46.1,Moderada,-12.5474,-38.762550000000005,0.0,2928604
2928703,292870,Santo Antônio de Jesus,BA,Nordeste,2025,109791,29,9,8,3,2.64,8.2,7.29,2.73,16.98,31.8,46.62,55.51,61.43,76.25,55.51,59.27,21.27,40.72,Alta,-13.0174,-39.219750000000005,0.0,2928703
2928802,292880,Santo Estêvão,BA,Nordeste,2025,55146,14,1,1,1,2.54,1.81,1.81,1.81,47.42,55.02,62.62,67.18,70.22,77.81,67.18,30.39,10.9,68.82,Alta,-12.46035,-39.255700000000004,0.0,2928802
2929602,292960,Sapeaçu,BA,Nordeste,2025,18656,8,2,2,1,4.29,10.72,10.72,5.36,10.73,19.41,28.08,33.29,36.76,45.43,33.29,34.7,12.45,65.3,Moderada,-12.7294,-39.2086,0.0,2929602
2929750,292975,Saubara,BA,Nordeste,2025,11859,6,1,0,1,5.06,8.43,0.0,8.43,16.42,19.94,23.45,25.56,26.97,30.48,25.56,14.05,5.04,80.9,Moderada,-12.777650000000001,-38.76649999999999,0.0,2929750
2929800,292980,Saúde,BA,Nordeste,2025,10661,5,1,1,1,4.69,9.38,9.38,9.38,13.35,19.42,25.49,29.13,31.56,37.62,29.13,24.27,8.71,74.08,Moderada,-10.9069,-40.36595,0.0,2929800
2929909,292990,Seabra,BA,Nordeste,2025,48721,10,4,3,2,2.05,8.21,6.16,4.11,16.96,34.06,51.16,61.42,68.26,85.35,61.42,68.39,24.54,31.6,Alta,-12.38825,-41.9054,0.0,2929909
2930006,293000,Sebastião Laranjeiras,BA,Nordeste,2025,9581,5,1,1,1,5.22,10.44,10.44,10.44,11.22,15.43,19.65,22.17,23.86,28.07,22.17,16.86,6.05,80.02,Baixa,-14.574,-43.162099999999995,0.0,2930006
2930105,293010,Senhor do Bonfim,BA,Nordeste,2025,78090,19,3,2,2,2.43,3.84,2.56,2.56,36.82,47.47,58.12,64.51,68.78,79.43,64.51,42.61,15.29,57.38,Alta,-10.48065,-40.10925,0.0,2930105
2930204,293020,Sento Sé,BA,Nordeste,2025,40232,8,1,1,1,1.99,2.49,2.49,2.49,44.46,54.86,65.26,71.5,75.66,86.05,71.5,41.59,14.92,58.4,Alta,-10.09755,-41.694649999999996,0.0,2930204
2930303,293030,Serra Dourada,BA,Nordeste,2025,17574,8,1,1,1,4.55,5.69,5.69,5.69,26.1,29.63,33.16,35.28,36.69,40.23,35.28,14.13,5.07,79.08,Moderada,-12.8116,-43.8578,0.0,2930303
2930402,293040,Serra Preta,BA,Nordeste,2025,18754,8,1,1,1,4.27,5.33,5.33,5.33,28.36,32.76,37.16,39.8,41.55,45.95,39.8,17.59,6.31,76.91,Moderada,-12.117149999999999,-39.40415,0.0,2930402
2930154,293015,Serra do Ramalho,BA,Nordeste,2025,36252,1,1,1,1,0.28,2.76,2.76,2.76,43.08,56.88,70.68,78.96,84.48,98.28,78.96,55.2,19.81,44.79,Muito alta,-13.49705,-43.6822,0.0,2930154
2930501,293050,Serrinha,BA,Nordeste,2025,84690,25,6,5,3,2.95,7.08,5.9,3.54,20.34,32.94,45.54,53.1,58.14,70.74,53.1,50.4,18.09,49.59,Alta,-11.68355,-39.00635,0.0,2930501
2930600,293060,Serrolândia,BA,Nordeste,2025,13863,5,1,1,1,3.61,7.21,7.21,7.21,19.51,29.26,39.01,44.85,48.75,58.5,44.85,38.99,13.99,61.01,Moderada,-11.44755,-40.2803,0.0,2930600
2930709,293070,Simões Filho,BA,Nordeste,2025,120419,19,5,4,1,1.58,4.15,3.32,0.83,34.46,48.48,62.5,70.91,76.52,90.54,70.91,56.08,20.12,43.91,Alta,-12.763750000000002,-38.39815,0.0,2930709
2930774,293077,Sobradinho,BA,Nordeste,2025,27097,9,1,1,1,3.32,3.69,3.69,3.69,37.77,44.38,50.99,54.95,57.6,64.21,54.95,26.44,9.49,72.82,Alta,-9.655000000000001,-40.89075,0.0,2930774
2930808,293080,Souto Soares,BA,Nordeste,2025,17724,9,1,1,1,5.08,5.64,5.64,5.64,26.48,27.42,28.37,28.94,29.32,30.26,28.94,3.79,1.36,84.18,Moderada,-11.984200000000001,-41.74015,0.0,2930808
2929701,292970,Sátiro Dias,BA,Nordeste,2025,16476,6,1,1,0,3.64,6.07,6.07,0.0,24.45,32.8,41.15,46.16,49.5,57.85,46.16,33.41,11.99,66.59,Moderada,-11.55545,-38.58965,0.0,2929701
2928901,292890,São Desidério,BA,Nordeste,2025,34982,18,1,1,1,5.15,2.86,2.86,2.86,42.51,39.16,35.82,33.81,32.48,29.13,33.81,13.37,4.8,75.6,Moderada,-12.87935,-45.439800000000005,0.0,2928901
2928950,292895,São Domingos,BA,Nordeste,2025,8690,8,1,0,1,9.21,11.51,0.0,11.51,9.71,8.14,6.57,5.63,5.0,3.43,5.63,6.28,2.25,91.29,Baixa,-11.457899999999999,-39.58805,0.0,2928950
2929107,292910,São Felipe,BA,Nordeste,2025,20923,6,1,1,1,2.87,4.78,4.78,4.78,31.34,41.51,51.68,57.78,61.85,72.02,57.78,40.67,14.59,59.32,Alta,-12.849450000000001,-39.0941,0.0,2929107
2929206,292920,São Francisco do Conde,BA,Nordeste,2025,41110,17,1,1,1,4.14,2.43,2.43,2.43,44.75,45.7,46.64,47.21,47.59,48.54,47.21,3.79,1.36,82.68,Moderada,-12.64625,-38.62665,0.0,2929206
2929008,292900,São Félix,BA,Nordeste,2025,11102,6,1,1,1,5.4,9.01,9.01,9.01,14.72,17.35,19.99,21.57,22.62,25.26,21.57,10.54,3.78,83.38,Baixa,-12.661100000000001,-38.99785,0.0,2929008
2929057,292905,São Félix do Coribe,BA,Nordeste,2025,15780,8,2,2,1,5.07,12.67,12.67,6.34,8.35,13.84,19.34,22.64,24.84,30.34,22.64,21.99,7.89,76.28,Baixa,-13.5487,-44.04005,0.0,2929057
2929255,292925,São Gabriel,BA,Nordeste,2025,19229,9,1,1,1,4.68,5.2,5.2,5.2,29.35,31.46,33.57,34.83,35.68,37.78,34.83,8.44,3.03,80.9,Moderada,-11.0361,-41.68835,0.0,2929255
2929305,292930,São Gonçalo dos Campos,BA,Nordeste,2025,42171,12,1,1,1,2.85,2.37,2.37,2.37,45.04,51.88,58.71,62.82,65.55,72.39,62.82,27.36,9.82,72.08,Alta,-12.4058,-38.94565,0.0,2929305
2929354,292935,São José da Vitória,BA,Nordeste,2025,5432,3,0,0,0,5.52,0.0,0.0,0.0,99.98,80.87,61.77,50.3,42.66,23.55,50.3,76.43,27.42,23.55,Alta,-15.0765,-39.3459,18.28,2918555
2929370,292937,São José do Jacuípe,BA,Nordeste,2025,10576,7,0,0,0,6.62,0.0,0.0,0.0,99.98,77.99,56.0,42.8,34.0,12.01,42.8,87.97,31.57,12.01,Moderada,-11.42275,-39.9216,16.74,2906873
2929404,292940,São Miguel das Matas,BA,Nordeste,2025,10615,8,1,1,1,7.54,9.42,9.42,9.42,13.07,11.63,10.19,9.32,8.75,7.31,9.32,5.76,2.07,89.16,Baixa,-13.03825,-39.394,0.0,2929404
2929503,292950,São Sebastião do Passé,BA,Nordeste,2025,42944,17,1,1,1,3.96,2.33,2.33,2.33,45.2,46.79,48.38,49.34,49.98,51.57,49.34,6.37,2.29,81.36,Moderada,-12.52375,-38.4945,0.0,2929503
2930758,293075,Sítio do Mato,BA,Nordeste,2025,13982,7,1,1,1,5.01,7.15,7.15,7.15,19.91,22.79,25.67,27.4,28.55,31.43,27.4,11.52,4.13,81.47,Moderada,-12.868099999999998,-43.45425,0.0,2930758
2930766,293076,Sítio do Quinto,BA,Nordeste,2025,14435,6,0,0,0,4.16,0.0,0.0,0.0,99.98,87.0,74.03,66.24,61.05,48.07,66.24,51.91,18.63,48.08,Alta,-10.3207,-38.17045,14.92,2901601
2930907,293090,Tabocas do Brejo Velho,BA,Nordeste,2025,12368,1,1,1,1,0.81,8.09,8.09,8.09,17.32,37.13,56.94,68.82,76.75,96.55,68.82,79.23,28.43,20.75,Alta,-12.50425,-44.13775,0.0,2930907
2931004,293100,Tanhaçu,BA,Nordeste,2025,21787,10,1,0,1,4.59,4.59,0.0,4.59,32.49,34.22,35.95,36.99,37.69,39.42,36.99,6.93,2.49,82.73,Moderada,-14.1304,-41.20155,0.0,2931004
2931053,293105,Tanque Novo,BA,Nordeste,2025,17812,9,1,1,1,5.05,5.61,5.61,5.61,26.62,27.61,28.6,29.2,29.6,30.59,29.2,3.97,1.42,84.08,Moderada,-13.5506,-42.53575,0.0,2931053
2931103,293110,Tanquinho,BA,Nordeste,2025,7991,6,1,0,1,7.51,12.51,0.0,12.51,8.51,8.23,7.95,7.78,7.67,7.4,7.78,1.11,0.4,93.25,Baixa,-11.943449999999999,-39.096450000000004,0.0,2931103
2931202,293120,Taperoá,BA,Nordeste,2025,18556,12,1,1,1,6.47,5.39,5.39,5.39,28.02,24.24,20.46,18.2,16.68,12.91,18.2,15.11,5.42,77.65,Baixa,-13.5807,-39.2153,0.0,2931202
2931301,293130,Tapiramutá,BA,Nordeste,2025,16226,5,1,1,1,3.08,6.16,6.16,6.16,24.21,35.34,46.47,53.15,57.6,68.73,53.15,44.52,15.97,55.48,Alta,-11.872050000000002,-40.77595,0.0,2931301
2931350,293135,Teixeira de Freitas,BA,Nordeste,2025,153738,46,12,12,3,2.99,7.81,7.81,1.95,17.99,31.04,44.09,51.92,57.14,70.18,51.92,52.2,18.73,47.79,Alta,-17.4332,-39.83455,0.0,2931350
2931400,293140,Teodoro Sampaio,BA,Nordeste,2025,7280,5,0,0,0,6.87,0.0,0.0,0.0,99.98,77.54,55.1,41.63,32.66,10.21,41.63,89.77,32.21,10.22,Moderada,-12.265699999999999,-38.612849999999995,15.51,2931707
2931509,293150,Teofilândia,BA,Nordeste,2025,21825,12,1,0,1,5.5,4.58,0.0,4.58,32.54,30.4,28.25,26.97,26.11,23.96,26.97,8.58,3.08,79.95,Moderada,-11.4677,-38.9483,0.0,2931509
2931608,293160,Teolândia,BA,Nordeste,2025,15978,7,1,1,1,4.38,6.26,6.26,6.26,23.87,28.78,33.68,36.63,38.59,43.49,36.63,19.62,7.04,76.71,Moderada,-13.569500000000001,-39.5089,0.0,2931608
2931707,293170,Terra Nova,BA,Nordeste,2025,10976,5,1,0,1,4.56,9.11,0.0,9.11,14.43,20.87,27.31,31.17,33.75,40.19,31.17,25.76,9.24,72.89,Moderada,-12.40475,-38.60115,0.0,2931707
2931806,293180,Tremedal,BA,Nordeste,2025,16646,11,1,1,1,6.61,6.01,6.01,6.01,24.74,21.58,18.43,16.53,15.27,12.12,16.53,12.62,4.53,80.32,Baixa,-15.0968,-41.48925,0.0,2931806
2931905,293190,Tucano,BA,Nordeste,2025,51016,22,2,2,2,4.31,3.92,3.92,3.92,36.38,38.52,40.65,41.93,42.78,44.91,41.93,8.53,3.06,80.9,Moderada,-11.041250000000002,-38.837050000000005,0.0,2931905
2932002,293200,Uauá,BA,Nordeste,2025,25449,2,1,1,1,0.79,3.93,3.93,3.93,36.31,51.4,66.49,75.54,81.57,96.66,75.54,60.35,21.65,39.64,Muito alta,-9.89545,-39.498400000000004,0.0,2932002
2932200,293220,Ubaitaba,BA,Nordeste,2025,17878,9,1,1,1,5.03,5.59,5.59,5.59,26.87,27.9,28.93,29.54,29.95,30.98,29.54,4.11,1.47,84.0,Moderada,-14.261600000000001,-39.4202,0.0,2932200
2932309,293230,Ubatã,BA,Nordeste,2025,15839,8,1,1,1,5.05,6.31,6.31,6.31,23.69,25.42,27.15,28.19,28.88,30.6,28.19,6.91,2.48,83.18,Moderada,-14.08305,-39.527950000000004,0.0,2932309
2932101,293210,Ubaíra,BA,Nordeste,2025,19142,7,1,1,1,3.66,5.22,5.22,5.22,29.12,36.21,43.3,47.56,50.4,57.49,47.56,28.38,10.18,70.74,Moderada,-13.31705,-39.68875,0.0,2932101
2932408,293240,Uibaí,BA,Nordeste,2025,13886,5,1,1,1,3.6,7.2,7.2,7.2,19.55,29.32,39.09,44.95,48.86,58.63,44.95,39.08,14.02,60.92,Moderada,-11.405100000000001,-42.10925,0.0,2932408
2932457,293245,Umburanas,BA,Nordeste,2025,13785,11,0,0,0,7.98,0.0,0.0,0.0,99.98,76.47,52.96,38.86,29.45,5.94,38.86,94.04,33.74,5.94,Moderada,-10.5688,-41.2346,30.22,2923357
2932507,293250,Una,BA,Nordeste,2025,18254,10,1,1,1,5.48,5.48,5.48,5.48,27.64,26.78,25.91,25.39,25.04,24.18,25.39,3.46,1.24,83.27,Moderada,-15.21885,-39.1533,0.0,2932507
2932606,293260,Urandi,BA,Nordeste,2025,15776,2,1,1,1,1.27,6.34,6.34,6.34,23.57,41.03,58.5,68.98,75.96,93.43,68.98,69.86,25.07,30.13,Alta,-14.7268,-42.71235,0.0,2932606
2932705,293270,Uruçuca,BA,Nordeste,2025,22155,8,0,0,0,3.61,0.0,0.0,0.0,99.98,89.58,79.18,72.94,68.78,58.37,72.94,41.61,14.93,58.38,Alta,-14.5221,-39.2091,19.67,2914901
2932804,293280,Utinga,BA,Nordeste,2025,16645,5,1,1,1,3.0,6.01,6.01,6.01,24.72,36.05,47.38,54.18,58.71,70.04,54.18,45.32,16.26,54.67,Alta,-12.0368,-41.05245,0.0,2932804
2933000,293300,Valente,BA,Nordeste,2025,25132,15,3,3,3,5.97,11.94,11.94,11.94,9.12,11.28,13.44,14.73,15.59,17.75,14.73,8.63,3.1,86.86,Baixa,-11.3832,-39.441199999999995,0.0,2933000
2932903,293290,Valença,BA,Nordeste,2025,90053,29,1,1,1,3.22,1.11,1.11,1.11,50.04,54.04,58.03,60.43,62.03,66.02,60.43,15.98,5.73,79.89,Alta,-13.3644,-39.19485,0.0,2932903
2933174,293317,Varzedo,BA,Nordeste,2025,10328,5,0,0,0,4.84,0.0,0.0,0.0,99.98,83.59,67.21,57.37,50.82,34.43,57.37,65.55,23.52,34.43,Alta,-12.95595,-39.38005,9.28,2929404
2933208,293320,Vera Cruz,BA,Nordeste,2025,45191,14,1,1,1,3.1,2.21,2.21,2.21,45.74,51.4,57.05,60.45,62.71,68.37,60.45,22.64,8.12,75.58,Alta,-13.03095,-38.681200000000004,0.0,2933208
2933257,293325,Vereda,BA,Nordeste,2025,6157,3,1,1,1,4.87,16.24,16.24,16.24,5.33,12.47,19.6,23.88,26.74,33.87,23.88,28.54,10.24,71.45,Baixa,-17.1265,-39.99905,0.0,2933257
2933307,293330,Vitória da Conquista,BA,Nordeste,2025,396613,50,23,17,4,1.26,5.8,4.29,1.01,25.47,42.48,59.49,69.69,76.49,93.5,69.69,68.03,24.41,31.96,Alta,-15.07335,-40.8485,0.0,2933307
2933158,293315,Várzea Nova,BA,Nordeste,2025,13866,8,1,1,1,5.77,7.21,7.21,7.21,19.53,19.61,19.7,19.75,19.79,19.87,19.75,0.34,0.12,87.38,Baixa,-11.120899999999999,-41.0215,0.0,2933158
2933059,293305,Várzea da Roça,BA,Nordeste,2025,14294,6,1,1,1,4.2,7.0,7.0,7.0,20.95,27.51,34.07,38.01,40.63,47.19,38.01,26.24,9.42,73.11,Moderada,-11.594149999999999,-40.0753,0.0,2933059
2933109,293310,Várzea do Poço,BA,Nordeste,2025,8334,4,1,1,1,4.8,12.0,12.0,12.0,9.03,15.58,22.12,26.05,28.67,35.22,26.05,26.19,9.4,72.98,Moderada,-11.5255,-40.30515,0.0,2933109
2933406,293340,Wagner,BA,Nordeste,2025,9866,4,2,2,1,4.05,20.27,20.27,10.14,3.02,14.72,26.43,33.46,38.14,49.85,33.46,46.83,16.8,53.16,Moderada,-12.249749999999999,-41.1293,0.0,2933406
2933455,293345,Wanderley,BA,Nordeste,2025,13460,1,1,1,1,0.74,7.43,7.43,7.43,18.9,38.37,57.84,69.53,77.32,96.79,69.53,77.89,27.95,22.1,Alta,-11.7961,-43.915350000000004,0.0,2933455
2933505,293350,Wenceslau Guimarães,BA,Nordeste,2025,25535,9,1,1,1,3.52,3.92,3.92,3.92,36.44,42.43,48.42,52.01,54.41,60.4,52.01,23.96,8.6,72.59,Alta,-13.6191,-39.6025,0.0,2933505
2933604,293360,Xique-Xique,BA,Nordeste,2025,47019,12,1,1,1,2.55,2.13,2.13,2.13,46.13,54.01,61.88,66.61,69.76,77.63,66.61,31.5,11.3,68.26,Alta,-10.90475,-42.78885,0.0,2933604
2900405,290040,Água Fria,BA,Nordeste,2025,14833,9,1,0,1,6.07,6.74,0.0,6.74,22.44,21.0,19.57,18.7,18.13,16.69,18.7,5.74,2.06,84.0,Baixa,-11.82175,-38.7054,0.0,2900405
2900504,290050,Érico Cardoso,BA,Nordeste,2025,10947,8,1,0,0,7.31,9.13,0.0,0.0,14.29,12.73,11.16,10.23,9.6,8.04,10.23,6.25,2.24,88.24,Baixa,-13.4255,-42.060900000000004,0.0,2900504
2300101,230010,Abaiara,CE,Nordeste,2025,10269,6,0,0,0,5.84,0.0,0.0,0.0,99.98,79.78,59.58,47.45,39.37,19.17,47.45,80.81,29.0,19.17,Moderada,-7.3435,-39.03205,12.42,2308401
2300150,230015,Acarape,CE,Nordeste,2025,14340,6,1,0,0,4.18,6.97,0.0,0.0,21.13,27.73,34.33,38.29,40.93,47.53,38.29,26.4,9.47,73.11,Moderada,-4.2224,-38.6456,0.0,2300150
2300200,230020,Acaraú,CE,Nordeste,2025,69317,26,2,2,1,3.75,2.89,2.89,1.44,42.38,45.66,48.93,50.9,52.21,55.48,50.9,13.1,4.7,77.9,Alta,-3.0609,-40.1397,0.0,2300200
2300309,230030,Acopiara,CE,Nordeste,2025,45937,23,1,1,1,5.01,2.18,2.18,2.18,45.88,42.26,38.65,36.48,35.03,31.41,36.48,14.47,5.19,75.53,Moderada,-6.149,-39.471599999999995,0.0,2300309
2300408,230040,Aiuaba,CE,Nordeste,2025,14115,8,1,1,1,5.67,7.08,7.08,7.08,20.34,20.59,20.85,21.0,21.1,21.36,21.0,1.02,0.37,86.77,Baixa,-6.58385,-40.37075,0.0,2300408
2300507,230050,Alcântaras,CE,Nordeste,2025,11795,8,1,0,0,6.78,8.48,0.0,0.0,16.39,14.98,13.58,12.74,12.17,10.77,12.74,5.62,2.02,87.4,Baixa,-3.5839,-40.552800000000005,0.0,2300507
2300606,230060,Altaneira,CE,Nordeste,2025,6974,4,1,1,1,5.74,14.34,14.34,14.34,6.73,10.15,13.56,15.61,16.98,20.39,15.61,13.66,4.9,83.75,Baixa,-6.98405,-39.696349999999995,0.0,2300606
2300705,230070,Alto Santo,CE,Nordeste,2025,14372,7,1,1,1,4.87,6.96,6.96,6.96,21.25,24.42,27.59,29.49,30.76,33.93,29.49,12.67,4.55,80.99,Moderada,-5.5165500000000005,-38.24385,0.0,2300705
2300754,230075,Amontada,CE,Nordeste,2025,44584,15,2,0,1,3.36,4.49,0.0,2.24,32.96,40.54,48.13,52.69,55.72,63.31,52.69,30.35,10.89,69.39,Alta,-3.23065,-39.789100000000005,0.0,2300754
2300804,230080,Antonina do Norte,CE,Nordeste,2025,7507,4,1,0,1,5.33,13.32,0.0,13.32,7.54,12.27,17.01,19.85,21.74,26.48,19.85,18.94,6.8,78.99,Baixa,-6.76795,-39.989999999999995,0.0,2300804
2300903,230090,Apuiarés,CE,Nordeste,2025,13193,8,1,0,1,6.06,7.58,0.0,7.58,18.52,18.08,17.64,17.38,17.21,16.77,17.38,1.76,0.63,87.38,Baixa,-3.96005,-39.3341,0.0,2300903
2301000,230100,Aquiraz,CE,Nordeste,2025,85316,40,4,1,1,4.69,4.69,1.17,1.17,31.81,33.27,34.72,35.6,36.18,37.64,35.6,5.83,2.09,82.17,Moderada,-3.9488000000000003,-38.379599999999996,0.0,2301000
2301109,230110,Aracati,CE,Nordeste,2025,79205,24,2,2,1,3.03,2.53,2.53,1.26,44.25,50.58,56.92,60.72,63.26,69.59,60.72,25.35,9.09,73.75,Alta,-4.6764,-37.67445,0.0,2301109
2301208,230120,Aracoiaba,CE,Nordeste,2025,26752,12,1,1,1,4.49,3.74,3.74,3.74,37.46,38.46,39.46,40.06,40.46,41.46,40.06,4.0,1.44,83.41,Moderada,-4.503,-38.688100000000006,0.0,2301208
2301257,230125,Ararendá,CE,Nordeste,2025,11532,4,1,1,1,3.47,8.67,8.67,8.67,15.87,27.31,38.75,45.62,50.2,61.64,45.62,45.77,16.42,54.22,Moderada,-4.7764500000000005,-40.7552,0.0,2301257
2301307,230130,Araripe,CE,Nordeste,2025,20194,9,1,1,1,4.46,4.95,4.95,4.95,30.53,33.37,36.21,37.92,39.05,41.9,37.92,11.36,4.08,80.38,Moderada,-7.21465,-40.0788,0.0,2301307
2301406,230140,Aratuba,CE,Nordeste,2025,11427,7,1,0,1,6.13,8.75,0.0,8.75,15.58,15.73,15.89,15.98,16.04,16.19,15.98,0.61,0.22,89.17,Baixa,-4.41645,-39.032399999999996,0.0,2301406
2301505,230150,Arneiroz,CE,Nordeste,2025,7615,3,1,0,1,3.94,13.13,0.0,13.13,7.74,18.79,29.84,36.47,40.89,51.95,36.47,44.21,15.86,55.78,Moderada,-6.242050000000001,-40.1469,0.0,2301505
2301604,230160,Assaré,CE,Nordeste,2025,22195,13,1,1,1,5.86,4.51,4.51,4.51,32.92,29.42,25.92,23.82,22.42,18.92,23.82,14.0,5.02,76.14,Baixa,-6.92015,-39.8665,0.0,2301604
2301703,230170,Aurora,CE,Nordeste,2025,24244,12,1,1,1,4.95,4.12,4.12,4.12,34.64,34.08,33.51,33.17,32.95,32.38,33.17,2.26,0.81,83.02,Moderada,-7.0065,-38.949799999999996,0.0,2301703
2301802,230180,Baixio,CE,Nordeste,2025,5821,3,1,0,1,5.15,17.18,0.0,17.18,4.68,10.76,16.83,20.47,22.9,28.97,20.47,24.29,8.71,75.6,Baixa,-6.7132000000000005,-38.7495,0.0,2301802
2301851,230185,Banabuiú,CE,Nordeste,2025,17667,10,1,0,1,5.66,5.66,0.0,5.66,26.37,25.14,23.91,23.17,22.68,21.45,23.17,4.92,1.76,82.85,Baixa,-5.2938,-38.85055,0.0,2301851
2301901,230190,Barbalha,CE,Nordeste,2025,81441,25,3,3,1,3.07,3.68,3.68,1.23,37.91,45.67,53.43,58.08,61.19,68.95,58.08,31.04,11.14,68.96,Alta,-7.4412,-39.32715,0.0,2301901
2301950,230195,Barreira,CE,Nordeste,2025,23474,14,1,1,1,5.96,4.26,4.26,4.26,33.93,29.9,25.87,23.45,21.84,17.81,23.45,16.12,5.78,74.69,Baixa,-4.32055,-38.6169,0.0,2301950
2302008,230200,Barro,CE,Nordeste,2025,19569,11,1,1,1,5.62,5.11,5.11,5.11,29.78,27.83,25.88,24.72,23.94,21.99,24.72,7.79,2.8,80.43,Baixa,-7.110250000000001,-38.78385,0.0,2302008
2302057,230205,Barroquinha,CE,Nordeste,2025,14998,8,1,1,1,5.33,6.67,6.67,6.67,22.62,23.56,24.49,25.06,25.43,26.37,25.06,3.75,1.35,85.08,Moderada,-3.00565,-41.1937,0.0,2302057
2302107,230210,Baturité,CE,Nordeste,2025,37147,11,1,1,1,2.96,2.69,2.69,2.69,43.37,50.2,57.03,61.13,63.86,70.69,61.13,27.32,9.8,72.39,Alta,-4.4265,-38.8532,0.0,2302107
2302206,230220,Beberibe,CE,Nordeste,2025,55977,24,1,1,1,4.29,1.79,1.79,1.79,47.6,47.07,46.54,46.22,46.0,45.47,46.22,2.14,0.77,83.46,Moderada,-4.3624,-38.10275,0.0,2302206
2302305,230230,Bela Cruz,CE,Nordeste,2025,34613,16,1,1,1,4.62,2.89,2.89,2.89,42.36,41.47,40.58,40.04,39.68,38.79,40.04,3.57,1.28,83.36,Moderada,-3.0722,-40.2973,0.0,2302305
2302404,230240,Boa Viagem,CE,Nordeste,2025,52133,12,1,1,1,2.3,1.92,1.92,1.92,47.01,55.72,64.43,69.66,73.14,81.85,69.66,34.84,12.5,65.15,Alta,-5.0474,-39.8481,0.0,2302404
2302503,230250,Brejo Santo,CE,Nordeste,2025,54192,25,4,3,3,4.61,7.38,5.54,5.54,19.08,24.05,29.02,32.0,33.98,38.95,32.0,19.87,7.13,77.54,Moderada,-7.58625,-38.93555,0.0,2302503
2302602,230260,Camocim,CE,Nordeste,2025,65251,23,1,1,1,3.52,1.53,1.53,1.53,48.64,51.58,54.51,56.26,57.44,60.37,56.26,11.72,4.21,83.84,Alta,-2.9686,-40.8073,0.0,2302602
2302701,230270,Campos Sales,CE,Nordeste,2025,26049,19,1,1,1,7.29,3.84,3.84,3.84,36.83,29.65,22.47,18.17,15.29,8.11,18.17,28.72,10.31,68.24,Baixa,-6.9437,-40.259299999999996,0.0,2302701
2302800,230280,Canindé,CE,Nordeste,2025,77376,18,1,1,1,2.33,1.29,1.29,1.29,49.42,57.43,65.44,70.24,73.45,81.46,70.24,32.04,11.5,66.97,Alta,-4.3972999999999995,-39.40815,0.0,2302800
2302909,230290,Capistrano,CE,Nordeste,2025,17795,1,1,0,1,0.56,5.62,0.0,5.62,26.6,44.33,62.05,72.69,79.78,97.5,72.69,70.9,25.44,29.08,Alta,-4.469900000000001,-38.8997,0.0,2302909
2303006,230300,Caridade,CE,Nordeste,2025,16234,7,1,1,1,4.31,6.16,6.16,6.16,24.25,29.42,34.6,37.7,39.77,44.95,37.7,20.7,7.43,75.94,Moderada,-4.19535,-39.132400000000004,0.0,2303006
2303204,230320,Caririaçu,CE,Nordeste,2025,27532,1,1,1,1,0.36,3.63,3.63,3.63,38.16,53.15,68.15,77.14,83.14,98.13,77.14,59.97,21.52,40.02,Muito alta,-7.0282,-39.2809,0.0,2303204
2303105,230310,Cariré,CE,Nordeste,2025,18074,11,1,0,1,6.09,5.53,0.0,5.53,27.21,24.53,21.85,20.24,19.16,16.48,20.24,10.73,3.85,79.71,Baixa,-3.9492000000000003,-40.536699999999996,0.0,2303105
2303303,230330,Cariús,CE,Nordeste,2025,17277,9,1,1,1,5.21,5.79,5.79,5.79,25.6,26.26,26.93,27.32,27.59,28.25,27.32,2.66,0.95,84.56,Moderada,-6.62645,-39.508449999999996,0.0,2303303
2303402,230340,Carnaubal,CE,Nordeste,2025,17815,12,1,1,1,6.74,5.61,5.61,5.61,26.66,22.77,18.87,16.54,14.98,11.09,16.54,15.56,5.58,78.29,Baixa,-4.1399,-41.015299999999996,0.0,2303402
2303501,230350,Cascavel,CE,Nordeste,2025,76866,17,1,1,1,2.21,1.3,1.3,1.3,49.4,57.85,66.31,71.38,74.76,83.22,71.38,33.82,12.13,65.4,Alta,-4.2543500000000005,-38.292249999999996,0.0,2303501
2303600,230360,Catarina,CE,Nordeste,2025,9110,8,1,1,1,8.78,10.98,10.98,10.98,10.36,8.81,7.27,6.34,5.73,4.18,6.34,6.17,2.22,90.92,Baixa,-6.24095,-39.9367,0.0,2303600
2303659,230365,Catunda,CE,Nordeste,2025,10864,6,1,1,1,5.52,9.2,9.2,9.2,13.98,16.37,18.77,20.2,21.16,23.55,20.2,9.57,3.43,84.2,Baixa,-4.6373999999999995,-40.1696,0.0,2303659
2303709,230370,Caucaia,CE,Nordeste,2025,378406,53,3,2,1,1.4,0.79,0.53,0.26,50.82,61.19,71.56,77.78,81.93,92.3,77.78,41.48,14.88,58.22,Muito alta,-3.7717,-38.79345,0.0,2303709
2303808,230380,Cedro,CE,Nordeste,2025,22564,12,1,1,1,5.32,4.43,4.43,4.43,33.24,31.58,29.91,28.91,28.25,26.58,28.91,6.66,2.39,81.15,Moderada,-6.57855,-39.1081,0.0,2303808
2303907,230390,Chaval,CE,Nordeste,2025,12811,7,1,1,1,5.46,7.81,7.81,7.81,17.97,19.61,21.26,22.25,22.91,24.56,22.25,6.59,2.36,84.72,Baixa,-3.07525,-41.2368,0.0,2303907
2303956,230395,Chorozinho,CE,Nordeste,2025,20808,10,1,0,1,4.81,4.81,0.0,4.81,31.23,32.21,33.18,33.77,34.15,35.13,33.77,3.9,1.4,82.96,Moderada,-4.3161,-38.47795,0.0,2303956
2303931,230393,Choró,CE,Nordeste,2025,12352,6,1,0,1,4.86,8.1,0.0,8.1,17.23,21.46,25.69,28.22,29.91,34.14,28.22,16.91,6.07,79.05,Moderada,-4.797000000000001,-39.1727,0.0,2303931
2304004,230400,Coreaú,CE,Nordeste,2025,21417,11,1,1,1,5.14,4.67,4.67,4.67,31.99,31.32,30.66,30.26,29.99,29.33,30.26,2.66,0.95,83.57,Moderada,-3.6841,-40.72635,0.0,2304004
2304103,230410,Crateús,CE,Nordeste,2025,80130,32,2,1,1,3.99,2.5,1.25,1.25,44.41,46.05,47.69,48.68,49.34,50.98,48.68,6.57,2.36,81.33,Moderada,-5.209,-40.7479,0.0,2304103
2304202,230420,Crato,CE,Nordeste,2025,139027,37,4,4,2,2.66,2.88,2.88,1.44,42.4,50.77,59.14,64.16,67.51,75.88,64.16,33.48,12.01,66.52,Alta,-7.287599999999999,-39.47,0.0,2304202
2304236,230423,Croatá,CE,Nordeste,2025,18050,10,1,1,1,5.54,5.54,5.54,5.54,27.1,26.13,25.16,24.57,24.18,23.21,24.57,3.9,1.4,83.21,Baixa,-4.3755500000000005,-40.9773,0.0,2304236
2304251,230425,Cruz,CE,Nordeste,2025,32288,14,1,1,1,4.34,3.1,3.1,3.1,41.02,41.86,42.71,43.22,43.56,44.41,43.22,3.39,1.22,83.14,Moderada,-2.8842,-40.303,0.0,2304251
2304269,230426,Deputado Irapuan Pinheiro,CE,Nordeste,2025,9173,4,1,1,1,4.36,10.9,10.9,10.9,10.48,18.83,27.19,32.2,35.54,43.89,32.2,33.41,11.99,66.59,Moderada,-5.884399999999999,-39.26575,0.0,2304269
2304277,230427,Ereré,CE,Nordeste,2025,6381,2,1,0,1,3.13,15.67,0.0,15.67,5.74,21.22,36.69,45.97,52.16,67.64,45.97,61.89,22.21,38.1,Moderada,-5.98975,-38.2907,0.0,2304277
2304285,230428,Eusébio,CE,Nordeste,2025,82016,18,2,1,1,2.19,2.44,1.22,1.22,44.71,54.39,64.07,69.88,73.75,83.43,69.88,38.72,13.89,61.27,Alta,-3.8691,-38.4591,0.0,2304285
2304301,230430,Farias Brito,CE,Nordeste,2025,18498,1,1,1,1,0.54,5.41,5.41,5.41,27.89,45.33,62.76,73.22,80.2,97.63,73.22,69.74,25.02,30.25,Alta,-6.9102,-39.537800000000004,0.0,2304301
2304350,230435,Forquilha,CE,Nordeste,2025,25298,9,0,0,0,3.56,0.0,0.0,0.0,99.98,89.88,79.77,73.71,69.66,59.56,73.71,40.42,14.5,59.57,Alta,-3.8281,-40.2425,5.5,2312908
2304400,230440,Fortaleza,CE,Nordeste,2025,2578483,137,87,76,22,0.53,3.37,2.95,0.85,39.56,54.09,68.62,77.34,83.15,97.68,77.34,58.12,20.86,41.87,Muito alta,-3.7923,-38.519850000000005,0.0,2304400
2304459,230445,Fortim,CE,Nordeste,2025,18213,7,1,0,1,3.84,5.49,0.0,5.49,27.54,34.02,40.5,44.4,46.99,53.47,44.4,25.94,9.31,72.17,Moderada,-4.462300000000001,-37.8729,0.0,2304459
2304509,230450,Frecheirinha,CE,Nordeste,2025,16516,5,1,1,1,3.03,6.05,6.05,6.05,24.52,35.8,47.08,53.85,58.36,69.65,53.85,45.13,16.19,54.87,Alta,-3.7112,-40.81445,0.0,2304509
2304608,230460,General Sampaio,CE,Nordeste,2025,6929,5,1,1,1,7.22,14.43,14.43,14.43,6.66,7.11,7.56,7.83,8.01,8.45,7.83,1.8,0.64,93.41,Baixa,-4.0646,-39.435649999999995,0.0,2304608
2304707,230470,Granja,CE,Nordeste,2025,55809,16,1,1,1,2.87,1.79,1.79,1.79,47.57,53.68,59.8,63.47,65.92,72.03,63.47,24.47,8.78,73.55,Alta,-3.26445,-40.9547,0.0,2304707
2304806,230480,Granjeiro,CE,Nordeste,2025,4955,3,1,1,1,6.05,20.18,20.18,20.18,3.07,6.52,9.98,12.05,13.44,16.89,12.05,13.82,4.96,85.13,Baixa,-6.9,-39.256550000000004,0.0,2304806
2304657,230465,Graça,CE,Nordeste,2025,14176,7,0,0,0,4.94,0.0,0.0,0.0,99.98,83.14,66.29,56.18,49.44,32.6,56.18,67.38,24.18,32.6,Alta,-4.0418,-40.764849999999996,16.42,2309003
2304905,230490,Groaíras,CE,Nordeste,2025,11369,2,1,0,1,1.76,8.8,0.0,8.8,15.42,33.7,51.98,62.95,70.27,88.55,62.95,73.13,26.24,26.86,Alta,-3.9157,-40.3603,0.0,2304905
2304954,230495,Guaiúba,CE,Nordeste,2025,25158,14,1,0,0,5.56,3.97,0.0,0.0,35.99,32.71,29.42,27.45,26.14,22.85,27.45,13.14,4.71,76.75,Moderada,-4.100899999999999,-38.6776,0.0,2304954
2305001,230500,Guaraciaba do Norte,CE,Nordeste,2025,44565,18,1,1,1,4.04,2.24,2.24,2.24,45.65,46.79,47.93,48.61,49.07,50.21,48.61,4.56,1.64,82.33,Moderada,-4.2440999999999995,-40.930099999999996,0.0,2305001
2305100,230510,Guaramiranga,CE,Nordeste,2025,5826,3,1,0,1,5.15,17.16,0.0,17.16,4.7,10.8,16.89,20.55,22.99,29.08,20.55,24.38,8.75,75.51,Baixa,-4.25255,-38.94865,0.0,2305100
2305209,230520,Hidrolândia,CE,Nordeste,2025,18186,7,1,1,1,3.85,5.5,5.5,5.5,27.45,33.93,40.42,44.32,46.91,53.4,44.32,25.96,9.31,72.17,Moderada,-4.43285,-40.41585,0.0,2305209
2305233,230523,Horizonte,CE,Nordeste,2025,81161,20,1,1,1,2.46,1.23,1.23,1.23,49.61,56.93,64.25,68.64,71.57,78.89,68.64,29.28,10.5,69.16,Alta,-4.09325,-38.471450000000004,0.0,2305233
2305266,230526,Ibaretama,CE,Nordeste,2025,12149,7,1,1,1,5.76,8.23,8.23,8.23,16.87,17.64,18.42,18.88,19.19,19.96,18.88,3.09,1.11,87.0,Baixa,-4.7749500000000005,-38.72025,0.0,2305266
2305308,230530,Ibiapina,CE,Nordeste,2025,24689,12,1,1,1,4.86,4.05,4.05,4.05,35.29,34.99,34.69,34.51,34.39,34.09,34.51,1.2,0.43,83.16,Moderada,-3.9433999999999996,-41.0133,0.0,2305308
2305332,230533,Ibicuitinga,CE,Nordeste,2025,12008,6,1,0,1,5.0,8.33,0.0,8.33,16.71,20.44,24.17,26.41,27.9,31.63,26.41,14.92,5.35,80.31,Moderada,-4.9809,-38.5512,0.0,2305332
2305357,230535,Icapuí,CE,Nordeste,2025,22562,8,1,0,1,3.55,4.43,0.0,4.43,33.23,39.88,46.54,50.53,53.19,59.85,50.53,26.62,9.55,71.22,Alta,-4.7434,-37.40495,0.0,2305357
2305407,230540,Icó,CE,Nordeste,2025,64745,26,2,2,1,4.02,3.09,3.09,1.54,41.07,43.47,45.87,47.31,48.27,50.67,47.31,9.6,3.45,79.66,Moderada,-6.3618500000000004,-38.832300000000004,0.0,2305407
2305506,230550,Iguatu,CE,Nordeste,2025,102588,32,4,4,3,3.12,3.9,3.9,2.92,36.53,44.38,52.23,56.95,60.09,67.94,56.95,31.41,11.27,68.58,Alta,-6.353350000000001,-39.263,0.0,2305506
2305605,230560,Independência,CE,Nordeste,2025,24463,10,1,0,1,4.09,4.09,0.0,4.09,34.97,38.55,42.13,44.28,45.71,49.29,44.28,14.32,5.14,77.79,Moderada,-5.4967500000000005,-40.33705,0.0,2305605
2305654,230565,Ipaporanga,CE,Nordeste,2025,11963,6,1,0,1,5.02,8.36,0.0,8.36,16.62,20.3,23.97,26.18,27.65,31.32,26.18,14.7,5.28,80.47,Moderada,-4.905200000000001,-40.79585,0.0,2305654
2305704,230570,Ipaumirim,CE,Nordeste,2025,12459,6,1,1,1,4.82,8.03,8.03,8.03,17.45,21.81,26.17,28.79,30.53,34.89,28.79,17.45,6.26,78.78,Moderada,-6.81005,-38.73495,0.0,2305704
2305803,230580,Ipu,CE,Nordeste,2025,43084,19,5,5,5,4.41,11.61,11.61,11.61,9.59,17.91,26.23,31.23,34.56,42.88,31.23,33.3,11.95,66.7,Moderada,-4.381,-40.6406,0.0,2305803
2305902,230590,Ipueiras,CE,Nordeste,2025,38287,4,2,2,2,1.04,5.22,5.22,5.22,29.13,45.61,62.09,71.98,78.57,95.05,71.98,65.91,23.65,34.08,Alta,-4.5713,-40.91385,0.0,2305902
2306009,230600,Iracema,CE,Nordeste,2025,14440,8,1,1,1,5.54,6.93,6.93,6.93,21.5,21.93,22.36,22.61,22.78,23.21,22.61,1.71,0.61,86.14,Baixa,-5.763,-38.313,0.0,2306009
2306108,230610,Irauçuba,CE,Nordeste,2025,24867,9,1,1,1,3.62,4.02,4.02,4.02,35.58,41.24,46.89,50.29,52.55,58.21,50.29,22.64,8.12,73.29,Alta,-3.8885,-39.8272,0.0,2306108
2306256,230625,Itaitinga,CE,Nordeste,2025,72512,23,1,1,1,3.17,1.38,1.38,1.38,49.02,53.53,58.03,60.74,62.54,67.04,60.74,18.02,6.47,78.44,Alta,-3.9907500000000002,-38.55735,0.0,2306256
2306207,230620,Itaiçaba,CE,Nordeste,2025,7801,4,1,0,1,5.13,12.82,0.0,12.82,8.13,13.46,18.79,21.99,24.12,29.46,21.99,21.32,7.65,76.86,Baixa,-4.7127,-37.78595,0.0,2306207
2306306,230630,Itapajé,CE,Nordeste,2025,49073,23,2,2,1,4.69,4.08,4.08,2.04,35.06,35.71,36.37,36.76,37.02,37.68,36.76,2.62,0.94,84.25,Moderada,-3.7376500000000004,-39.561099999999996,0.0,2306306
2306405,230640,Itapipoca,CE,Nordeste,2025,138978,45,3,3,2,3.24,2.16,2.16,1.44,45.99,50.92,55.84,58.8,60.77,65.7,58.8,19.71,7.07,77.94,Alta,-3.3670999999999998,-39.58255,0.0,2306405
2306504,230650,Itapiúna,CE,Nordeste,2025,18197,1,1,0,1,0.55,5.5,0.0,5.5,27.48,45.01,62.53,73.04,80.05,97.58,73.04,70.1,25.15,29.89,Alta,-4.600350000000001,-38.94775,0.0,2306504
2306553,230655,Itarema,CE,Nordeste,2025,45852,16,1,1,1,3.49,2.18,2.18,2.18,45.83,49.65,53.46,55.76,57.28,61.1,55.76,15.28,5.48,81.51,Alta,-3.0700000000000003,-39.853,0.0,2306553
2306603,230660,Itatira,CE,Nordeste,2025,21160,16,0,0,0,7.56,0.0,0.0,0.0,99.98,76.8,53.61,39.7,30.42,7.23,39.7,92.75,33.28,7.24,Moderada,-4.6101,-39.57065,29.74,2302800
2306702,230670,Jaguaretama,CE,Nordeste,2025,17604,7,1,1,1,3.98,5.68,5.68,5.68,26.26,32.53,38.81,42.57,45.08,51.36,42.57,25.09,9.0,72.91,Moderada,-5.49385,-38.72005,0.0,2306702
2306801,230680,Jaguaribara,CE,Nordeste,2025,10668,3,1,1,1,2.81,9.37,9.37,9.37,13.39,28.3,43.21,52.16,58.13,73.04,52.16,59.65,21.4,40.34,Alta,-5.57855,-38.54455,0.0,2306801
2306900,230690,Jaguaribe,CE,Nordeste,2025,35143,13,1,1,1,3.7,2.85,2.85,2.85,42.52,46.03,49.53,51.64,53.04,56.54,51.64,14.02,5.03,77.41,Alta,-5.9753,-38.725350000000006,0.0,2306900
2307007,230700,Jaguaruana,CE,Nordeste,2025,33115,16,0,0,0,4.83,0.0,0.0,0.0,99.98,83.63,67.29,57.48,50.94,34.59,57.48,65.39,23.46,34.6,Alta,-4.885149999999999,-37.761250000000004,19.37,2306207
2307106,230710,Jardim,CE,Nordeste,2025,28801,1,1,1,1,0.35,3.47,3.47,3.47,39.01,53.79,68.58,77.45,83.36,98.15,77.45,59.15,21.22,40.84,Muito alta,-7.588150000000001,-39.2222,0.0,2307106
2307205,230720,Jati,CE,Nordeste,2025,8114,4,1,1,1,4.93,12.32,12.32,12.32,8.71,14.74,20.77,24.39,26.8,32.83,24.39,24.12,8.66,74.7,Baixa,-7.726100000000001,-39.004850000000005,0.0,2307205
2307254,230725,Jijoca de Jericoacoara,CE,Nordeste,2025,28198,9,1,1,1,3.19,3.55,3.55,3.55,38.57,45.6,52.63,56.85,59.66,66.68,56.85,28.11,10.09,71.89,Alta,-2.8753,-40.49995,0.0,2307254
2307304,230730,Juazeiro do Norte,CE,Nordeste,2025,305531,54,8,8,3,1.77,2.62,2.62,0.98,43.69,54.89,66.08,72.8,77.28,88.48,72.8,44.79,16.07,55.21,Alta,-7.1791,-39.28005,0.0,2307304
2307403,230740,Jucás,CE,Nordeste,2025,24624,12,1,1,1,4.87,4.06,4.06,4.06,35.22,34.88,34.54,34.33,34.19,33.85,34.33,1.36,0.49,83.14,Moderada,-6.471450000000001,-39.58710000000001,0.0,2307403
2307502,230750,Lavras da Mangabeira,CE,Nordeste,2025,32163,13,1,1,1,4.04,3.11,3.11,3.11,40.94,43.24,45.54,46.92,47.84,50.13,46.92,9.19,3.3,79.98,Moderada,-6.7651,-38.998400000000004,0.0,2307502
2307601,230760,Limoeiro do Norte,CE,Nordeste,2025,62623,21,4,4,2,3.35,6.39,6.39,3.19,23.46,33.48,43.49,49.5,53.51,63.53,49.5,40.06,14.38,59.93,Moderada,-5.1357,-38.0167,0.0,2307601
2307635,230763,Madalena,CE,Nordeste,2025,17235,6,1,0,1,3.48,5.8,0.0,5.8,25.45,34.44,43.42,48.81,52.41,61.39,48.81,35.94,12.89,64.06,Moderada,-4.88475,-39.5148,0.0,2307635
2307650,230765,Maracanaú,CE,Nordeste,2025,251613,33,7,6,3,1.31,2.78,2.38,1.19,42.92,55.47,68.01,75.54,80.56,93.11,75.54,50.19,18.01,49.8,Muito alta,-3.88495,-38.6152,0.0,2307650
2307700,230770,Maranguape,CE,Nordeste,2025,108622,35,1,1,1,3.22,0.92,0.92,0.92,50.48,54.33,58.19,60.51,62.05,65.91,60.51,15.44,5.54,80.16,Alta,-3.9844999999999997,-38.821799999999996,0.0,2307700
2307809,230780,Marco,CE,Nordeste,2025,27177,10,1,1,1,3.68,3.68,3.68,3.68,38.0,42.75,47.5,50.36,52.26,57.01,50.36,19.01,6.82,75.15,Alta,-3.1837999999999997,-40.25605,0.0,2307809
2307908,230790,Martinópole,CE,Nordeste,2025,11280,12,1,1,1,10.64,8.87,8.87,8.87,15.11,11.78,8.45,6.46,5.12,1.8,6.46,13.32,4.78,85.98,Baixa,-3.1492,-40.64175,0.0,2307908
2308005,230800,Massapê,CE,Nordeste,2025,39840,14,1,1,1,3.51,2.51,2.51,2.51,44.32,48.38,52.44,54.88,56.5,60.56,54.88,16.24,5.83,79.98,Alta,-3.48635,-40.40495,0.0,2308005
2308104,230810,Mauriti,CE,Nordeste,2025,47501,26,1,1,1,5.47,2.11,2.11,2.11,46.19,40.72,35.25,31.97,29.79,24.32,31.97,21.86,7.84,70.48,Moderada,-7.423500000000001,-38.7086,0.0,2308104
2308203,230820,Meruoca,CE,Nordeste,2025,15853,7,1,0,1,4.42,6.31,0.0,6.31,23.73,28.49,33.24,36.1,38.0,42.76,36.1,19.03,6.83,77.0,Moderada,-3.57025,-40.44185,0.0,2308203
2308302,230830,Milagres,CE,Nordeste,2025,26819,15,1,1,1,5.59,3.73,3.73,3.73,37.52,33.76,29.99,27.74,26.23,22.47,27.74,15.04,5.4,75.42,Moderada,-7.269399999999999,-38.9374,0.0,2308302
2308351,230835,Milhã,CE,Nordeste,2025,14713,7,1,1,1,4.76,6.8,6.8,6.8,22.17,25.7,29.23,31.35,32.76,36.3,31.35,14.13,5.07,79.95,Moderada,-5.6442,-39.150000000000006,0.0,2308351
2308377,230837,Miraíma,CE,Nordeste,2025,14826,6,1,0,0,4.05,6.74,0.0,0.0,22.38,29.29,36.2,40.34,43.1,50.01,40.34,27.63,9.91,72.24,Moderada,-3.57695,-39.891549999999995,0.0,2308377
2308401,230840,Missão Velha,CE,Nordeste,2025,38997,18,1,1,1,4.62,2.56,2.56,2.56,44.05,42.77,41.49,40.72,40.21,38.93,40.72,5.12,1.84,82.53,Moderada,-7.3172,-39.1415,0.0,2308401
2308500,230850,Mombaça,CE,Nordeste,2025,38451,13,1,1,1,3.38,2.6,2.6,2.6,43.82,48.62,53.42,56.3,58.22,63.02,56.3,19.21,6.89,78.92,Alta,-5.834149999999999,-39.7434,0.0,2308500
2308609,230860,Monsenhor Tabosa,CE,Nordeste,2025,17705,8,1,1,1,4.52,5.65,5.65,5.65,26.46,30.04,33.62,35.77,37.2,40.78,35.77,14.32,5.14,79.39,Moderada,-4.940799999999999,-40.0452,0.0,2308609
2308708,230870,Morada Nova,CE,Nordeste,2025,65390,31,2,2,2,4.74,3.06,3.06,3.06,41.32,40.16,39.0,38.3,37.83,36.67,38.3,4.65,1.67,83.05,Moderada,-4.972049999999999,-38.464299999999994,0.0,2308708
2308807,230880,Moraújo,CE,Nordeste,2025,8537,5,1,0,1,5.86,11.71,0.0,11.71,9.44,11.82,14.19,15.61,16.56,18.94,15.61,9.5,3.41,86.07,Baixa,-3.4477,-40.697050000000004,0.0,2308807
2308906,230890,Morrinhos,CE,Nordeste,2025,23747,9,1,1,1,3.79,4.21,4.21,4.21,34.12,39.28,44.44,47.53,49.59,54.75,47.53,20.62,7.4,74.49,Moderada,-3.2822,-40.137699999999995,0.0,2308906
2309003,230900,Mucambo,CE,Nordeste,2025,13999,7,1,1,1,5.0,7.14,7.14,7.14,19.96,22.85,25.74,27.47,28.63,31.52,27.47,11.56,4.15,81.47,Moderada,-3.8941999999999997,-40.769099999999995,0.0,2309003
2309102,230910,Mulungu,CE,Nordeste,2025,11064,5,1,0,1,4.52,9.04,0.0,9.04,14.61,21.14,27.67,31.59,34.2,40.73,31.59,26.12,9.37,72.68,Moderada,-4.317349999999999,-38.9936,0.0,2309102
2309201,230920,Nova Olinda,CE,Nordeste,2025,16045,6,1,0,1,3.74,6.23,0.0,6.23,23.93,31.87,39.8,44.57,47.74,55.68,44.57,31.75,11.39,68.24,Moderada,-7.1059,-39.668549999999996,0.0,2309201
2309300,230930,Nova Russas,CE,Nordeste,2025,32053,1,1,1,1,0.31,3.12,3.12,3.12,40.84,55.18,69.53,78.14,83.88,98.22,78.14,57.39,20.59,42.6,Muito alta,-4.7114,-40.52075000000001,0.0,2309300
2309409,230940,Novo Oriente,CE,Nordeste,2025,29097,12,1,0,1,4.12,3.44,0.0,3.44,39.19,41.57,43.96,45.39,46.35,48.73,45.39,9.55,3.43,80.11,Moderada,-5.59865,-40.7468,0.0,2309409
2309458,230945,Ocara,CE,Nordeste,2025,25272,13,1,0,1,5.14,3.96,0.0,3.96,36.1,34.37,32.63,31.59,30.9,29.17,31.59,6.93,2.49,80.36,Moderada,-4.52475,-38.50495,0.0,2309458
2309508,230950,Orós,CE,Nordeste,2025,19943,11,1,1,1,5.52,5.01,5.01,5.01,30.25,28.59,26.94,25.95,25.29,23.64,25.95,6.61,2.37,81.08,Moderada,-6.2446,-38.9651,0.0,2309508
2309607,230960,Pacajus,CE,Nordeste,2025,75454,20,2,2,1,2.65,2.65,2.65,1.33,43.58,51.72,59.85,64.74,67.99,76.13,64.74,32.54,11.68,67.45,Alta,-4.1868,-38.50035,0.0,2309607
2309706,230970,Pacatuba,CE,Nordeste,2025,86564,20,1,1,1,2.31,1.16,1.16,1.16,49.92,57.87,65.82,70.59,73.77,81.73,70.59,31.81,11.41,66.91,Alta,-3.9566999999999997,-38.605000000000004,0.0,2309706
2309805,230980,Pacoti,CE,Nordeste,2025,11421,6,1,0,1,5.25,8.76,0.0,8.76,15.53,18.52,21.5,23.3,24.49,27.48,23.3,11.95,4.29,82.26,Baixa,-4.207,-38.90175,0.0,2309805
2309904,230990,Pacujá,CE,Nordeste,2025,6348,4,0,0,0,6.3,0.0,0.0,0.0,99.98,78.59,57.21,44.37,35.82,14.43,44.37,85.55,30.7,14.43,Moderada,-3.9995,-40.685050000000004,14.97,2309003
2310001,231000,Palhano,CE,Nordeste,2025,9709,7,1,0,1,7.21,10.3,0.0,10.3,11.42,10.69,9.97,9.54,9.25,8.53,9.54,2.89,1.04,91.02,Baixa,-4.71415,-38.04125,0.0,2310001
2310100,231010,Palmácia,CE,Nordeste,2025,10252,12,1,0,1,11.71,9.75,0.0,9.75,12.03,9.25,6.48,4.82,3.71,0.93,4.82,11.09,3.98,88.71,Baixa,-4.12485,-38.846050000000005,0.0,2310100
2310209,231020,Paracuru,CE,Nordeste,2025,41894,21,2,1,2,5.01,4.77,2.39,4.77,31.43,31.42,31.4,31.4,31.39,31.38,31.4,0.05,0.02,84.87,Moderada,-3.4756,-39.0493,0.0,2310209
2310258,231025,Paraipaba,CE,Nordeste,2025,34086,14,1,1,1,4.11,2.93,2.93,2.93,42.04,43.77,45.5,46.54,47.24,48.97,46.54,6.93,2.49,81.11,Moderada,-3.4246,-39.16355,0.0,2310258
2310308,231030,Parambu,CE,Nordeste,2025,32867,9,1,1,1,2.74,3.04,3.04,3.04,41.46,49.71,57.96,62.91,66.21,74.46,62.91,32.99,11.84,67.0,Alta,-6.2924500000000005,-40.59255,0.0,2310308
2310407,231040,Paramoti,CE,Nordeste,2025,10462,6,1,0,1,5.74,9.56,0.0,9.56,12.46,14.45,16.43,17.63,18.42,20.41,17.63,7.95,2.85,85.78,Baixa,-4.1687,-39.3627,0.0,2310407
2310506,231050,Pedra Branca,CE,Nordeste,2025,42227,23,1,1,1,5.45,2.37,2.37,2.37,45.05,40.0,34.94,31.91,29.88,24.82,31.91,20.23,7.26,71.58,Moderada,-5.51995,-39.8268,0.0,2310506
2310605,231060,Penaforte,CE,Nordeste,2025,9357,8,1,1,1,8.55,10.69,10.69,10.69,10.79,9.26,7.74,6.82,6.21,4.68,6.82,6.1,2.19,90.65,Baixa,-7.76455,-39.0526,0.0,2310605
2310704,231070,Pentecoste,CE,Nordeste,2025,39903,17,1,1,1,4.26,2.51,2.51,2.51,44.35,44.79,45.23,45.49,45.66,46.1,45.49,1.74,0.62,83.68,Moderada,-3.87575,-39.1879,0.0,2310704
2310803,231080,Pereiro,CE,Nordeste,2025,15858,9,1,1,1,5.68,6.31,6.31,6.31,23.75,23.12,22.49,22.11,21.86,21.23,22.11,2.51,0.9,84.94,Baixa,-6.0066500000000005,-38.498999999999995,0.0,2310803
2310852,231085,Pindoretama,CE,Nordeste,2025,24919,1,1,0,1,0.4,4.01,0.0,4.01,35.65,51.23,66.82,76.17,82.4,97.99,76.17,62.34,22.37,37.65,Muito alta,-4.0537,-38.30335,0.0,2310852
2310902,231090,Piquet Carneiro,CE,Nordeste,2025,17285,8,1,1,1,4.63,5.79,5.79,5.79,25.61,28.86,32.11,34.06,35.36,38.61,34.06,13.0,4.66,79.64,Moderada,-5.84455,-39.4468,0.0,2310902
2310951,231095,Pires Ferreira,CE,Nordeste,2025,10984,0,0,0,0,0.0,0.0,0.0,0.0,99.98,99.98,99.98,99.98,99.98,99.98,99.98,0.0,0.0,100.0,Muito alta,-4.2585,-40.57725,15.33,2305803
2311009,231100,Poranga,CE,Nordeste,2025,12441,2,1,1,1,1.61,8.04,8.04,8.04,17.41,35.63,53.85,64.78,72.07,90.29,64.78,72.88,26.15,27.11,Alta,-4.7999,-41.06125,0.0,2311009
2311108,231110,Porteiras,CE,Nordeste,2025,17877,9,1,1,1,5.03,5.59,5.59,5.59,26.85,27.88,28.91,29.53,29.94,30.96,29.53,4.11,1.47,83.99,Moderada,-7.5426,-39.11105,0.0,2311108
2311207,231120,Potengi,CE,Nordeste,2025,8854,6,1,0,1,6.78,11.29,0.0,11.29,9.98,10.2,10.41,10.54,10.63,10.84,10.54,0.86,0.31,92.14,Baixa,-7.067,-40.0273,0.0,2311207
2311231,231123,Potiretama,CE,Nordeste,2025,6128,5,1,0,1,8.16,16.32,0.0,16.32,5.3,5.41,5.52,5.59,5.63,5.74,5.59,0.45,0.16,95.4,Baixa,-5.7787,-38.156800000000004,0.0,2311231
2311264,231126,Quiterianópolis,CE,Nordeste,2025,20545,11,1,0,1,5.35,4.87,0.0,4.87,31.0,29.73,28.46,27.7,27.19,25.92,27.7,5.08,1.82,82.23,Moderada,-5.8744,-40.73755,0.0,2311264
2311306,231130,Quixadá,CE,Nordeste,2025,88846,22,2,2,1,2.48,2.25,2.25,1.13,45.58,53.85,62.13,67.1,70.41,78.69,67.1,33.12,11.88,66.88,Alta,-4.9159500000000005,-38.9216,0.0,2311306
2311355,231135,Quixelô,CE,Nordeste,2025,16998,8,1,1,1,4.71,5.88,5.88,5.88,25.08,28.13,31.19,33.02,34.24,37.3,33.02,12.22,4.39,80.25,Moderada,-6.15495,-39.13825,0.0,2311355
2311405,231140,Quixeramobim,CE,Nordeste,2025,86431,30,3,2,2,3.47,3.47,2.31,2.31,39.02,44.66,50.29,53.67,55.92,61.55,53.67,22.53,8.08,73.54,Alta,-5.19235,-39.34935,0.0,2311405
2311504,231150,Quixeré,CE,Nordeste,2025,21659,9,1,0,1,4.16,4.62,0.0,4.62,32.36,36.3,40.24,42.61,44.18,48.12,42.61,15.76,5.66,77.36,Moderada,-5.1106,-37.869,0.0,2311504
2311603,231160,Redenção,CE,Nordeste,2025,28382,14,1,1,1,4.93,3.52,3.52,3.52,38.72,37.22,35.73,34.83,34.24,32.74,34.83,5.98,2.14,79.98,Moderada,-4.2631499999999996,-38.770700000000005,0.0,2311603
2311702,231170,Reriutaba,CE,Nordeste,2025,19051,9,1,1,1,4.72,5.25,5.25,5.25,28.92,30.93,32.95,34.16,34.96,36.98,34.16,8.06,2.89,81.35,Moderada,-4.11275,-40.59955,0.0,2311702
2311801,231180,Russas,CE,Nordeste,2025,74834,31,1,1,1,4.14,1.34,1.34,1.34,49.22,49.01,48.8,48.67,48.59,48.38,48.67,0.84,0.3,84.08,Moderada,-4.83535,-38.143950000000004,0.0,2311801
2311900,231190,Saboeiro,CE,Nordeste,2025,13943,2,1,1,1,1.43,7.17,7.17,7.17,19.8,37.84,55.88,66.7,73.92,91.96,66.7,72.16,25.89,27.83,Alta,-6.4585,-39.8965,0.0,2311900
2311959,231195,Salitre,CE,Nordeste,2025,17303,10,1,0,1,5.78,5.78,0.0,5.78,25.63,24.17,22.7,21.82,21.23,19.76,21.82,5.87,2.11,82.62,Baixa,-7.184699999999999,-40.323,0.0,2311959
2312205,231220,Santa Quitéria,CE,Nordeste,2025,41569,14,1,1,1,3.37,2.41,2.41,2.41,44.88,49.47,54.06,56.81,58.65,63.24,56.81,18.36,6.59,79.25,Alta,-4.3617,-40.068799999999996,0.0,2312205
2312007,231200,Santana do Acaraú,CE,Nordeste,2025,32133,12,1,1,1,3.73,3.11,3.11,3.11,40.93,44.66,48.38,50.62,52.11,55.84,50.62,14.92,5.35,77.09,Alta,-3.4969,-40.1646,0.0,2312007
2312106,231210,Santana do Cariri,CE,Nordeste,2025,17391,7,1,0,1,4.03,5.75,0.0,5.75,25.74,31.93,38.12,41.83,44.31,50.49,41.83,24.75,8.88,73.16,Moderada,-7.2256,-39.74825,0.0,2312106
2312700,231270,Senador Pompeu,CE,Nordeste,2025,25108,14,1,1,1,5.58,3.98,3.98,3.98,35.97,32.66,29.35,27.36,26.04,22.72,27.36,13.25,4.75,76.57,Moderada,-5.57805,-39.45755,0.0,2312700
2312809,231280,Senador Sá,CE,Nordeste,2025,7551,5,1,0,0,6.62,13.24,0.0,0.0,7.63,8.72,9.81,10.46,10.9,11.99,10.46,4.36,1.57,90.93,Baixa,-3.279,-40.45805,0.0,2312809
2312908,231290,Sobral,CE,Nordeste,2025,216519,45,5,5,3,2.08,2.31,2.31,1.39,45.31,55.24,65.18,71.14,75.11,85.05,71.14,39.74,14.26,60.25,Alta,-3.85785,-40.2821,0.0,2312908
2313005,231300,Solonópole,CE,Nordeste,2025,18785,9,1,1,1,4.79,5.32,5.32,5.32,28.5,30.24,31.97,33.01,33.7,35.43,33.01,6.93,2.49,82.1,Moderada,-5.77915,-38.99355,0.0,2313005
2312304,231230,São Benedito,CE,Nordeste,2025,50058,20,2,2,2,4.0,4.0,4.0,4.0,35.83,39.61,43.39,45.65,47.16,50.94,45.65,15.11,5.42,77.43,Moderada,-4.0671,-40.9966,0.0,2312304
2312403,231240,São Gonçalo do Amarante,CE,Nordeste,2025,58191,21,1,1,1,3.61,1.72,1.72,1.72,47.94,50.56,53.18,54.75,55.79,58.41,54.75,10.46,3.75,83.84,Alta,-3.5887000000000002,-39.06075,0.0,2312403
2312502,231250,São João do Jaguaribe,CE,Nordeste,2025,5683,2,1,0,0,3.52,17.6,0.0,0.0,4.42,18.43,32.44,40.85,46.46,60.47,40.85,56.06,20.11,43.93,Moderada,-5.3107,-38.27645,0.0,2312502
2312601,231260,São Luís do Curu,CE,Nordeste,2025,10888,7,1,1,1,6.43,9.18,9.18,9.18,14.09,13.88,13.66,13.53,13.44,13.23,13.53,0.86,0.31,90.23,Baixa,-3.6585,-39.264250000000004,0.0,2312601
2313104,231310,Tabuleiro do Norte,CE,Nordeste,2025,32122,10,1,1,1,3.11,3.11,3.11,3.11,40.91,47.74,54.57,58.67,61.4,68.23,58.67,27.32,9.8,72.68,Alta,-5.4027,-38.01015,0.0,2313104
2313203,231320,Tamboril,CE,Nordeste,2025,25287,14,1,1,1,5.54,3.95,3.95,3.95,36.13,32.92,29.71,27.78,26.49,23.28,27.78,12.85,4.61,77.18,Moderada,-4.8886,-40.37065,0.0,2313203
2313252,231325,Tarrafas,CE,Nordeste,2025,7574,4,1,0,1,5.28,13.2,0.0,13.2,7.66,12.53,17.4,20.32,22.27,27.14,20.32,19.48,6.99,78.56,Baixa,-6.7186,-39.75435,0.0,2313252
2313302,231330,Tauá,CE,Nordeste,2025,64655,21,1,1,1,3.25,1.55,1.55,1.55,48.63,52.84,57.05,59.58,61.27,65.48,59.58,16.86,6.05,79.61,Alta,-5.87285,-40.288399999999996,0.0,2313302
2313351,231335,Tejuçuoca,CE,Nordeste,2025,17646,8,1,1,1,4.53,5.67,5.67,5.67,26.33,29.88,33.42,35.55,36.97,40.51,35.55,14.18,5.09,79.19,Moderada,-3.9236,-39.5741,0.0,2313351
2313401,231340,Tianguá,CE,Nordeste,2025,86968,29,1,1,1,3.33,1.15,1.15,1.15,49.96,53.45,56.95,59.04,60.44,63.94,59.04,13.98,5.02,81.47,Alta,-3.65825,-41.0548,0.0,2313401
2313500,231350,Trairi,CE,Nordeste,2025,62004,26,1,0,1,4.19,1.61,0.0,1.61,48.3,48.06,47.82,47.67,47.58,47.33,47.67,0.97,0.35,84.15,Moderada,-3.3802,-39.3435,0.0,2313500
2313559,231355,Tururu,CE,Nordeste,2025,15524,7,1,0,1,4.51,6.44,0.0,6.44,23.25,27.67,32.09,34.74,36.51,40.93,34.74,17.68,6.34,77.67,Moderada,-3.5321,-39.41775,0.0,2313559
2313609,231360,Ubajara,CE,Nordeste,2025,34424,15,1,1,1,4.36,2.9,2.9,2.9,42.18,42.62,43.06,43.33,43.5,43.94,43.33,1.76,0.63,83.99,Moderada,-3.8767,-41.01265,0.0,2313609
2313708,231370,Umari,CE,Nordeste,2025,6963,4,1,0,1,5.74,14.36,0.0,14.36,6.7,10.07,13.44,15.47,16.82,20.19,15.47,13.5,4.84,83.84,Baixa,-6.61785,-38.74185,0.0,2313708
2313757,231375,Umirim,CE,Nordeste,2025,17751,7,1,1,1,3.94,5.63,5.63,5.63,26.51,32.84,39.17,42.96,45.49,51.82,42.96,25.31,9.08,72.73,Moderada,-3.6813000000000002,-39.39565,0.0,2313757
2313807,231380,Uruburetama,CE,Nordeste,2025,21331,12,0,0,0,5.63,0.0,0.0,0.0,99.98,80.47,60.95,49.24,41.43,21.92,49.24,78.06,28.01,21.92,Moderada,-3.6219,-39.508449999999996,14.13,2306306
2313906,231390,Uruoca,CE,Nordeste,2025,14308,8,1,1,1,5.59,6.99,6.99,6.99,20.98,21.37,21.75,21.98,22.13,22.51,21.98,1.53,0.55,86.3,Baixa,-3.3232999999999997,-40.6666,0.0,2313906
2313955,231395,Varjota,CE,Nordeste,2025,18708,8,0,0,0,4.28,0.0,0.0,0.0,99.98,86.43,72.87,64.73,59.31,45.75,64.73,54.23,19.46,45.76,Alta,-4.1709499999999995,-40.514700000000005,11.42,2311702
2314102,231410,Viçosa do Ceará,CE,Nordeste,2025,62972,19,1,1,1,3.02,1.59,1.59,1.59,48.41,53.76,59.1,62.31,64.45,69.79,62.31,21.38,7.67,75.91,Alta,-3.53565,-41.12205,0.0,2314102
2314003,231400,Várzea Alegre,CE,Nordeste,2025,40878,15,1,1,1,3.67,2.45,2.45,2.45,44.66,47.8,50.93,52.82,54.07,57.21,52.82,12.55,4.5,79.64,Alta,-6.74205,-39.3124,0.0,2314003
5300108,530010,Brasília,DF,Centro-Oeste,2025,2996899,209,35,28,8,0.7,1.17,0.93,0.27,49.85,61.64,73.42,80.5,85.21,97.0,80.5,47.15,16.92,52.84,Muito alta,-15.7759,-47.79515,0.0,5300108
3200102,320010,Afonso Cláudio,ES,Sudeste,2025,32456,9,0,0,0,2.77,0.0,0.0,0.0,99.98,93.44,86.91,82.98,80.37,73.83,82.98,26.15,9.38,73.84,Muito alta,-20.0896,-41.1095,24.46,3203163
3200201,320020,Alegre,ES,Sudeste,2025,30702,11,1,1,1,3.58,3.26,3.26,3.26,40.19,44.88,49.57,52.38,54.26,58.95,52.38,18.76,6.73,75.04,Alta,-20.7286,-41.507,0.0,3200201
3200300,320030,Alfredo Chaves,ES,Sudeste,2025,14376,15,0,0,0,10.43,0.0,0.0,0.0,99.98,75.49,51.0,36.3,26.5,2.01,36.3,97.97,35.15,2.01,Moderada,-20.5702,-40.822100000000006,30.22,3202405
3200359,320035,Alto Rio Novo,ES,Sudeste,2025,7760,4,0,0,0,5.15,0.0,0.0,0.0,99.98,82.22,64.46,53.8,46.7,28.94,53.8,71.05,25.49,28.94,Alta,-19.03145,-40.983599999999996,22.33,3204005
3200409,320040,Anchieta,ES,Sudeste,2025,33017,22,0,0,0,6.66,0.0,0.0,0.0,99.98,77.9,55.82,42.58,33.75,11.67,42.58,88.31,31.69,11.67,Moderada,-20.691249999999997,-40.704750000000004,17.57,3204203
3200508,320050,Apiacá,ES,Sudeste,2025,7462,3,1,0,0,4.02,13.4,0.0,0.0,7.5,18.27,29.03,35.49,39.8,50.57,35.49,43.06,15.45,56.93,Moderada,-21.06555,-41.5742,0.0,3200508
3200607,320060,Aracruz,ES,Sudeste,2025,103363,22,3,3,1,2.13,2.9,2.9,0.97,42.22,52.71,63.2,69.5,73.69,84.19,69.5,41.97,15.06,58.03,Alta,-19.7818,-40.1306,0.0,3200607
3200706,320070,Atílio Vivácqua,ES,Sudeste,2025,11046,5,1,1,0,4.53,9.05,9.05,0.0,14.58,21.09,27.61,31.52,34.12,40.64,31.52,26.06,9.35,72.64,Moderada,-20.96495,-41.18685,0.0,3200706
3200805,320080,Baixo Guandu,ES,Sudeste,2025,32829,35,1,1,1,10.66,3.05,3.05,3.05,41.43,31.52,21.6,15.66,11.69,1.78,15.66,39.65,14.23,60.34,Baixa,-19.51185,-41.00575,0.0,3200805
3200904,320090,Barra de São Francisco,ES,Sudeste,2025,45415,18,2,2,2,3.96,4.4,4.4,4.4,33.33,37.88,42.43,45.15,46.97,51.52,45.15,18.18,6.52,75.75,Moderada,-18.66505,-40.83875,0.0,3200904
3201001,320100,Boa Esperança,ES,Sudeste,2025,14054,6,1,1,1,4.27,7.12,7.12,7.12,20.12,26.57,33.02,36.89,39.47,45.92,36.89,25.79,9.26,73.38,Moderada,-18.474,-40.30545,0.0,3201001
3201100,320110,Bom Jesus do Norte,ES,Sudeste,2025,10820,4,0,0,0,3.7,0.0,0.0,0.0,99.98,89.13,78.27,71.76,67.42,56.56,71.76,43.42,15.58,56.57,Alta,-21.07555,-41.644400000000005,7.37,3200508
3201159,320115,Brejetuba,ES,Sudeste,2025,13718,7,0,0,0,5.1,0.0,0.0,0.0,99.98,82.48,64.97,54.47,47.46,29.96,54.47,70.02,25.13,29.96,Alta,-20.10755,-41.320949999999996,24.81,3144003
3201209,320120,Cachoeiro de Itapemirim,ES,Sudeste,2025,198342,43,7,6,3,2.17,3.53,3.03,1.51,38.66,49.94,61.22,67.99,72.5,83.77,67.99,45.11,16.19,54.88,Alta,-20.7797,-41.1947,0.0,3201209
3201308,320130,Cariacica,ES,Sudeste,2025,376200,39,3,3,2,1.04,0.8,0.8,0.53,50.78,61.86,72.94,79.59,84.02,95.1,79.59,44.32,15.9,55.67,Muito alta,-20.307299999999998,-40.461749999999995,0.0,3201308
3201407,320140,Castelo,ES,Sudeste,2025,39575,11,0,0,0,2.78,0.0,0.0,0.0,99.98,93.41,86.84,82.9,80.27,73.7,82.9,26.28,9.43,73.72,Muito alta,-20.552750000000003,-41.21615,19.02,3201704
3201506,320150,Colatina,ES,Sudeste,2025,129301,43,7,7,5,3.33,5.41,5.41,3.87,27.86,36.93,46.01,51.45,55.08,64.15,51.45,36.3,13.02,63.7,Alta,-19.4728,-40.628550000000004,0.0,3201506
3201605,320160,Conceição da Barra,ES,Sudeste,2025,28923,11,1,1,0,3.8,3.46,3.46,0.0,39.13,42.95,46.78,49.07,50.6,54.42,49.07,15.29,5.49,76.97,Moderada,-18.4426,-39.84885,0.0,3201605
3201704,320170,Conceição do Castelo,ES,Sudeste,2025,12472,7,1,1,1,5.61,8.02,8.02,8.02,17.48,18.64,19.79,20.48,20.94,22.1,20.48,4.61,1.66,85.94,Baixa,-20.386000000000003,-41.256699999999995,0.0,3201704
3201803,320180,Divino de São Lourenço,ES,Sudeste,2025,5397,3,0,0,0,5.56,0.0,0.0,0.0,99.98,80.73,61.47,49.92,42.21,22.96,49.92,77.02,27.64,22.96,Moderada,-20.5865,-41.7295,22.49,3124203
3201902,320190,Domingos Martins,ES,Sudeste,2025,38236,13,0,0,0,3.4,0.0,0.0,0.0,99.98,90.66,81.34,75.75,72.02,62.7,75.75,37.28,13.38,62.71,Muito alta,-20.3223,-40.8377,27.2,3204559
3202009,320200,Dores do Rio Preto,ES,Sudeste,2025,6902,4,0,0,0,5.8,0.0,0.0,0.0,99.98,79.89,59.79,47.73,39.7,19.6,47.73,80.38,28.84,19.61,Moderada,-20.62715,-41.812749999999994,14.45,3124203
3202108,320210,Ecoporanga,ES,Sudeste,2025,22611,9,1,1,1,3.98,4.42,4.42,4.42,33.26,37.74,42.23,44.92,46.71,51.19,44.92,17.93,6.43,75.96,Moderada,-18.2337,-40.84755,0.0,3202108
3202207,320220,Fundão,ES,Sudeste,2025,18898,4,0,0,0,2.12,0.0,0.0,0.0,99.98,96.09,92.2,89.87,88.31,84.42,89.87,15.56,5.58,84.43,Muito alta,-19.9541,-40.3298,20.56,3205002
3202256,320225,Governador Lindenberg,ES,Sudeste,2025,11484,5,0,0,0,4.35,0.0,0.0,0.0,99.98,85.99,71.99,63.59,57.99,44.0,63.59,55.99,20.09,44.0,Alta,-19.19615,-40.49185,26.93,3204708
3202405,320240,Guarapari,ES,Sudeste,2025,136311,30,1,1,1,2.2,0.73,0.73,0.73,50.96,59.05,67.13,71.99,75.22,83.31,71.99,32.35,11.61,66.01,Alta,-20.6127,-40.53535,0.0,3202405
3202306,320230,Guaçuí,ES,Sudeste,2025,31418,13,1,1,1,4.14,3.18,3.18,3.18,40.53,42.53,44.53,45.72,46.52,48.52,45.72,7.99,2.87,80.86,Moderada,-20.790399999999998,-41.723200000000006,0.0,3202306
3202454,320245,Ibatiba,ES,Sudeste,2025,27543,7,0,0,0,2.54,0.0,0.0,0.0,99.98,94.44,88.89,85.56,83.34,77.8,85.56,22.19,7.96,77.81,Muito alta,-20.26735,-41.546800000000005,15.49,3203007
3202504,320250,Ibiraçu,ES,Sudeste,2025,12304,5,0,0,0,4.06,0.0,0.0,0.0,99.98,87.38,74.78,67.22,62.18,49.58,67.22,50.4,18.09,49.59,Alta,-19.83515,-40.43015,22.39,3204609
3202553,320255,Ibitirama,ES,Sudeste,2025,10015,6,0,0,0,5.99,0.0,0.0,0.0,99.98,79.37,58.76,46.39,38.15,17.54,46.39,82.44,29.58,17.54,Moderada,-20.5184,-41.6985,18.52,3203007
3202603,320260,Iconha,ES,Sudeste,2025,12790,7,0,0,0,5.47,0.0,0.0,0.0,99.98,81.08,62.17,50.83,43.26,24.36,50.83,75.62,27.14,24.36,Alta,-20.7632,-40.859049999999996,12.94,3204203
3202652,320265,Irupi,ES,Sudeste,2025,14647,6,0,0,0,4.1,0.0,0.0,0.0,99.98,87.27,74.56,66.93,61.84,49.13,66.93,50.85,18.25,49.14,Alta,-20.33905,-41.635400000000004,3.31,3203007
3202702,320270,Itaguaçu,ES,Sudeste,2025,14042,11,0,0,0,7.83,0.0,0.0,0.0,99.98,76.58,53.19,39.15,29.79,6.39,39.15,93.59,33.58,6.39,Moderada,-19.72605,-40.875150000000005,25.39,3202900
3202801,320280,Itapemirim,ES,Sudeste,2025,44020,16,1,1,0,3.63,2.27,2.27,0.0,45.47,48.6,51.74,53.62,54.88,58.01,53.62,12.55,4.5,80.97,Alta,-20.9882,-40.93815,0.0,3202801
3202900,320290,Itarana,ES,Sudeste,2025,10975,2,1,1,1,1.82,9.11,9.11,9.11,14.41,32.76,51.1,62.11,69.45,87.79,62.11,73.38,26.33,26.61,Alta,-19.9544,-40.87295,0.0,3202900
3203007,320300,Iúna,ES,Sudeste,2025,30556,11,1,1,1,3.6,3.27,3.27,3.27,40.06,44.71,49.35,52.14,54.0,58.64,52.14,18.58,6.67,75.15,Alta,-20.35545,-41.66185,0.0,3203007
3203056,320305,Jaguaré,ES,Sudeste,2025,31551,17,0,0,0,5.39,0.0,0.0,0.0,99.98,81.36,62.74,51.56,44.11,25.49,51.56,74.49,26.73,25.49,Alta,-18.968850000000003,-39.9744,21.2,3204906
3203106,320310,Jerônimo Monteiro,ES,Sudeste,2025,12108,4,1,1,1,3.3,8.26,8.26,8.26,16.82,28.77,40.72,47.89,52.67,64.62,47.89,47.8,17.15,52.19,Moderada,-20.79625,-41.39025,0.0,3203106
3203130,320313,João Neiva,ES,Sudeste,2025,14295,12,0,0,0,8.39,0.0,0.0,0.0,99.98,76.26,52.54,38.31,28.82,5.1,38.31,94.88,34.05,5.1,Moderada,-19.7269,-40.438199999999995,26.42,3204609
3203163,320316,Laranja da Terra,ES,Sudeste,2025,11597,4,1,0,0,3.45,8.62,0.0,0.0,16.07,27.54,39.01,45.89,50.48,61.95,45.89,45.88,16.46,54.11,Moderada,-19.874299999999998,-41.061449999999994,0.0,3203163
3203205,320320,Linhares,ES,Sudeste,2025,183797,31,7,5,1,1.69,3.81,2.72,0.54,37.01,50.12,63.23,71.09,76.34,89.45,71.09,52.43,18.81,47.56,Alta,-19.341,-40.1071,0.0,3203205
3203304,320330,Mantenópolis,ES,Sudeste,2025,13131,2,0,0,0,1.52,0.0,0.0,0.0,99.98,97.76,95.54,94.21,93.32,91.1,94.21,8.89,3.19,91.11,Muito alta,-18.87105,-41.07055,16.86,3162575
3203320,320332,Marataízes,ES,Sudeste,2025,45953,15,0,0,0,3.26,0.0,0.0,0.0,99.98,91.28,82.57,77.35,73.86,65.16,77.35,34.82,12.5,65.17,Muito alta,-21.093,-40.878249999999994,13.21,3202801
3203346,320334,Marechal Floriano,ES,Sudeste,2025,18964,11,0,0,0,5.8,0.0,0.0,0.0,99.98,79.87,59.76,47.7,39.66,19.55,47.7,80.43,28.86,19.55,Moderada,-20.42275,-40.76885,32.21,3202405
3203353,320335,Marilândia,ES,Sudeste,2025,13087,10,0,0,0,7.64,0.0,0.0,0.0,99.98,76.71,53.45,39.49,30.18,6.91,39.49,93.07,33.4,6.91,Moderada,-19.4266,-40.50755,13.69,3201506
3203403,320340,Mimoso do Sul,ES,Sudeste,2025,25088,12,1,1,1,4.78,3.99,3.99,3.99,35.94,35.86,35.79,35.75,35.72,35.65,35.75,0.29,0.1,84.17,Moderada,-21.06575,-41.35845,0.0,3203403
3203502,320350,Montanha,ES,Sudeste,2025,19830,8,1,1,1,4.03,5.04,5.04,5.04,30.1,35.16,40.21,43.24,45.26,50.31,43.24,20.21,7.25,75.13,Moderada,-18.1216,-40.2669,0.0,3203502
3203601,320360,Mucurici,ES,Sudeste,2025,5653,4,1,1,1,7.08,17.69,17.69,17.69,4.31,5.47,6.64,7.34,7.81,8.98,7.34,4.67,1.67,92.59,Baixa,-18.01755,-40.5152,0.0,3203601
3203700,320370,Muniz Freire,ES,Sudeste,2025,18809,0,1,1,1,0.0,5.32,5.32,5.32,28.54,46.4,64.26,74.98,82.12,99.98,74.98,71.44,25.63,28.55,Alta,-20.40025,-41.4559,0.0,3203700
3203809,320380,Muqui,ES,Sudeste,2025,14185,9,0,0,0,6.34,0.0,0.0,0.0,99.98,78.48,56.97,44.07,35.47,13.97,44.07,86.02,30.86,13.97,Moderada,-20.936500000000002,-41.348749999999995,14.41,3203403
3203908,320390,Nova Venécia,ES,Sudeste,2025,52324,16,1,1,1,3.06,1.91,1.91,1.91,47.07,52.58,58.1,61.4,63.61,69.13,61.4,22.06,7.92,75.8,Alta,-18.6588,-40.528850000000006,0.0,3203908
3204005,320400,Pancas,ES,Sudeste,2025,19120,9,1,1,0,4.71,5.23,5.23,0.0,29.03,31.09,33.15,34.39,35.22,37.28,34.39,8.26,2.96,81.1,Moderada,-19.148600000000002,-40.811,0.0,3204005
3204054,320405,Pedro Canário,ES,Sudeste,2025,21923,6,1,1,1,2.74,4.56,4.56,4.56,32.67,43.13,53.58,59.85,64.04,74.49,59.85,41.82,15.01,58.17,Alta,-18.146549999999998,-40.06015,0.0,3204054
3204104,320410,Pinheiros,ES,Sudeste,2025,24843,8,1,1,1,3.22,4.03,4.03,4.03,35.47,43.11,50.75,55.34,58.4,66.04,55.34,30.57,10.97,69.43,Alta,-18.375149999999998,-40.21155,0.0,3204104
3204203,320420,Piúma,ES,Sudeste,2025,23912,9,1,1,1,3.76,4.18,4.18,4.18,34.34,39.54,44.74,47.86,49.94,55.14,47.86,20.8,7.46,74.34,Moderada,-20.83905,-40.7646,0.0,3204203
3204252,320425,Ponto Belo,ES,Sudeste,2025,6671,3,0,0,0,4.5,0.0,0.0,0.0,99.98,85.29,70.59,61.77,55.89,41.2,61.77,58.79,21.09,41.2,Alta,-18.26275,-40.5205,27.27,3203601
3204302,320430,Presidente Kennedy,ES,Sudeste,2025,14852,11,0,0,0,7.41,0.0,0.0,0.0,99.98,76.93,53.89,40.06,30.84,7.79,40.06,92.19,33.08,7.79,Moderada,-21.156550000000003,-41.0731,23.38,3202801
3204351,320435,Rio Bananal,ES,Sudeste,2025,20350,0,0,0,0,0.0,0.0,0.0,0.0,99.98,99.98,99.98,99.98,99.98,99.98,99.98,0.0,0.0,100.0,Muito alta,-19.22205,-40.3061,24.72,3203205
3204401,320440,Rio Novo do Sul,ES,Sudeste,2025,11471,7,0,0,0,6.1,0.0,0.0,0.0,99.98,79.06,58.14,45.59,37.22,16.3,45.59,83.68,30.03,16.3,Moderada,-20.7847,-40.9112,16.39,3204203
3204500,320450,Santa Leopoldina,ES,Sudeste,2025,13813,6,0,0,0,4.34,0.0,0.0,0.0,99.98,86.05,72.11,63.75,58.18,44.25,63.75,55.74,20.0,44.25,Alta,-20.1084,-40.5627,24.5,3201308
3204559,320455,Santa Maria de Jetibá,ES,Sudeste,2025,45575,14,1,1,1,3.07,2.19,2.19,2.19,45.79,51.57,57.34,60.81,63.12,68.89,60.81,23.1,8.29,75.3,Alta,-20.0783,-40.8195,0.0,3204559
3204609,320460,Santa Teresa,ES,Sudeste,2025,23872,13,1,1,1,5.45,4.19,4.19,4.19,34.27,31.92,29.56,28.15,27.21,24.86,28.15,9.41,3.37,79.48,Moderada,-19.8681,-40.6413,0.0,3204609
3205002,320500,Serra,ES,Sudeste,2025,579720,42,5,4,3,0.72,0.86,0.69,0.52,50.58,62.17,73.76,80.71,85.34,96.93,80.71,46.35,16.63,53.64,Muito alta,-20.1374,-40.3039,0.0,3205002
3205010,320501,Sooretama,ES,Sudeste,2025,28668,6,0,0,0,2.09,0.0,0.0,0.0,99.98,96.2,92.43,90.16,88.65,84.87,90.16,15.11,5.42,84.88,Muito alta,-19.070700000000002,-40.145399999999995,30.32,3203205
3204658,320465,São Domingos do Norte,ES,Sudeste,2025,9051,5,0,0,0,5.52,0.0,0.0,0.0,99.98,80.87,61.75,50.28,42.63,23.51,50.28,76.47,27.44,23.52,Alta,-19.160800000000002,-40.53305,22.97,3204708
3204708,320470,São Gabriel da Palha,ES,Sudeste,2025,34272,4,1,1,0,1.17,2.92,2.92,0.0,42.15,55.12,68.09,75.88,81.07,94.04,75.88,51.89,18.62,48.1,Muito alta,-18.954949999999997,-40.5146,0.0,3204708
3204807,320480,São José do Calçado,ES,Sudeste,2025,11411,5,1,1,1,4.38,8.76,8.76,8.76,15.51,22.5,29.49,33.69,36.48,43.48,33.69,27.97,10.03,71.53,Moderada,-20.983449999999998,-41.6542,0.0,3204807
3204906,320490,São Mateus,ES,Sudeste,2025,134423,34,4,3,2,2.53,2.98,2.23,1.49,41.75,50.8,59.85,65.27,68.89,77.94,65.27,36.19,12.98,63.81,Alta,-18.7965,-40.0605,0.0,3204906
3204955,320495,São Roque do Canaã,ES,Sudeste,2025,11256,5,0,0,0,4.44,0.0,0.0,0.0,99.98,85.54,71.09,62.42,56.65,42.2,62.42,57.78,20.73,42.21,Alta,-19.726,-40.6502,15.83,3204609
3205036,320503,Vargem Alta,ES,Sudeste,2025,20390,11,0,0,0,5.39,0.0,0.0,0.0,99.98,81.35,62.72,51.54,44.09,25.45,51.54,74.53,26.74,25.46,Alta,-20.653100000000002,-40.9985,24.79,3201209
3205069,320506,Venda Nova do Imigrante,ES,Sudeste,2025,25395,5,1,1,0,1.97,3.94,3.94,0.0,36.26,48.78,61.3,68.81,73.82,86.34,68.81,50.08,17.97,49.91,Alta,-20.3712,-41.135450000000006,0.0,3205069
3205101,320510,Viana,ES,Sudeste,2025,79043,29,0,0,0,3.67,0.0,0.0,0.0,99.98,89.3,78.61,72.2,67.93,57.24,72.2,42.74,15.34,57.25,Alta,-20.39865,-40.49825,10.85,3201308
3205150,320515,Vila Pavão,ES,Sudeste,2025,9319,2,0,0,0,2.15,0.0,0.0,0.0,99.98,96.0,92.01,89.62,88.03,84.04,89.62,15.94,5.72,84.06,Muito alta,-18.607599999999998,-40.62795,11.89,3203908
3205176,320517,Vila Valério,ES,Sudeste,2025,14267,7,0,0,0,4.91,0.0,0.0,0.0,99.98,83.32,66.66,56.66,50.0,33.33,56.66,66.65,23.91,33.34,Alta,-18.9588,-40.3354,18.85,3204708
3205200,320520,Vila Velha,ES,Sudeste,2025,506779,34,9,7,4,0.67,1.78,1.38,0.79,47.64,60.02,72.39,79.82,84.77,97.15,79.82,49.51,17.76,50.48,Muito alta,-20.42775,-40.3793,0.0,3205200
3205309,320530,Vitória,ES,Sudeste,2025,343378,32,20,16,4,0.93,5.82,4.66,1.16,25.36,42.93,60.5,71.04,78.07,95.64,71.04,70.27,25.22,29.71,Alta,-20.28215,-40.288250000000005,0.0,3205309
3200169,320016,Água Doce do Norte,ES,Sudeste,2025,12585,8,1,0,0,6.36,7.95,0.0,0.0,17.64,16.69,15.74,15.17,14.79,13.84,15.17,3.81,1.37,87.2,Baixa,-18.520899999999997,-41.04325,0.0,3200169
3200136,320013,Águia Branca,ES,Sudeste,2025,10143,6,0,0,0,5.92,0.0,0.0,0.0,99.98,79.57,59.15,46.91,38.74,18.33,46.91,81.65,29.3,18.33,Moderada,-18.996850000000002,-40.731049999999996,18.85,3204005
5200050,520005,Abadia de Goiás,GO,Centro-Oeste,2025,22052,4,0,0,0,1.81,0.0,0.0,0.0,99.98,96.98,93.98,92.18,90.98,87.97,92.18,12.01,4.31,87.99,Muito alta,-16.788899999999998,-49.4618,17.33,5221403
5200100,520010,Abadiânia,GO,Centro-Oeste,2025,17738,5,0,0,0,2.82,0.0,0.0,0.0,99.98,93.19,86.39,82.32,79.6,72.81,82.32,27.18,9.75,72.82,Muito alta,-16.1676,-48.67575,21.01,5200308
5200134,520013,Acreúna,GO,Centro-Oeste,2025,22079,7,2,1,1,3.17,9.06,4.53,4.53,14.56,27.69,40.82,48.7,53.95,67.08,48.7,52.52,18.85,47.47,Moderada,-17.42435,-50.3128,0.0,5200134
5200159,520015,Adelândia,GO,Centro-Oeste,2025,2282,1,1,1,1,4.38,43.82,43.82,43.82,0.18,11.0,21.82,28.31,32.64,43.46,28.31,43.28,15.53,56.71,Moderada,-16.38255,-50.1924,0.0,5200159
5200308,520030,Alexânia,GO,Centro-Oeste,2025,28244,10,1,1,1,3.54,3.54,3.54,3.54,38.63,43.96,49.29,52.49,54.62,59.95,52.49,21.32,7.65,73.77,Alta,-16.1159,-48.486599999999996,0.0,5200308
5200506,520050,Aloândia,GO,Centro-Oeste,2025,1977,1,0,0,0,5.06,0.0,0.0,0.0,99.98,82.62,65.26,54.84,47.9,30.53,54.84,69.45,24.92,30.54,Alta,-17.69275,-49.462450000000004,18.24,5212105
5200555,520055,Alto Horizonte,GO,Centro-Oeste,2025,6487,2,0,0,0,3.08,0.0,0.0,0.0,99.98,92.16,84.34,79.65,76.52,68.7,79.65,31.29,11.23,68.71,Muito alta,-14.17885,-49.4343,18.52,5212808
5200605,520060,Alto Paraíso de Goiás,GO,Centro-Oeste,2025,11182,4,0,0,0,3.58,0.0,0.0,0.0,99.98,89.75,79.53,73.39,69.3,59.07,73.39,40.91,14.68,59.08,Alta,-14.162099999999999,-47.52305,64.52,5205521
5200803,520080,Alvorada do Norte,GO,Centro-Oeste,2025,8619,4,1,1,1,4.64,11.6,11.6,11.6,9.6,16.82,24.04,28.36,31.25,38.47,28.36,28.86,10.36,70.81,Moderada,-14.56765,-46.640249999999995,0.0,5200803
5200829,520082,Amaralina,GO,Centro-Oeste,2025,3267,3,0,0,0,9.18,0.0,0.0,0.0,99.98,75.85,51.72,37.25,27.59,3.46,37.25,96.52,34.63,3.46,Moderada,-13.8403,-49.59955,33.49,5212808
5200852,520085,Americano do Brasil,GO,Centro-Oeste,2025,5260,2,0,0,0,3.8,0.0,0.0,0.0,99.98,88.61,77.23,70.4,65.85,54.48,70.4,45.5,16.33,54.49,Alta,-16.276400000000002,-49.987849999999995,14.4,5201306
5200902,520090,Amorinópolis,GO,Centro-Oeste,2025,2906,2,0,0,0,6.88,0.0,0.0,0.0,99.98,77.53,55.08,41.61,32.63,10.18,41.61,89.8,32.22,10.18,Moderada,-16.65975,-51.120400000000004,6.77,5211602
5201207,520120,Anhanguera,GO,Centro-Oeste,2025,913,1,0,0,0,10.95,0.0,0.0,0.0,99.98,75.35,50.73,35.95,26.1,1.47,35.95,98.51,35.35,1.47,Moderada,-18.310299999999998,-48.225300000000004,23.1,5208509
5201306,520130,Anicuns,GO,Centro-Oeste,2025,18306,8,1,1,1,4.37,5.46,5.46,5.46,27.79,31.76,35.73,38.11,39.7,43.67,38.11,15.89,5.7,78.24,Moderada,-16.4025,-49.9572,0.0,5201306
5201108,520110,Anápolis,GO,Centro-Oeste,2025,420300,53,11,10,4,1.26,2.62,2.38,0.95,43.71,56.15,68.6,76.06,81.04,93.48,76.06,49.78,17.86,50.22,Muito alta,-16.306,-48.97255,0.0,5201108
5201405,520140,Aparecida de Goiânia,GO,Centro-Oeste,2025,556021,53,11,11,4,0.95,1.98,1.98,0.72,46.8,58.96,71.13,78.43,83.29,95.46,78.43,48.66,17.46,51.33,Muito alta,-16.8119,-49.2619,0.0,5201405
5201454,520145,Aparecida do Rio Doce,GO,Centro-Oeste,2025,3045,1,0,0,0,3.28,0.0,0.0,0.0,99.98,91.21,82.44,77.17,73.66,64.89,77.17,35.09,12.59,64.9,Muito alta,-18.2193,-51.28305,58.8,5211909
5201504,520150,Aporé,GO,Centro-Oeste,2025,4488,1,1,1,1,2.23,22.28,22.28,22.28,2.19,22.35,42.51,54.61,62.68,82.84,54.61,80.65,28.94,19.34,Alta,-18.8052,-52.08305,0.0,5201504
5201702,520170,Aragarças,GO,Centro-Oeste,2025,18601,8,0,0,0,4.3,0.0,0.0,0.0,99.98,86.28,72.58,64.36,58.88,45.18,64.36,54.8,19.66,45.19,Alta,-15.988050000000001,-52.10625,22.92,5203401
5201801,520180,Aragoiânia,GO,Centro-Oeste,2025,12806,4,0,0,0,3.12,0.0,0.0,0.0,99.98,91.94,83.89,79.06,75.84,67.8,79.06,32.18,11.55,67.81,Muito alta,-16.939500000000002,-49.4236,17.23,5209705
5202155,520215,Araguapaz,GO,Centro-Oeste,2025,7152,3,0,0,0,4.19,0.0,0.0,0.0,99.98,86.8,73.62,65.71,60.44,47.26,65.71,52.72,18.92,47.27,Alta,-15.1363,-50.43365,34.23,5207535
5201603,520160,Araçu,GO,Centro-Oeste,2025,3840,2,0,0,0,5.21,0.0,0.0,0.0,99.98,82.06,64.14,53.39,46.23,28.31,53.39,71.67,25.72,28.31,Alta,-16.36665,-49.7118,21.72,5210000
5202353,520235,Arenópolis,GO,Centro-Oeste,2025,2904,2,0,0,0,6.89,0.0,0.0,0.0,99.98,77.52,55.05,41.57,32.59,10.12,41.57,89.86,32.24,10.13,Moderada,-16.346200000000003,-51.603849999999994,42.34,5215652
5202502,520250,Aruanã,GO,Centro-Oeste,2025,8570,3,1,1,1,3.5,11.67,11.67,11.67,9.53,22.38,35.23,42.94,48.07,60.92,42.94,51.39,18.44,48.6,Moderada,-14.7161,-50.959450000000004,0.0,5202502
5202601,520260,Aurilândia,GO,Centro-Oeste,2025,3237,2,0,0,0,6.18,0.0,0.0,0.0,99.98,78.91,57.84,45.19,36.76,15.69,45.19,84.29,30.25,15.69,Moderada,-16.6772,-50.5108,28.56,5220108
5202809,520280,Avelinópolis,GO,Centro-Oeste,2025,2993,1,0,0,0,3.34,0.0,0.0,0.0,99.98,90.92,81.86,76.43,72.8,63.74,76.43,36.24,13.0,63.75,Muito alta,-16.48885,-49.768249999999995,14.51,5214408
5203104,520310,Baliza,GO,Centro-Oeste,2025,3306,3,0,0,0,9.07,0.0,0.0,0.0,99.98,75.89,51.8,37.35,27.71,3.63,37.35,96.36,34.57,3.63,Moderada,-16.340400000000002,-52.444649999999996,43.19,5203401
5203203,520320,Barro Alto,GO,Centro-Oeste,2025,10853,3,0,0,0,2.76,0.0,0.0,0.0,99.98,93.5,87.01,83.12,80.53,74.04,83.12,25.94,9.31,74.06,Muito alta,-14.905850000000001,-48.89685,38.95,5220157
5203302,520330,Bela Vista de Goiás,GO,Centro-Oeste,2025,37305,10,1,1,1,2.68,2.68,2.68,2.68,43.46,51.47,59.49,64.3,67.5,75.52,64.3,32.06,11.5,67.94,Alta,-16.97305,-48.89585,0.0,5203302
5203401,520340,Bom Jardim de Goiás,GO,Centro-Oeste,2025,7775,5,1,1,1,6.43,12.86,12.86,12.86,8.04,9.33,10.61,11.38,11.89,13.18,11.38,5.13,1.84,90.23,Baixa,-16.1914,-52.071,0.0,5203401
5203500,520350,Bom Jesus de Goiás,GO,Centro-Oeste,2025,24925,7,1,1,1,2.81,4.01,4.01,4.01,35.67,45.03,54.39,60.01,63.75,73.11,60.01,37.44,13.44,62.55,Alta,-18.1939,-49.86525,0.0,5203500
5203559,520355,Bonfinópolis,GO,Centro-Oeste,2025,11025,4,0,0,0,3.63,0.0,0.0,0.0,99.98,89.52,79.05,72.77,68.59,58.12,72.77,41.86,15.02,58.13,Alta,-16.59505,-49.0141,15.8,5220454
5203575,520357,Bonópolis,GO,Centro-Oeste,2025,3289,2,0,0,0,6.08,0.0,0.0,0.0,99.98,79.12,58.26,45.74,37.39,16.53,45.74,83.45,29.94,16.54,Moderada,-13.540600000000001,-49.896550000000005,71.3,5220207
5203609,520360,Brazabrantes,GO,Centro-Oeste,2025,4201,4,0,0,0,9.52,0.0,0.0,0.0,99.98,75.71,51.44,36.87,27.16,2.89,36.87,97.09,34.84,2.89,Moderada,-16.371699999999997,-49.3735,16.82,5210000
5203807,520380,Britânia,GO,Centro-Oeste,2025,5798,2,0,0,0,3.45,0.0,0.0,0.0,99.98,90.47,80.95,75.25,71.44,61.93,75.25,38.05,13.65,61.94,Muito alta,-15.202950000000001,-51.16765,34.79,5212204
5203906,520390,Buriti Alegre,GO,Centro-Oeste,2025,10930,3,1,1,1,2.74,9.15,9.15,9.15,14.2,29.24,44.27,53.3,59.31,74.35,53.3,60.15,21.58,39.84,Alta,-18.13615,-49.0297,0.0,5203906
5203939,520393,Buriti de Goiás,GO,Centro-Oeste,2025,2800,1,1,1,1,3.57,35.71,35.71,35.71,0.48,15.16,29.83,38.64,44.51,59.18,38.64,58.7,21.06,41.29,Moderada,-16.1699,-50.45675,0.0,5203939
5203962,520396,Buritinópolis,GO,Centro-Oeste,2025,3140,2,0,0,0,6.37,0.0,0.0,0.0,99.98,78.41,56.84,43.9,35.27,13.7,43.9,86.29,30.96,13.7,Moderada,-14.396999999999998,-46.31555,23.25,5206701
5204003,520400,Cabeceiras,GO,Centro-Oeste,2025,7689,3,1,0,1,3.9,13.01,0.0,13.01,7.9,19.07,30.25,36.95,41.42,52.59,36.95,44.7,16.04,55.3,Moderada,-15.74715,-46.99225,0.0,5204003
5204102,520410,Cachoeira Alta,GO,Centro-Oeste,2025,11854,6,0,0,0,5.06,0.0,0.0,0.0,99.98,82.6,65.22,54.79,47.84,30.46,54.79,69.52,24.95,30.47,Alta,-18.60745,-50.9957,17.07,5204300
5204250,520425,Cachoeira Dourada,GO,Centro-Oeste,2025,7762,4,1,1,1,5.15,12.88,12.88,12.88,8.01,13.25,18.5,21.65,23.74,28.99,21.65,20.98,7.53,77.16,Baixa,-18.47795,-49.6001,0.0,5204250
5204201,520420,Cachoeira de Goiás,GO,Centro-Oeste,2025,1417,1,0,0,0,7.06,0.0,0.0,0.0,99.98,77.27,54.56,40.93,31.85,9.14,40.93,90.85,32.6,9.14,Moderada,-16.7106,-50.69965,38.86,5211602
5204409,520440,Caiapônia,GO,Centro-Oeste,2025,16628,6,0,0,0,3.61,0.0,0.0,0.0,99.98,89.6,79.21,72.98,68.83,58.45,72.98,41.54,14.9,58.46,Alta,-16.97775,-51.7423,45.08,5215652
5204508,520450,Caldas Novas,GO,Centro-Oeste,2025,106820,22,5,5,4,2.06,4.68,4.68,3.74,31.86,45.21,58.55,66.56,71.9,85.25,66.56,53.38,19.15,46.61,Alta,-17.770850000000003,-48.69085,0.0,5204508
5204557,520455,Caldazinha,GO,Centro-Oeste,2025,4819,1,0,0,0,2.08,0.0,0.0,0.0,99.98,96.25,92.52,90.29,88.79,85.07,90.29,14.92,5.35,85.08,Muito alta,-16.7288,-48.95965,15.43,5220454
5204607,520460,Campestre de Goiás,GO,Centro-Oeste,2025,3879,1,0,0,0,2.58,0.0,0.0,0.0,99.98,94.31,88.65,85.25,82.98,77.31,85.25,22.67,8.13,77.32,Muito alta,-16.7866,-49.6901,21.29,5219100
5204656,520465,Campinaçu,GO,Centro-Oeste,2025,3760,1,0,0,0,2.66,0.0,0.0,0.0,99.98,93.96,87.95,84.34,81.93,75.91,84.34,24.07,8.64,75.92,Muito alta,-13.887,-48.55185,45.81,5213087
5204706,520470,Campinorte,GO,Centro-Oeste,2025,12983,5,0,0,0,3.85,0.0,0.0,0.0,99.98,88.32,76.66,69.67,65.01,53.35,69.67,46.63,16.73,53.36,Alta,-14.0103,-48.92895,46.35,5212808
5204805,520480,Campo Alegre de Goiás,GO,Centro-Oeste,2025,7807,6,0,0,0,7.69,0.0,0.0,0.0,99.98,76.66,53.35,39.36,30.03,6.71,39.36,93.27,33.47,6.71,Moderada,-17.5364,-47.75345,31.23,5210109
5204854,520485,Campo Limpo de Goiás,GO,Centro-Oeste,2025,8579,2,0,0,0,2.33,0.0,0.0,0.0,99.98,95.33,90.68,87.89,86.03,81.39,87.89,18.6,6.67,81.4,Muito alta,-16.285899999999998,-49.1101,14.85,5201108
5204904,520490,Campos Belos,GO,Centro-Oeste,2025,18227,6,1,1,1,3.29,5.49,5.49,5.49,27.59,36.87,46.15,51.72,55.43,64.71,51.72,37.12,13.32,62.87,Alta,-12.9652,-46.4839,0.0,5204904
5204953,520495,Campos Verdes,GO,Centro-Oeste,2025,3822,3,1,1,1,7.85,26.16,26.16,26.16,1.49,2.7,3.9,4.63,5.11,6.32,4.63,4.83,1.73,94.29,Baixa,-14.1799,-49.6575,0.0,5204953
5205000,520500,Carmo do Rio Verde,GO,Centro-Oeste,2025,9988,3,1,0,0,3.0,10.01,0.0,0.0,11.67,26.27,40.86,49.62,55.46,70.06,49.62,58.39,20.95,41.6,Moderada,-15.42005,-49.73995,0.0,5205000
5205059,520505,Castelândia,GO,Centro-Oeste,2025,2871,1,1,1,1,3.48,34.83,34.83,34.83,0.52,15.73,30.94,40.06,46.15,61.35,40.06,60.83,21.83,39.16,Moderada,-18.1467,-50.375299999999996,0.0,5205059
5205109,520510,Catalão,GO,Centro-Oeste,2025,122760,21,5,3,3,1.71,4.07,2.44,2.44,35.09,48.6,62.12,70.22,75.63,89.14,70.22,54.05,19.39,45.94,Alta,-17.97855,-47.719350000000006,0.0,5205109
5205208,520520,Caturaí,GO,Centro-Oeste,2025,5352,3,0,0,0,5.61,0.0,0.0,0.0,99.98,80.55,61.12,49.46,41.69,22.26,49.46,77.72,27.89,22.26,Moderada,-16.45325,-49.5723,12.08,5208806
5205307,520530,Cavalcante,GO,Centro-Oeste,2025,9730,4,0,0,0,4.11,0.0,0.0,0.0,99.98,87.22,74.45,66.79,61.68,48.91,66.79,51.07,18.32,48.92,Alta,-13.639700000000001,-47.724199999999996,55.38,5205521
5204300,520430,Caçu,GO,Centro-Oeste,2025,14034,6,1,1,1,4.28,7.13,7.13,7.13,20.05,26.48,32.91,36.77,39.34,45.77,36.77,25.72,9.23,73.38,Moderada,-18.733800000000002,-51.08775,0.0,5204300
5205406,520540,Ceres,GO,Centro-Oeste,2025,22570,7,4,3,1,3.1,17.72,13.29,4.43,4.25,20.28,36.3,45.92,52.33,68.35,45.92,64.1,23.0,35.89,Moderada,-15.27175,-49.66,0.0,5205406
5205455,520545,Cezarina,GO,Centro-Oeste,2025,8301,4,0,0,0,4.82,0.0,0.0,0.0,99.98,83.7,67.42,57.65,51.14,34.86,57.65,65.12,23.37,34.87,Alta,-17.10235,-49.74985,22.38,5209952
5205471,520547,Chapadão do Céu,GO,Centro-Oeste,2025,14321,3,1,1,1,2.09,6.98,6.98,6.98,21.06,37.0,52.93,62.5,68.87,84.81,62.5,63.76,22.88,36.23,Alta,-18.38125,-52.581999999999994,0.0,5205471
5205497,520549,Cidade Ocidental,GO,Centro-Oeste,2025,101570,26,1,1,1,2.56,0.98,0.98,0.98,50.35,57.16,63.97,68.05,70.77,77.58,68.05,27.23,9.77,70.66,Alta,-16.151600000000002,-47.823350000000005,0.0,5205497
5205513,520551,Cocalzinho de Goiás,GO,Centro-Oeste,2025,27196,8,0,0,0,2.94,0.0,0.0,0.0,99.98,92.72,85.46,81.1,78.2,70.94,81.1,29.04,10.42,70.95,Muito alta,-15.63905,-48.5542,30.35,5200258
5205521,520552,Colinas do Sul,GO,Centro-Oeste,2025,4188,2,1,1,1,4.78,23.88,23.88,23.88,1.87,10.37,18.87,23.97,27.36,35.86,23.97,34.0,12.2,66.0,Baixa,-13.98585,-48.093,0.0,5205521
5205901,520590,Corumbaíba,GO,Centro-Oeste,2025,9484,2,1,1,0,2.11,10.54,10.54,0.0,11.09,29.47,47.85,58.88,66.24,84.62,58.88,73.52,26.38,26.46,Alta,-18.106949999999998,-48.6075,0.0,5205901
5205802,520580,Corumbá de Goiás,GO,Centro-Oeste,2025,10724,4,1,0,0,3.73,9.32,0.0,0.0,13.59,24.18,34.78,41.14,45.37,55.97,41.14,42.38,15.21,57.61,Moderada,-15.95005,-48.65745,0.0,5205802
5206206,520620,Cristalina,GO,Centro-Oeste,2025,66827,22,0,0,0,3.29,0.0,0.0,0.0,99.98,91.16,82.34,77.04,73.51,64.69,77.04,35.29,12.66,64.7,Muito alta,-16.69965,-47.516000000000005,56.2,5212501
5206305,520630,Cristianópolis,GO,Centro-Oeste,2025,3670,1,0,0,0,2.72,0.0,0.0,0.0,99.98,93.67,87.35,83.57,81.04,74.73,83.57,25.26,9.06,74.74,Muito alta,-17.241500000000002,-48.69175,18.45,5219209
5206404,520640,Crixás,GO,Centro-Oeste,2025,17532,6,3,3,3,3.42,17.11,17.11,17.11,4.77,19.18,33.59,42.24,48.0,62.41,42.24,57.64,20.68,42.35,Moderada,-14.6244,-50.069900000000004,0.0,5206404
5206503,520650,Cromínia,GO,Centro-Oeste,2025,3999,2,0,0,0,5.0,0.0,0.0,0.0,99.98,82.86,65.74,55.47,48.62,31.5,55.47,68.48,24.57,31.51,Alta,-17.2512,-49.3668,12.23,5212600
5206602,520660,Cumari,GO,Centro-Oeste,2025,2951,2,0,0,0,6.78,0.0,0.0,0.0,99.98,77.69,55.4,42.03,33.11,10.82,42.03,89.16,31.99,10.83,Moderada,-18.31785,-48.14685,22.27,5208509
5205703,520570,Córrego do Ouro,GO,Centro-Oeste,2025,2441,1,0,0,0,4.1,0.0,0.0,0.0,99.98,87.26,74.55,66.92,61.83,49.11,66.92,50.87,18.25,49.12,Alta,-16.35905,-50.5713,21.24,5219001
5206701,520670,Damianópolis,GO,Centro-Oeste,2025,3917,2,1,1,1,5.11,25.53,25.53,25.53,1.54,8.64,15.73,19.99,22.83,29.92,19.99,28.38,10.18,71.62,Baixa,-14.5555,-46.1747,0.0,5206701
5206800,520680,Damolândia,GO,Centro-Oeste,2025,2753,3,0,0,0,10.9,0.0,0.0,0.0,99.98,75.37,50.75,35.99,26.14,1.53,35.99,98.46,35.33,1.53,Moderada,-16.251800000000003,-49.339349999999996,15.39,5216809
5206909,520690,Davinópolis,GO,Centro-Oeste,2025,1889,2,0,0,0,10.59,0.0,0.0,0.0,99.98,75.45,50.92,36.21,26.4,1.87,36.21,98.12,35.21,1.87,Moderada,-18.11455,-47.5597,22.43,5215504
5207105,520710,Diorama,GO,Centro-Oeste,2025,1991,2,0,0,0,10.05,0.0,0.0,0.0,99.98,75.58,51.18,36.55,26.79,2.39,36.55,97.59,35.02,2.39,Moderada,-16.195050000000002,-51.367050000000006,34.51,5210208
5208301,520830,Divinópolis de Goiás,GO,Centro-Oeste,2025,4405,3,0,0,0,6.81,0.0,0.0,0.0,99.98,77.61,55.24,41.82,32.87,10.5,41.82,89.48,32.11,10.5,Moderada,-13.219899999999999,-46.545950000000005,27.21,5219803
5207253,520725,Doverlândia,GO,Centro-Oeste,2025,6823,1,1,1,1,1.47,14.66,14.66,14.66,6.55,27.82,49.09,61.86,70.36,91.64,61.86,85.08,30.53,14.9,Alta,-16.8998,-52.481,0.0,5207253
5207352,520735,Edealina,GO,Centro-Oeste,2025,4104,2,1,0,1,4.87,24.37,0.0,24.37,1.71,9.74,17.78,22.6,25.82,33.85,22.6,32.15,11.54,67.85,Baixa,-17.402549999999998,-49.77505,0.0,5207352
5207402,520740,Edéia,GO,Centro-Oeste,2025,11982,5,1,1,1,4.17,8.35,8.35,8.35,16.64,24.41,32.18,36.84,39.94,47.71,36.84,31.07,11.15,68.92,Moderada,-17.50625,-49.96785,0.0,5207402
5207501,520750,Estrela do Norte,GO,Centro-Oeste,2025,3214,2,0,0,0,6.22,0.0,0.0,0.0,99.98,78.8,57.62,44.91,36.44,15.26,44.91,84.72,30.4,15.26,Moderada,-13.81105,-49.0785,29.81,5219605
5207535,520753,Faina,GO,Centro-Oeste,2025,7167,3,1,1,1,4.19,13.95,13.95,13.95,7.07,17.17,27.28,33.34,37.38,47.48,33.34,40.41,14.5,59.59,Moderada,-15.44315,-50.40845,0.0,5207535
5207600,520760,Fazenda Nova,GO,Centro-Oeste,2025,5842,1,1,1,1,1.71,17.12,17.12,17.12,4.76,25.85,46.94,59.59,68.03,89.12,59.59,84.37,30.27,15.62,Alta,-16.17945,-50.926500000000004,0.0,5207600
5207808,520780,Firminópolis,GO,Centro-Oeste,2025,10274,5,0,0,0,4.87,0.0,0.0,0.0,99.98,83.48,66.97,57.07,50.47,33.96,57.07,66.02,23.69,33.97,Alta,-16.62715,-50.3481,18.45,5220108
5207907,520790,Flores de Goiás,GO,Centro-Oeste,2025,14273,5,1,0,0,3.5,7.01,0.0,0.0,20.86,30.84,40.83,46.82,50.81,60.8,46.82,39.94,14.33,60.05,Moderada,-14.585799999999999,-46.85825,0.0,5207907
5208004,520800,Formosa,GO,Centro-Oeste,2025,121559,21,3,3,2,1.73,2.47,2.47,1.65,44.53,55.64,66.75,73.41,77.85,88.96,73.41,44.43,15.94,55.57,Alta,-15.28795,-47.20445,0.0,5208004
5208103,520810,Formoso,GO,Centro-Oeste,2025,4662,2,0,0,0,4.29,0.0,0.0,0.0,99.98,86.34,72.69,64.5,59.04,45.4,64.5,54.59,19.59,45.4,Alta,-13.7045,-48.86335,20.87,5219605
5208152,520815,Gameleira de Goiás,GO,Centro-Oeste,2025,3563,2,0,0,0,5.61,0.0,0.0,0.0,99.98,80.51,61.03,49.34,41.55,22.08,49.34,77.9,27.95,22.08,Moderada,-16.3996,-48.69535,27.56,5220603
5208509,520850,Goiandira,GO,Centro-Oeste,2025,4962,3,1,1,1,6.05,20.15,20.15,20.15,3.09,6.56,10.03,12.12,13.51,16.98,12.12,13.89,4.99,85.06,Baixa,-18.1176,-48.1435,0.0,5208509
5208806,520880,Goianira,GO,Centro-Oeste,2025,81495,17,1,1,1,2.09,1.23,1.23,1.23,49.67,58.49,67.31,72.61,76.14,84.96,72.61,35.29,12.66,63.99,Alta,-16.5017,-49.47095,0.0,5208806
5208400,520840,Goianápolis,GO,Centro-Oeste,2025,14758,6,0,0,0,4.07,0.0,0.0,0.0,99.98,87.38,74.77,67.21,62.17,49.56,67.21,50.42,18.09,49.57,Alta,-16.49945,-49.0788,14.72,5214507
5208608,520860,Goianésia,GO,Centro-Oeste,2025,78009,28,4,4,4,3.59,5.13,5.13,5.13,29.64,36.93,44.22,48.6,51.51,58.8,48.6,29.17,10.47,70.22,Moderada,-15.2965,-49.132000000000005,0.0,5208608
5209101,520910,Goiatuba,GO,Centro-Oeste,2025,36984,16,1,1,1,4.33,2.7,2.7,2.7,43.28,43.63,43.98,44.19,44.33,44.68,44.19,1.4,0.5,84.18,Moderada,-17.99405,-49.6712,0.0,5209101
5208905,520890,Goiás,GO,Centro-Oeste,2025,24172,6,0,0,0,2.48,0.0,0.0,0.0,99.98,94.62,89.27,86.05,83.91,78.55,86.05,21.43,7.69,78.56,Muito alta,-15.8389,-50.2151,42.85,5211206
5208707,520870,Goiânia,GO,Centro-Oeste,2025,1503256,102,88,80,14,0.68,5.85,5.32,0.93,25.17,43.15,61.14,71.93,79.12,97.11,71.93,71.94,25.81,28.04,Alta,-16.642850000000003,-49.261300000000006,0.0,5208707
5209150,520915,Gouvelândia,GO,Centro-Oeste,2025,4313,2,0,0,0,4.64,0.0,0.0,0.0,99.98,84.61,69.24,60.02,53.87,38.5,60.02,61.48,22.06,38.51,Alta,-18.5054,-50.1507,25.88,5209937
5209200,520920,Guapó,GO,Centro-Oeste,2025,20985,7,0,0,0,3.34,0.0,0.0,0.0,99.98,90.96,81.93,76.52,72.91,63.88,76.52,36.1,12.95,63.9,Muito alta,-16.9187,-49.5931,30.35,5221403
5209408,520940,Guarani de Goiás,GO,Centro-Oeste,2025,4091,2,0,0,0,4.89,0.0,0.0,0.0,99.98,83.39,66.79,56.84,50.2,33.6,56.84,66.38,23.82,33.61,Alta,-13.87635,-46.48565,34.02,5209903
5209291,520929,Guaraíta,GO,Centro-Oeste,2025,2170,1,0,0,0,4.61,0.0,0.0,0.0,99.98,84.73,69.48,60.34,54.24,38.99,60.34,60.99,21.89,38.99,Alta,-15.67915,-50.0604,18.62,5211206
5209457,520945,Guarinos,GO,Centro-Oeste,2025,2154,1,0,0,0,4.64,0.0,0.0,0.0,99.98,84.59,69.21,59.97,53.82,38.43,59.97,61.55,22.09,38.44,Alta,-14.7025,-49.7286,26.2,5210901
5209606,520960,Heitoraí,GO,Centro-Oeste,2025,3342,2,0,0,0,5.98,0.0,0.0,0.0,99.98,79.39,58.8,46.44,38.2,17.61,46.44,82.37,29.56,17.61,Moderada,-15.736799999999999,-49.811350000000004,21.42,5210604
5209804,520980,Hidrolina,GO,Centro-Oeste,2025,3477,2,1,1,1,5.75,28.76,28.76,28.76,1.17,5.89,10.62,13.45,15.34,20.07,13.45,18.9,6.78,81.1,Baixa,-14.73625,-49.35885,0.0,5209804
5209705,520970,Hidrolândia,GO,Centro-Oeste,2025,30587,9,1,1,0,2.94,3.27,3.27,0.0,40.1,47.81,55.51,60.13,63.22,70.92,60.13,30.82,11.06,69.17,Alta,-17.0032,-49.27589999999999,0.0,5209705
5209903,520990,Iaciara,GO,Centro-Oeste,2025,10289,6,1,1,1,5.83,9.72,9.72,9.72,12.12,13.91,15.71,16.78,17.5,19.3,16.78,7.18,2.58,86.45,Baixa,-14.090050000000002,-46.7113,0.0,5209903
5209937,520993,Inaciolândia,GO,Centro-Oeste,2025,6076,2,1,0,0,3.29,16.46,0.0,0.0,5.15,20.05,34.95,43.89,49.85,64.75,43.89,59.59,21.38,40.39,Moderada,-18.498350000000002,-49.9054,0.0,5209937
5209952,520995,Indiara,GO,Centro-Oeste,2025,17985,6,1,1,1,3.34,5.56,5.56,5.56,27.03,36.24,45.44,50.96,54.64,63.85,50.96,36.82,13.21,63.18,Alta,-17.2084,-49.92885,0.0,5209952
5210000,521000,Inhumas,GO,Centro-Oeste,2025,53884,12,5,5,3,2.23,9.28,9.28,5.57,13.73,31.02,48.3,58.68,65.59,82.88,58.68,69.14,24.81,30.84,Alta,-16.30945,-49.5172,0.0,5210000
5210109,521010,Ipameri,GO,Centro-Oeste,2025,26223,11,4,3,2,4.19,15.25,11.44,7.63,6.07,16.36,26.66,32.83,36.95,47.24,32.83,41.18,14.78,58.82,Moderada,-17.4525,-48.0345,0.0,5210109
5210158,521015,Ipiranga de Goiás,GO,Centro-Oeste,2025,2968,1,0,0,0,3.37,0.0,0.0,0.0,99.98,90.79,81.59,76.08,72.4,63.2,76.08,36.78,13.2,63.21,Muito alta,-15.14635,-49.6773,14.07,5205406
5210208,521020,Iporá,GO,Centro-Oeste,2025,37283,9,3,3,3,2.41,8.05,8.05,8.05,17.39,33.01,48.64,58.01,64.26,79.88,58.01,62.48,22.42,37.5,Alta,-16.454549999999998,-51.1897,0.0,5210208
5210307,521030,Israelândia,GO,Centro-Oeste,2025,2515,0,1,1,1,0.0,39.76,39.76,39.76,0.36,25.26,50.17,65.11,75.08,99.98,65.11,99.62,35.75,0.36,Alta,-16.3502,-50.885549999999995,0.0,5210307
5210406,521040,Itaberaí,GO,Centro-Oeste,2025,47603,14,1,1,1,2.94,2.1,2.1,2.1,46.22,52.41,58.59,62.3,64.77,70.96,62.3,24.74,8.88,73.88,Alta,-16.11535,-49.8423,0.0,5210406
5210562,521056,Itaguari,GO,Centro-Oeste,2025,5120,0,0,0,0,0.0,0.0,0.0,0.0,99.98,99.98,99.98,99.98,99.98,99.98,99.98,0.0,0.0,100.0,Muito alta,-15.9366,-49.61295,12.52,5221007
5210604,521060,Itaguaru,GO,Centro-Oeste,2025,4837,2,1,0,0,4.13,20.67,0.0,0.0,2.87,14.29,25.71,32.57,37.13,48.56,32.57,45.68,16.39,54.31,Moderada,-15.760100000000001,-49.612700000000004,0.0,5210604
5210802,521080,Itajá,GO,Centro-Oeste,2025,4276,1,1,1,1,2.34,23.39,23.39,23.39,1.97,21.79,41.61,53.5,61.43,81.24,53.5,79.27,28.44,20.72,Alta,-19.1401,-51.2748,0.0,5210802
5210901,521090,Itapaci,GO,Centro-Oeste,2025,21891,6,1,1,1,2.74,4.57,4.57,4.57,32.63,43.08,53.52,59.78,63.96,74.4,59.78,41.77,14.99,58.22,Alta,-14.9197,-49.634100000000004,0.0,5210901
5211008,521100,Itapirapuã,GO,Centro-Oeste,2025,8133,3,0,0,0,3.69,0.0,0.0,0.0,99.98,89.19,78.4,71.92,67.6,56.81,71.92,43.17,15.49,56.82,Alta,-15.735,-50.7917,46.27,5219258
5211206,521120,Itapuranga,GO,Centro-Oeste,2025,26553,7,2,2,2,2.64,7.53,7.53,7.53,18.65,33.08,47.5,56.16,61.93,76.36,56.16,57.71,20.71,42.28,Alta,-15.56915,-49.929249999999996,0.0,5211206
5211305,521130,Itarumã,GO,Centro-Oeste,2025,6124,6,1,1,1,9.8,16.33,16.33,16.33,5.24,4.57,3.9,3.5,3.24,2.57,3.5,2.67,0.96,95.31,Baixa,-18.89315,-51.326449999999994,0.0,5211305
5211404,521140,Itauçu,GO,Centro-Oeste,2025,7636,3,1,1,1,3.93,13.1,13.1,13.1,7.81,18.89,29.98,36.63,41.06,52.15,36.63,44.34,15.91,55.66,Moderada,-16.216450000000002,-49.57955,0.0,5211404
5211503,521150,Itumbiara,GO,Centro-Oeste,2025,113322,36,3,3,2,3.18,2.65,2.65,1.76,43.64,49.46,55.29,58.78,61.11,66.94,58.78,23.3,8.36,75.53,Alta,-18.37595,-49.46855,0.0,5211503
5211602,521160,Ivolândia,GO,Centro-Oeste,2025,2731,1,1,1,1,3.66,36.62,36.62,36.62,0.45,14.67,28.9,37.43,43.13,57.35,37.43,56.9,20.42,43.09,Moderada,-16.687199999999997,-51.0637,0.0,5211602
5211701,521170,Jandaia,GO,Centro-Oeste,2025,6365,5,1,1,1,7.86,15.71,15.71,15.71,5.71,5.85,6.0,6.08,6.14,6.28,6.08,0.57,0.21,95.01,Baixa,-17.1184,-50.169349999999994,0.0,5211701
5211800,521180,Jaraguá,GO,Centro-Oeste,2025,46633,12,1,1,1,2.57,2.14,2.14,2.14,46.04,53.88,61.71,66.41,69.55,77.38,66.41,31.34,11.25,68.42,Alta,-15.721250000000001,-49.36715,0.0,5211800
5211909,521190,Jataí,GO,Centro-Oeste,2025,111634,17,3,3,3,1.52,2.69,2.69,2.69,43.44,55.36,67.29,74.44,79.21,91.13,74.44,47.69,17.11,52.3,Alta,-17.9065,-51.73155,0.0,5211909
5212006,521200,Jaupaci,GO,Centro-Oeste,2025,2939,2,0,0,0,6.81,0.0,0.0,0.0,99.98,77.63,55.27,41.85,32.91,10.55,41.85,89.43,32.09,10.56,Moderada,-16.1705,-51.05685,13.96,5207600
5212055,521205,Jesúpolis,GO,Centro-Oeste,2025,2112,2,0,0,0,9.47,0.0,0.0,0.0,99.98,75.73,51.47,36.92,27.22,2.96,36.92,97.02,34.81,2.96,Moderada,-15.959499999999998,-49.408249999999995,17.01,5219902
5212105,521210,Joviânia,GO,Centro-Oeste,2025,7247,2,1,1,1,2.76,13.8,13.8,13.8,7.18,23.92,40.67,50.71,57.41,74.15,50.71,66.97,24.03,33.02,Alta,-17.78655,-49.6037,0.0,5212105
5212204,521220,Jussara,GO,Centro-Oeste,2025,19926,7,2,2,2,3.51,10.04,10.04,10.04,11.61,23.87,36.13,43.49,48.39,60.65,43.49,49.04,17.6,50.95,Moderada,-15.508700000000001,-51.23645,0.0,5212204
5212253,521225,Lagoa Santa,GO,Centro-Oeste,2025,1435,1,0,0,0,6.97,0.0,0.0,0.0,99.98,77.41,54.84,41.29,32.27,9.69,41.29,90.29,32.4,9.69,Moderada,-19.18675,-51.27545,5.19,5210802
5212303,521230,Leopoldo de Bulhões,GO,Centro-Oeste,2025,9123,4,0,0,0,4.38,0.0,0.0,0.0,99.98,85.84,71.7,63.22,57.56,43.42,63.22,56.56,20.29,43.43,Alta,-16.555750000000003,-48.86555,30.02,5201108
5212501,521250,Luziânia,GO,Centro-Oeste,2025,221262,38,3,2,2,1.72,1.36,0.9,0.9,49.15,59.13,69.12,75.11,79.1,89.09,75.11,39.94,14.33,60.05,Muito alta,-16.5543,-48.0212,0.0,5212501
5212600,521260,Mairipotaba,GO,Centro-Oeste,2025,2631,1,1,1,1,3.8,38.01,38.01,38.01,0.38,13.92,27.45,35.58,40.99,54.53,35.58,54.16,19.43,45.83,Moderada,-17.3286,-49.4486,0.0,5212600
5212709,521270,Mambaí,GO,Centro-Oeste,2025,8493,4,1,1,1,4.71,11.77,11.77,11.77,9.33,16.31,23.28,27.47,30.25,37.23,27.47,27.89,10.01,71.63,Moderada,-14.4509,-46.054050000000004,0.0,5212709
5212808,521280,Mara Rosa,GO,Centro-Oeste,2025,10806,4,2,2,2,3.7,18.51,18.51,18.51,3.79,16.97,30.16,38.07,43.34,56.52,38.07,52.74,18.92,47.25,Moderada,-14.02955,-49.358149999999995,0.0,5212808
5212907,521290,Marzagão,GO,Centro-Oeste,2025,2942,1,0,0,0,3.4,0.0,0.0,0.0,99.98,90.67,81.36,75.77,72.05,62.74,75.77,37.25,13.36,62.75,Muito alta,-17.97345,-48.6925,17.35,5205901
5212956,521295,Matrinchã,GO,Centro-Oeste,2025,4004,2,0,0,0,5.0,0.0,0.0,0.0,99.98,82.91,65.83,55.59,48.76,31.68,55.59,68.3,24.51,31.69,Alta,-15.31045,-50.7919,43.68,5207535
5213004,521300,Maurilândia,GO,Centro-Oeste,2025,10145,5,1,1,1,4.93,9.86,9.86,9.86,11.92,17.16,22.41,25.56,27.66,32.9,25.56,20.98,7.53,76.7,Moderada,-18.044150000000002,-50.34755,0.0,5213004
5213053,521305,Mimoso de Goiás,GO,Centro-Oeste,2025,2626,2,0,0,0,7.62,0.0,0.0,0.0,99.98,76.74,53.49,39.54,30.25,7.0,39.54,92.98,33.36,7.0,Moderada,-15.011,-48.345,41.24,5215603
5213087,521308,Minaçu,GO,Centro-Oeste,2025,26616,7,3,3,3,2.63,11.27,11.27,11.27,10.02,26.65,43.28,53.26,59.91,76.54,53.26,66.52,23.87,33.46,Alta,-13.50075,-48.404399999999995,0.0,5213087
5213103,521310,Mineiros,GO,Centro-Oeste,2025,74999,11,4,4,3,1.47,5.33,5.33,4.0,28.34,44.16,59.98,69.47,75.8,91.62,69.47,63.27,22.7,36.71,Alta,-17.70905,-52.67415,0.0,5213103
5213400,521340,Moiporá,GO,Centro-Oeste,2025,1687,2,0,0,0,11.86,0.0,0.0,0.0,99.98,75.21,50.44,35.58,25.67,0.9,35.58,99.08,35.55,0.9,Moderada,-16.5054,-50.78965,20.06,5210307
5213509,521350,Monte Alegre de Goiás,GO,Centro-Oeste,2025,6534,3,1,0,1,4.59,15.3,0.0,15.3,6.03,14.36,22.69,27.69,31.02,39.35,27.69,33.32,11.95,66.68,Moderada,-13.3098,-46.923199999999994,0.0,5213509
5213707,521370,Montes Claros de Goiás,GO,Centro-Oeste,2025,9024,8,0,0,0,8.87,0.0,0.0,0.0,99.98,75.99,52.0,37.61,28.01,4.02,37.61,95.96,34.43,4.02,Moderada,-15.84805,-51.54175,40.42,5219258
5213756,521375,Montividiu,GO,Centro-Oeste,2025,13094,6,1,1,1,4.58,7.64,7.64,7.64,18.36,23.68,28.99,32.18,34.3,39.62,32.18,21.25,7.63,76.55,Moderada,-17.2439,-51.2375,0.0,5213756
5213772,521377,Montividiu do Norte,GO,Centro-Oeste,2025,3743,2,0,0,0,5.34,0.0,0.0,0.0,99.98,81.53,63.09,52.02,44.64,26.19,52.02,73.79,26.48,26.19,Alta,-13.1054,-48.735299999999995,35.89,5221452
5213806,521380,Morrinhos,GO,Centro-Oeste,2025,54326,16,2,2,2,2.95,3.68,3.68,3.68,37.95,46.18,54.41,59.34,62.64,70.87,59.34,32.92,11.81,67.07,Alta,-17.798000000000002,-49.1392,0.0,5213806
5213855,521385,Morro Agudo de Goiás,GO,Centro-Oeste,2025,2505,1,1,1,1,3.99,39.92,39.92,39.92,0.34,13.01,25.69,33.29,38.36,51.03,33.29,50.69,18.19,49.3,Moderada,-15.30985,-50.01575,0.0,5213855
5213905,521390,Mossâmedes,GO,Centro-Oeste,2025,4626,2,0,0,0,4.32,0.0,0.0,0.0,99.98,86.16,72.35,64.06,58.53,44.71,64.06,55.27,19.83,44.72,Alta,-16.1789,-50.1599,22.91,5200159
5214002,521400,Mozarlândia,GO,Centro-Oeste,2025,15199,4,1,1,1,2.63,6.58,6.58,6.58,22.94,36.33,49.71,57.74,63.1,76.49,57.74,53.55,19.21,46.45,Alta,-14.837150000000001,-50.589299999999994,0.0,5214002
5214051,521405,Mundo Novo,GO,Centro-Oeste,2025,6202,1,0,0,0,1.61,0.0,0.0,0.0,99.98,97.53,95.08,93.61,92.63,90.18,93.61,9.8,3.52,90.2,Muito alta,-13.78255,-50.1973,43.71,5214838
5214101,521410,Mutunópolis,GO,Centro-Oeste,2025,3540,4,0,0,0,11.3,0.0,0.0,0.0,99.98,75.27,50.56,35.73,25.84,1.13,35.73,98.85,35.47,1.13,Moderada,-13.71345,-49.3254,35.33,5212808
5214408,521440,Nazário,GO,Centro-Oeste,2025,8349,5,1,1,1,5.99,11.98,11.98,11.98,9.08,11.21,13.33,14.6,15.45,17.57,14.6,8.49,3.05,86.97,Baixa,-16.57775,-49.867850000000004,0.0,5214408
5214507,521450,Nerópolis,GO,Centro-Oeste,2025,34273,5,2,1,1,1.46,5.84,2.92,2.92,25.29,41.9,58.51,68.47,75.12,91.73,68.47,66.43,23.84,33.55,Alta,-16.4296,-49.19605,0.0,5214507
5214606,521460,Niquelândia,GO,Centro-Oeste,2025,33890,12,3,3,3,3.54,8.85,8.85,8.85,15.17,26.36,37.55,44.27,48.74,59.94,44.27,44.77,16.06,55.22,Moderada,-14.47815,-48.401399999999995,0.0,5214606
5214705,521470,Nova América,GO,Centro-Oeste,2025,2380,1,1,0,0,4.2,42.02,0.0,0.0,0.23,11.95,23.68,30.71,35.4,47.12,30.71,46.89,16.82,53.11,Moderada,-15.0513,-49.9388,0.0,5214705
5214804,521480,Nova Aurora,GO,Centro-Oeste,2025,2132,2,0,0,0,9.38,0.0,0.0,0.0,99.98,75.76,51.53,37.0,27.31,3.09,37.0,96.89,34.77,3.09,Moderada,-18.09645,-48.30335,17.06,5208509
5214838,521483,Nova Crixás,GO,Centro-Oeste,2025,13153,3,1,1,1,2.28,7.6,7.6,7.6,18.43,34.36,50.29,59.84,66.21,82.14,59.84,63.7,22.86,36.28,Alta,-14.02975,-50.5122,0.0,5214838
5214861,521486,Nova Glória,GO,Centro-Oeste,2025,8356,3,0,0,0,3.59,0.0,0.0,0.0,99.98,89.68,79.38,73.19,69.07,58.77,73.19,41.21,14.79,58.78,Alta,-15.080649999999999,-49.479600000000005,24.41,5210901
5214879,521487,Nova Iguaçu de Goiás,GO,Centro-Oeste,2025,3084,1,0,0,0,3.24,0.0,0.0,0.0,99.98,91.39,82.79,77.64,74.2,65.61,77.64,34.37,12.33,65.62,Muito alta,-14.31005,-49.2929,31.97,5212808
5214903,521490,Nova Roma,GO,Centro-Oeste,2025,3022,1,0,0,0,3.31,0.0,0.0,0.0,99.98,91.1,82.21,76.88,73.33,64.44,76.88,35.54,12.75,64.45,Muito alta,-13.76745,-46.994249999999994,47.11,5209903
5215009,521500,Nova Veneza,GO,Centro-Oeste,2025,9883,3,0,0,0,3.04,0.0,0.0,0.0,99.98,92.37,84.76,80.19,77.15,69.54,80.19,30.44,10.92,69.55,Muito alta,-16.36215,-49.2978,13.19,5214507
5215207,521520,Novo Brasil,GO,Centro-Oeste,2025,3567,1,0,0,0,2.8,0.0,0.0,0.0,99.98,93.31,86.64,82.63,79.96,73.29,82.63,26.69,9.58,73.3,Muito alta,-16.0664,-50.648849999999996,23.53,5203939
5215231,521523,Novo Gama,GO,Centro-Oeste,2025,107663,25,2,1,1,2.32,1.86,0.93,0.93,47.28,55.85,64.41,69.55,72.98,81.55,69.55,34.27,12.3,65.66,Alta,-16.12665,-48.0747,0.0,5215231
5215256,521525,Novo Planalto,GO,Centro-Oeste,2025,3703,2,0,0,0,5.4,0.0,0.0,0.0,99.98,81.31,62.65,51.44,43.98,25.31,51.44,74.67,26.79,25.31,Alta,-13.2405,-49.6738,43.68,5218003
5215306,521530,Orizona,GO,Centro-Oeste,2025,17035,8,1,1,1,4.7,5.87,5.87,5.87,25.13,28.21,31.3,33.15,34.38,37.46,33.15,12.33,4.42,80.18,Moderada,-17.02205,-48.2041,0.0,5215306
5215405,521540,Ouro Verde de Goiás,GO,Centro-Oeste,2025,4109,1,0,0,0,2.43,0.0,0.0,0.0,99.98,94.84,89.7,86.61,84.55,79.41,86.61,20.57,7.38,79.43,Muito alta,-16.244349999999997,-49.22725,16.19,5216809
5215504,521550,Ouvidor,GO,Centro-Oeste,2025,7665,2,1,0,0,2.61,13.05,0.0,0.0,7.84,25.12,42.39,52.75,59.66,76.93,52.75,69.09,24.79,30.9,Alta,-18.21665,-47.742850000000004,0.0,5215504
5215603,521560,Padre Bernardo,GO,Centro-Oeste,2025,37207,11,1,1,1,2.96,2.69,2.69,2.69,43.42,50.25,57.07,61.17,63.9,70.72,61.17,27.3,9.8,72.39,Alta,-15.375,-48.271249999999995,0.0,5215603
5215652,521565,Palestina de Goiás,GO,Centro-Oeste,2025,3113,1,1,1,1,3.21,32.12,32.12,32.12,0.75,17.12,33.49,43.32,49.87,66.24,43.32,65.48,23.5,34.51,Moderada,-16.6933,-51.44055,0.0,5215652
5215702,521570,Palmeiras de Goiás,GO,Centro-Oeste,2025,34375,5,0,0,0,1.45,0.0,0.0,0.0,99.98,97.94,95.9,94.67,93.86,91.81,94.67,8.17,2.93,91.83,Muito alta,-16.8366,-49.9423,27.97,5215900
5215801,521580,Palmelo,GO,Centro-Oeste,2025,2266,1,1,0,0,4.41,44.13,0.0,0.0,0.16,10.81,21.47,27.86,32.12,42.78,27.86,42.61,15.29,57.38,Moderada,-17.29105,-48.39795,0.0,5215801
5215900,521590,Palminópolis,GO,Centro-Oeste,2025,3959,3,1,1,1,7.58,25.26,25.26,25.26,1.58,2.98,4.37,5.21,5.77,7.16,5.21,5.58,2.0,93.5,Baixa,-16.8072,-50.20325,0.0,5215900
5216007,521600,Panamá,GO,Centro-Oeste,2025,2432,1,0,0,0,4.11,0.0,0.0,0.0,99.98,87.21,74.44,66.78,61.67,48.9,66.78,51.09,18.33,48.9,Alta,-18.2122,-49.393299999999996,19.87,5211503
5216304,521630,Paranaiguara,GO,Centro-Oeste,2025,7356,3,0,0,0,4.08,0.0,0.0,0.0,99.98,87.35,74.72,67.14,62.08,49.45,67.14,50.53,18.13,49.46,Alta,-18.806449999999998,-50.59565,31.82,3159803
5216403,521640,Paraúna,GO,Centro-Oeste,2025,10727,6,1,1,1,5.59,9.32,9.32,9.32,13.61,15.82,18.03,19.36,20.24,22.46,19.36,8.85,3.18,84.7,Baixa,-17.062849999999997,-50.64475,0.0,5216403
5216452,521645,Perolândia,GO,Centro-Oeste,2025,2999,1,0,0,0,3.33,0.0,0.0,0.0,99.98,90.98,81.97,76.57,72.96,63.96,76.57,36.03,12.93,63.97,Muito alta,-17.48615,-52.251850000000005,50.91,5218102
5216809,521680,Petrolina de Goiás,GO,Centro-Oeste,2025,9519,2,1,1,1,2.1,10.51,10.51,10.51,11.13,29.53,47.93,58.97,66.33,84.72,58.97,73.6,26.41,26.39,Alta,-16.118000000000002,-49.302499999999995,0.0,5216809
5216908,521690,Pilar de Goiás,GO,Centro-Oeste,2025,2254,1,0,0,0,4.44,0.0,0.0,0.0,99.98,85.57,71.16,62.52,56.75,42.34,62.52,57.64,20.68,42.35,Alta,-14.532350000000001,-49.545,29.21,5219704
5217104,521710,Piracanjuba,GO,Centro-Oeste,2025,25373,8,1,1,1,3.15,3.94,3.94,3.94,36.24,44.01,51.79,56.45,59.56,67.33,56.45,31.09,11.16,68.9,Alta,-17.32415,-48.99965,0.0,5217104
5217203,521720,Piranhas,GO,Centro-Oeste,2025,11940,3,0,0,0,2.51,0.0,0.0,0.0,99.98,94.52,89.05,85.77,83.58,78.12,85.77,21.86,7.84,78.13,Muito alta,-16.370600000000003,-51.85505,30.47,5203401
5217302,521730,Pirenópolis,GO,Centro-Oeste,2025,28028,7,1,1,1,2.5,3.57,3.57,3.57,38.43,48.42,58.4,64.39,68.39,78.37,64.39,39.94,14.33,60.05,Alta,-15.8245,-49.004000000000005,0.0,5217302
5217401,521740,Pires do Rio,GO,Centro-Oeste,2025,33736,8,0,0,0,2.37,0.0,0.0,0.0,99.98,95.15,90.32,87.43,85.5,80.67,87.43,19.31,6.93,80.68,Muito alta,-17.30725,-48.397149999999996,1.8,5215801
5217609,521760,Planaltina,GO,Centro-Oeste,2025,112304,32,4,4,2,2.85,3.56,3.56,1.78,38.47,46.94,55.41,60.5,63.88,72.36,60.5,33.89,12.16,66.1,Alta,-15.2612,-47.790350000000004,0.0,5217609
5217708,521770,Pontalina,GO,Centro-Oeste,2025,18763,7,0,0,0,3.73,0.0,0.0,0.0,99.98,88.97,77.96,71.35,66.94,55.93,71.35,44.05,15.81,55.94,Alta,-17.5381,-49.5637,26.3,5212600
5218003,521800,Porangatu,GO,Centro-Oeste,2025,45512,14,2,2,2,3.08,4.39,4.39,4.39,33.41,42.25,51.1,56.41,59.95,68.8,56.41,35.4,12.7,64.6,Alta,-13.27975,-49.27225,0.0,5218003
5218052,521805,Porteirão,GO,Centro-Oeste,2025,4276,1,1,1,1,2.34,23.39,23.39,23.39,1.97,21.79,41.61,53.5,61.43,81.24,53.5,79.27,28.44,20.72,Alta,-17.922600000000003,-50.1382,0.0,5218052
5218102,521810,Portelândia,GO,Centro-Oeste,2025,3191,1,1,1,1,3.13,31.34,31.34,31.34,0.81,17.52,34.24,44.27,50.96,67.67,44.27,66.86,23.99,33.12,Moderada,-17.34135,-52.7071,0.0,5218102
5218300,521830,Posse,GO,Centro-Oeste,2025,36291,13,0,0,0,3.58,0.0,0.0,0.0,99.98,89.73,79.48,73.33,69.23,58.98,73.33,41.0,14.71,58.99,Alta,-14.22195,-46.4379,28.48,5220686
5218391,521839,Professor Jamil,GO,Centro-Oeste,2025,3750,1,0,0,0,2.67,0.0,0.0,0.0,99.98,93.93,87.87,84.24,81.82,75.77,84.24,24.21,8.69,75.78,Muito alta,-17.277749999999997,-49.2464,22.2,5212600
5218508,521850,Quirinópolis,GO,Centro-Oeste,2025,50329,17,0,0,0,3.38,0.0,0.0,0.0,99.98,90.76,81.53,75.99,72.3,63.08,75.99,36.91,13.24,63.09,Muito alta,-18.4483,-50.52805,37.21,5205059
5218607,521860,Rialma,GO,Centro-Oeste,2025,12665,5,1,1,1,3.95,7.9,7.9,7.9,17.75,26.23,34.72,39.8,43.2,51.68,39.8,33.93,12.17,66.07,Moderada,-15.31555,-49.52975,0.0,5218607
5218706,521870,Rianápolis,GO,Centro-Oeste,2025,3893,2,0,0,0,5.14,0.0,0.0,0.0,99.98,82.3,64.61,54.0,46.93,29.24,54.0,70.74,25.38,29.25,Alta,-15.483049999999999,-49.4419,20.87,5218607
5218789,521878,Rio Quente,GO,Centro-Oeste,2025,4033,1,1,1,0,2.48,24.8,24.8,0.0,1.65,20.91,40.16,51.72,59.42,78.68,51.72,77.02,27.64,22.96,Alta,-17.8249,-48.7779,0.0,5218789
5218805,521880,Rio Verde,GO,Centro-Oeste,2025,241494,26,6,6,3,1.08,2.48,2.48,1.24,44.48,57.05,69.62,77.16,82.19,94.76,77.16,50.28,18.04,49.71,Muito alta,-17.71815,-51.043549999999996,0.0,5218805
5218904,521890,Rubiataba,GO,Centro-Oeste,2025,20186,9,2,2,2,4.46,9.91,9.91,9.91,11.87,19.36,26.85,31.35,34.35,41.84,31.35,29.98,10.76,69.73,Moderada,-15.197849999999999,-49.86625,0.0,5218904
5219001,521900,Sanclerlândia,GO,Centro-Oeste,2025,8085,5,1,1,1,6.18,12.37,12.37,12.37,8.67,10.4,12.13,13.17,13.87,15.6,13.17,6.93,2.49,88.35,Baixa,-16.3228,-50.3759,0.0,5219001
5219100,521910,Santa Bárbara de Goiás,GO,Centro-Oeste,2025,6306,2,1,1,1,3.17,15.86,15.86,15.86,5.64,20.99,36.35,45.56,51.71,67.06,45.56,61.43,22.04,38.56,Moderada,-16.5965,-49.66605,0.0,5219100
5219209,521920,Santa Cruz de Goiás,GO,Centro-Oeste,2025,3004,1,1,1,1,3.33,33.29,33.29,33.29,0.63,16.49,32.35,41.86,48.2,64.06,41.86,63.44,22.76,36.55,Moderada,-17.38595,-48.606300000000005,0.0,5219209
5219258,521925,Santa Fé de Goiás,GO,Centro-Oeste,2025,5047,2,1,1,1,3.96,19.81,19.81,19.81,3.27,15.33,27.4,34.64,39.47,51.53,34.64,48.27,17.32,51.72,Moderada,-15.66205,-51.21725,0.0,5219258
5219308,521930,Santa Helena de Goiás,GO,Centro-Oeste,2025,39601,9,3,3,1,2.27,7.58,7.58,2.53,18.54,34.49,50.44,60.01,66.39,82.34,60.01,63.79,22.89,36.19,Alta,-17.7897,-50.564750000000004,0.0,5219308
5219357,521935,Santa Isabel,GO,Centro-Oeste,2025,3543,2,0,0,0,5.64,0.0,0.0,0.0,99.98,80.39,60.79,49.03,41.19,21.59,49.03,78.39,28.13,21.6,Moderada,-15.24035,-49.3912,17.05,5218607
5219407,521940,Santa Rita do Araguaia,GO,Centro-Oeste,2025,5765,2,0,0,0,3.47,0.0,0.0,0.0,99.98,90.39,80.79,75.04,71.2,61.6,75.04,38.38,13.77,61.62,Muito alta,-17.25065,-53.0642,39.23,5218102
5219456,521945,Santa Rita do Novo Destino,GO,Centro-Oeste,2025,2611,3,0,0,0,11.49,0.0,0.0,0.0,99.98,75.23,50.48,35.64,25.74,0.99,35.64,98.99,35.52,0.99,Moderada,-14.867750000000001,-49.0484,23.16,5220157
5219506,521950,Santa Rosa de Goiás,GO,Centro-Oeste,2025,2828,1,0,0,0,3.54,0.0,0.0,0.0,99.98,90.01,80.04,74.06,70.07,60.1,74.06,39.89,14.31,60.11,Alta,-16.07,-49.4701,14.18,5221007
5219605,521960,Santa Tereza de Goiás,GO,Centro-Oeste,2025,3172,2,1,1,1,6.31,31.53,31.53,31.53,0.77,4.17,7.57,9.6,10.96,14.36,9.6,13.59,4.88,86.41,Baixa,-13.5588,-48.98505,0.0,5219605
5219704,521970,Santa Terezinha de Goiás,GO,Centro-Oeste,2025,10837,4,1,1,1,3.69,9.23,9.23,9.23,13.93,24.63,35.33,41.74,46.02,56.72,41.74,42.79,15.35,57.2,Moderada,-14.3073,-49.68485,0.0,5219704
5219712,521971,Santo Antônio da Barra,GO,Centro-Oeste,2025,4279,1,0,0,0,2.34,0.0,0.0,0.0,99.98,95.3,90.62,87.81,85.94,81.26,87.81,18.72,6.72,81.27,Muito alta,-17.518549999999998,-50.6332,31.01,5219308
5219738,521973,Santo Antônio de Goiás,GO,Centro-Oeste,2025,8066,3,0,0,0,3.72,0.0,0.0,0.0,99.98,89.03,78.08,71.51,67.13,56.18,71.51,43.8,15.72,56.19,Alta,-16.47775,-49.29045,11.4,5214507
5219753,521975,Santo Antônio do Descoberto,GO,Centro-Oeste,2025,75221,23,0,0,0,3.06,0.0,0.0,0.0,99.98,92.27,84.56,79.94,76.85,69.14,79.94,30.84,11.07,69.16,Muito alta,-16.0734,-48.25365,20.01,5215231
5220454,522045,Senador Canedo,GO,Centro-Oeste,2025,175042,24,2,1,1,1.37,1.14,0.57,0.57,49.99,60.65,71.32,77.71,81.98,92.64,77.71,42.65,15.3,57.34,Muito alta,-16.7088,-49.103,0.0,5220454
5220504,522050,Serranópolis,GO,Centro-Oeste,2025,8237,4,1,1,1,4.86,12.14,12.14,12.14,8.9,15.23,21.55,25.34,27.87,34.19,25.34,25.29,9.08,73.72,Moderada,-18.223,-52.20655,0.0,5220504
5220603,522060,Silvânia,GO,Centro-Oeste,2025,23150,9,1,1,1,3.89,4.32,4.32,4.32,33.73,38.51,43.29,46.15,48.07,52.85,46.15,19.12,6.86,75.31,Moderada,-16.60505,-48.5507,0.0,5220603
5220686,522068,Simolândia,GO,Centro-Oeste,2025,5634,2,1,1,1,3.55,17.75,17.75,17.75,4.22,18.1,31.99,40.32,45.87,59.76,40.32,55.54,19.93,44.45,Moderada,-14.4367,-46.581900000000005,0.0,5220686
5219803,521980,São Domingos,GO,Centro-Oeste,2025,9457,5,1,1,1,5.29,10.57,10.57,10.57,11.0,15.01,19.02,21.42,23.03,27.03,21.42,16.03,5.75,80.7,Baixa,-13.4498,-46.459900000000005,0.0,5219803
5219902,521990,São Francisco de Goiás,GO,Centro-Oeste,2025,6507,2,1,1,1,3.07,15.37,15.37,15.37,6.0,21.71,37.43,46.86,53.14,68.86,46.86,62.86,22.56,37.13,Moderada,-15.95465,-49.24925,0.0,5219902
5220009,522000,São João d'Aliança,GO,Centro-Oeste,2025,15026,4,0,0,0,2.66,0.0,0.0,0.0,99.98,93.95,87.92,84.3,81.89,75.86,84.3,24.12,8.66,75.87,Muito alta,-14.43245,-47.42465,63.31,5207907
5220058,522005,São João da Paraúna,GO,Centro-Oeste,2025,1812,1,0,0,0,5.52,0.0,0.0,0.0,99.98,80.88,61.78,50.32,42.69,23.59,50.32,76.4,27.41,23.59,Alta,-16.80825,-50.3695,17.7,5215900
5220157,522015,São Luiz do Norte,GO,Centro-Oeste,2025,4939,1,1,1,1,2.02,20.25,20.25,20.25,3.03,23.71,44.38,56.79,65.06,85.73,56.79,82.7,29.67,17.29,Alta,-14.91075,-49.259299999999996,0.0,5220157
5220108,522010,São Luís de Montes Belos,GO,Centro-Oeste,2025,35288,10,1,1,1,2.83,2.83,2.83,2.83,42.61,50.09,57.56,62.04,65.03,72.5,62.04,29.89,10.72,70.11,Alta,-16.462,-50.36450000000001,0.0,5220108
5220207,522020,São Miguel do Araguaia,GO,Centro-Oeste,2025,22040,7,1,1,1,3.18,4.54,4.54,4.54,32.76,41.31,49.86,54.99,58.41,66.95,54.99,34.19,12.27,65.8,Alta,-12.979099999999999,-50.214749999999995,0.0,5220207
5220264,522026,São Miguel do Passa Quatro,GO,Centro-Oeste,2025,4671,2,1,1,0,4.28,21.41,21.41,0.0,2.53,13.3,24.07,30.53,34.84,45.61,30.53,43.08,15.46,56.91,Moderada,-17.0011,-48.66585,0.0,5220264
5220280,522028,São Patrício,GO,Centro-Oeste,2025,2200,1,0,0,0,4.55,0.0,0.0,0.0,99.98,85.08,70.18,61.23,55.27,40.37,61.23,59.61,21.39,40.38,Alta,-15.3692,-49.8317,11.35,5205000
5220405,522040,São Simão,GO,Centro-Oeste,2025,17181,9,0,0,0,5.24,0.0,0.0,0.0,99.98,81.92,63.86,53.02,45.8,27.73,53.02,72.25,25.92,27.74,Alta,-19.01625,-50.591300000000004,25.36,3159803
5220702,522070,Sítio d'Abadia,GO,Centro-Oeste,2025,2978,3,0,0,0,10.07,0.0,0.0,0.0,99.98,75.57,51.15,36.5,26.73,2.32,36.5,97.67,35.04,2.32,Moderada,-14.7508,-46.308400000000006,26.05,5206701
5221007,522100,Taquaral de Goiás,GO,Centro-Oeste,2025,4180,2,2,2,2,4.78,47.85,47.85,47.85,0.13,9.0,17.88,23.2,26.75,35.63,23.2,35.51,12.74,64.49,Baixa,-16.0486,-49.600899999999996,0.0,5221007
5221080,522108,Teresina de Goiás,GO,Centro-Oeste,2025,2660,3,0,0,0,11.28,0.0,0.0,0.0,99.98,75.28,50.57,35.75,25.87,1.17,35.75,98.82,35.46,1.17,Moderada,-13.6952,-47.2402,54.87,5213509
5221197,522119,Terezópolis de Goiás,GO,Centro-Oeste,2025,8340,1,0,0,0,1.2,0.0,0.0,0.0,99.98,98.43,96.89,95.96,95.34,93.79,95.96,6.19,2.22,93.81,Muito alta,-16.457,-49.0547,15.38,5214507
5221403,522140,Trindade,GO,Centro-Oeste,2025,153560,32,5,5,2,2.08,3.26,3.26,1.3,40.21,51.4,62.59,69.31,73.78,84.98,69.31,44.77,16.06,55.22,Alta,-16.65095,-49.5376,0.0,5221403
5221452,522145,Trombas,GO,Centro-Oeste,2025,3080,2,1,1,1,6.49,32.47,32.47,32.47,0.7,3.71,6.72,8.53,9.73,12.74,8.53,12.04,4.32,87.95,Baixa,-13.42765,-48.75335,0.0,5221452
5221304,522130,Três Ranchos,GO,Centro-Oeste,2025,2976,1,0,0,0,3.36,0.0,0.0,0.0,99.98,90.84,81.69,76.2,72.55,63.4,76.2,36.58,13.13,63.41,Muito alta,-18.36175,-47.760149999999996,16.24,5215504
5221551,522155,Turvelândia,GO,Centro-Oeste,2025,5171,1,1,1,1,1.93,19.34,19.34,19.34,3.41,24.21,45.02,57.5,65.82,86.63,57.5,83.22,29.86,16.77,Alta,-17.7983,-50.313500000000005,0.0,5221551
5221502,522150,Turvânia,GO,Centro-Oeste,2025,4449,2,1,1,1,4.5,22.48,22.48,22.48,2.15,11.92,21.69,27.55,31.46,41.23,27.55,39.08,14.02,60.92,Moderada,-16.577199999999998,-50.11525,0.0,5221502
5221577,522157,Uirapuru,GO,Centro-Oeste,2025,2798,1,0,0,0,3.57,0.0,0.0,0.0,99.98,89.77,79.56,73.44,69.35,59.15,73.44,40.84,14.65,59.16,Alta,-14.1421,-49.9762,34.62,5204953
5221700,522170,Uruana,GO,Centro-Oeste,2025,13857,6,0,0,0,4.33,0.0,0.0,0.0,99.98,86.13,72.29,63.98,58.44,44.59,63.98,55.39,19.88,44.6,Alta,-15.617,-49.643,16.24,5210604
5221601,522160,Uruaçu,GO,Centro-Oeste,2025,44533,14,0,0,0,3.14,0.0,0.0,0.0,99.98,91.86,83.74,78.86,75.61,67.49,78.86,32.49,11.66,67.5,Muito alta,-14.32365,-49.07725,44.57,5212808
5221809,522180,Urutaí,GO,Centro-Oeste,2025,3700,1,0,0,0,2.7,0.0,0.0,0.0,99.98,93.78,87.57,83.85,81.36,75.16,83.85,24.82,8.91,75.17,Muito alta,-17.4317,-48.208749999999995,18.63,5210109
5221858,522185,Valparaíso de Goiás,GO,Centro-Oeste,2025,218416,39,3,2,2,1.79,1.37,0.92,0.92,49.06,58.87,68.69,74.57,78.5,88.31,74.57,39.26,14.09,60.74,Alta,-16.0933,-47.984750000000005,0.0,5221858
5221908,522190,Varjão,GO,Centro-Oeste,2025,3770,1,0,0,0,2.65,0.0,0.0,0.0,99.98,94.0,88.03,84.44,82.05,76.07,84.44,23.91,8.58,76.09,Muito alta,-17.09055,-49.610749999999996,31.58,5212600
5222005,522200,Vianópolis,GO,Centro-Oeste,2025,15644,5,1,1,1,3.2,6.39,6.39,6.39,23.42,34.2,44.97,51.44,55.75,66.52,51.44,43.1,15.46,56.89,Alta,-16.878500000000003,-48.426199999999994,0.0,5222005
5222054,522205,Vicentinópolis,GO,Centro-Oeste,2025,9175,6,0,0,0,6.54,0.0,0.0,0.0,99.98,78.12,56.26,43.14,34.39,12.53,43.14,87.45,31.38,12.53,Moderada,-17.7317,-49.8855,26.54,5207402
5222203,522220,Vila Boa,GO,Centro-Oeste,2025,4145,2,0,0,0,4.83,0.0,0.0,0.0,99.98,83.68,67.38,57.59,51.07,34.77,57.59,65.21,23.4,34.78,Alta,-14.9956,-47.050650000000005,36.46,5208004
5222302,522230,Vila Propício,GO,Centro-Oeste,2025,6028,2,0,0,0,3.32,0.0,0.0,0.0,99.98,91.06,82.14,76.79,73.22,64.3,76.79,35.68,12.8,64.31,Muito alta,-15.20165,-48.82965,34.11,5208608
5200175,520017,Água Fria de Goiás,GO,Centro-Oeste,2025,4979,3,0,0,0,6.03,0.0,0.0,0.0,99.98,79.29,58.6,46.18,37.91,17.21,46.18,82.77,29.7,17.22,Moderada,-14.894950000000001,-47.78385,40.73,5217609
5200209,520020,Água Limpa,GO,Centro-Oeste,2025,1843,2,0,0,0,10.85,0.0,0.0,0.0,99.98,75.38,50.78,36.02,26.18,1.58,36.02,98.4,35.31,1.58,Moderada,-18.07485,-48.7888,19.49,5205901
5200258,520025,Águas Lindas de Goiás,GO,Centro-Oeste,2025,245352,33,1,1,1,1.35,0.41,0.41,0.41,51.36,61.73,72.11,78.33,82.48,92.86,78.33,41.5,14.89,57.97,Muito alta,-15.744900000000001,-48.29285,0.0,5200258
2100105,210010,Afonso Cunha,MA,Nordeste,2025,6303,3,1,1,1,4.76,15.87,15.87,15.87,5.62,13.27,20.93,25.52,28.59,36.24,25.52,30.62,10.99,69.37,Moderada,-4.21965,-43.31975,0.0,2100105
2100204,210020,Alcântara,MA,Nordeste,2025,18721,9,1,1,1,4.81,5.34,5.34,5.34,28.27,29.97,31.67,32.69,33.37,35.07,32.69,6.8,2.44,82.19,Moderada,-2.3872,-44.5392,0.0,2100204
2100303,210030,Aldeias Altas,MA,Nordeste,2025,23776,4,1,1,1,1.68,4.21,4.21,4.21,34.18,48.0,61.83,70.12,75.66,89.48,70.12,55.3,19.84,44.69,Alta,-4.46795,-43.412400000000005,0.0,2100303
2100402,210040,Altamira do Maranhão,MA,Nordeste,2025,6549,7,0,0,0,10.69,0.0,0.0,0.0,99.98,75.43,50.87,36.14,26.31,1.76,36.14,98.22,35.24,1.76,Moderada,-4.13735,-45.4911,20.27,2113009
2100436,210043,Alto Alegre do Maranhão,MA,Nordeste,2025,24528,1,1,1,1,0.41,4.08,4.08,4.08,35.04,50.77,66.51,75.95,82.24,97.97,75.95,62.93,22.58,37.06,Muito alta,-4.210649999999999,-44.38675,0.0,2100436
2100477,210047,Alto Alegre do Pindaré,MA,Nordeste,2025,26321,18,1,1,1,6.84,3.8,3.8,3.8,37.03,30.37,23.71,19.72,17.05,10.39,19.72,26.64,9.56,68.78,Baixa,-3.9637000000000002,-45.97045,0.0,2100477
2100501,210050,Alto Parnaíba,MA,Nordeste,2025,11392,5,2,1,1,4.39,17.56,8.78,8.78,4.45,14.18,23.9,29.74,33.63,43.35,29.74,38.9,13.96,61.1,Moderada,-9.504349999999999,-46.2291,0.0,2100501
2100550,210055,Amapá do Maranhão,MA,Nordeste,2025,7380,1,1,1,1,1.36,13.55,13.55,13.55,7.38,28.73,50.08,62.89,71.43,92.78,62.89,85.41,30.65,14.58,Alta,-1.6593499999999999,-45.9397,0.0,2100550
2100600,210060,Amarante do Maranhão,MA,Nordeste,2025,38335,18,1,1,1,4.7,2.61,2.61,2.61,43.76,42.2,40.64,39.7,39.08,37.52,39.7,6.25,2.24,82.01,Moderada,-5.380050000000001,-46.4868,0.0,2100600
2100709,210070,Anajatuba,MA,Nordeste,2025,26250,16,1,1,1,6.1,3.81,3.81,3.81,37.0,31.85,26.7,23.61,21.55,16.41,23.61,20.59,7.39,71.44,Baixa,-3.2508,-44.6011,0.0,2100709
2100808,210080,Anapurus,MA,Nordeste,2025,14113,8,1,1,1,5.67,7.09,7.09,7.09,20.3,20.56,20.82,20.98,21.08,21.34,20.98,1.04,0.37,86.75,Baixa,-3.56145,-43.13865,0.0,2100808
2100832,210083,Apicum-Açu,MA,Nordeste,2025,18033,8,1,1,1,4.44,5.55,5.55,5.55,27.07,30.89,34.72,37.01,38.54,42.36,37.01,15.29,5.49,78.73,Moderada,-1.55875,-45.07315,0.0,2100832
2100873,210087,Araguanã,MA,Nordeste,2025,11297,8,1,1,1,7.08,8.85,8.85,8.85,15.19,13.62,12.05,11.11,10.49,8.92,11.11,6.26,2.25,87.74,Baixa,-3.06955,-45.7873,0.0,2100873
2100907,210090,Araioses,MA,Nordeste,2025,40231,18,2,1,2,4.47,4.97,2.49,4.97,30.44,33.24,36.03,37.71,38.83,41.63,37.71,11.18,4.01,80.56,Moderada,-2.9547499999999998,-42.053,0.0,2100907
2100956,210095,Arame,MA,Nordeste,2025,26089,12,1,1,1,4.6,3.83,3.83,3.83,36.87,37.45,38.03,38.37,38.61,39.19,38.37,2.32,0.83,84.4,Moderada,-4.9886,-45.9597,0.0,2100956
2101004,210100,Arari,MA,Nordeste,2025,30555,13,1,1,1,4.25,3.27,3.27,3.27,40.05,41.6,43.16,44.1,44.72,46.28,44.1,6.23,2.23,81.72,Moderada,-3.56135,-44.7334,0.0,2101004
2101103,210110,Axixá,MA,Nordeste,2025,12091,12,1,1,1,9.92,8.27,8.27,8.27,16.77,13.2,9.63,7.49,6.06,2.5,7.49,14.27,5.12,84.6,Baixa,-2.84575,-44.09885,0.0,2101103
2100055,210005,Açailândia,MA,Nordeste,2025,110611,34,5,4,3,3.07,4.52,3.62,2.71,32.81,41.82,50.83,56.23,59.83,68.84,56.23,36.03,12.93,63.97,Alta,-4.70075,-47.4338,0.0,2100055
2101202,210120,Bacabal,MA,Nordeste,2025,107755,26,4,4,2,2.41,3.71,3.71,1.86,37.62,48.19,58.76,65.1,69.33,79.9,65.1,42.27,15.17,57.72,Alta,-4.1217,-44.77915,0.0,2101202
2101251,210125,Bacabeira,MA,Nordeste,2025,17459,10,1,1,1,5.73,5.73,5.73,5.73,25.81,24.49,23.16,22.37,21.84,20.52,22.37,5.3,1.9,82.82,Baixa,-2.9307,-44.3762,0.0,2101251
2101301,210130,Bacuri,MA,Nordeste,2025,16591,7,1,1,1,4.22,6.03,6.03,6.03,24.61,30.16,35.71,39.04,41.26,46.81,39.04,22.2,7.97,75.06,Moderada,-1.67485,-45.12975,0.0,2101301
2101350,210135,Bacurituba,MA,Nordeste,2025,5375,5,0,0,0,9.3,0.0,0.0,0.0,99.98,75.78,51.57,37.05,27.36,3.16,37.05,96.82,34.74,3.16,Moderada,-2.6915500000000003,-44.68705,22.38,2102408
2101400,210140,Balsas,MA,Nordeste,2025,105974,36,3,3,3,3.4,2.83,2.83,2.83,42.63,47.68,52.73,55.76,57.78,62.83,55.76,20.19,7.25,78.13,Alta,-8.28575,-46.3655,0.0,2101400
2101608,210160,Barra do Corda,MA,Nordeste,2025,87757,29,5,4,2,3.3,5.7,4.56,2.28,25.99,35.64,45.29,51.08,54.94,64.58,51.08,38.59,13.85,61.4,Alta,-5.5089500000000005,-45.1685,0.0,2101608
2101707,210170,Barreirinhas,MA,Nordeste,2025,68234,30,1,1,1,4.4,1.47,1.47,1.47,48.82,47.4,45.98,45.13,44.56,43.13,45.13,5.69,2.04,81.65,Moderada,-2.8364000000000003,-42.94215,0.0,2101707
2101509,210150,Barão de Grajaú,MA,Nordeste,2025,19493,11,1,1,1,5.64,5.13,5.13,5.13,29.62,27.62,25.62,24.43,23.63,21.63,24.43,7.99,2.87,80.34,Baixa,-6.5941,-43.170500000000004,0.0,2101509
2101772,210177,Bela Vista do Maranhão,MA,Nordeste,2025,12104,8,1,1,1,6.61,8.26,8.26,8.26,16.8,15.63,14.45,13.74,13.27,12.1,13.74,4.7,1.69,87.41,Baixa,-3.7704,-45.235749999999996,0.0,2101772
2101731,210173,Belágua,MA,Nordeste,2025,8751,6,1,0,1,6.86,11.43,0.0,11.43,9.76,9.89,10.02,10.09,10.14,10.27,10.09,0.5,0.18,92.5,Baixa,-3.1124,-43.4379,0.0,2101731
2101806,210180,Benedito Leite,MA,Nordeste,2025,5599,5,1,1,1,8.93,17.86,17.86,17.86,4.09,4.04,3.98,3.95,3.93,3.88,3.95,0.22,0.08,96.68,Baixa,-7.1594,-44.619299999999996,0.0,2101806
2101905,210190,Bequimão,MA,Nordeste,2025,19968,9,1,1,1,4.51,5.01,5.01,5.01,30.26,32.95,35.63,37.24,38.31,41.0,37.24,10.73,3.85,80.84,Moderada,-2.449,-44.8018,0.0,2101905
2101939,210193,Bernardo do Mearim,MA,Nordeste,2025,5989,4,1,1,1,6.68,16.7,16.7,16.7,4.95,6.61,8.27,9.26,9.92,11.58,9.26,6.62,2.38,90.5,Baixa,-4.66655,-44.68885,0.0,2101939
2101970,210197,Boa Vista do Gurupi,MA,Nordeste,2025,7781,3,1,1,1,3.86,12.85,12.85,12.85,8.08,19.38,30.69,37.47,41.99,53.29,37.47,45.22,16.22,54.78,Moderada,-1.76885,-46.1965,0.0,2101970
2102002,210200,Bom Jardim,MA,Nordeste,2025,33936,21,1,1,1,6.19,2.95,2.95,2.95,41.97,35.36,28.76,24.79,22.15,15.54,24.79,26.42,9.48,66.86,Baixa,-3.96435,-46.24355,0.0,2102002
2102036,210203,Bom Jesus das Selvas,MA,Nordeste,2025,29606,10,1,1,1,3.38,3.38,3.38,3.38,39.51,45.4,51.3,54.84,57.2,63.09,54.84,23.59,8.46,74.76,Alta,-4.523,-46.702749999999995,0.0,2102036
2102077,210207,Bom Lugar,MA,Nordeste,2025,12371,9,0,0,0,7.28,0.0,0.0,0.0,99.98,77.04,54.1,40.34,31.16,8.22,40.34,91.76,32.93,8.22,Moderada,-4.2972,-45.0004,24.21,2107407
2102101,210210,Brejo,MA,Nordeste,2025,35354,13,1,1,1,3.68,2.83,2.83,2.83,42.65,46.26,49.87,52.03,53.47,57.08,52.03,14.43,5.18,77.22,Alta,-3.7074499999999997,-42.825199999999995,0.0,2102101
2102150,210215,Brejo de Areia,MA,Nordeste,2025,9363,5,0,0,0,5.34,0.0,0.0,0.0,99.98,81.55,63.11,52.05,44.68,26.24,52.05,73.74,26.46,26.25,Alta,-4.3728,-45.6215,29.8,2108108
2102200,210220,Buriti,MA,Nordeste,2025,30866,11,1,1,1,3.56,3.24,3.24,3.24,40.28,45.05,49.82,52.68,54.59,59.36,52.68,19.08,6.85,74.9,Alta,-3.8846999999999996,-42.96525,0.0,2102200
2102309,210230,Buriti Bravo,MA,Nordeste,2025,22938,11,1,1,1,4.8,4.36,4.36,4.36,33.51,33.97,34.43,34.7,34.89,35.34,34.7,1.83,0.66,83.23,Moderada,-5.7768,-43.831199999999995,0.0,2102309
2102325,210232,Buriticupu,MA,Nordeste,2025,56733,0,1,1,1,0.0,1.76,1.76,1.76,47.78,60.83,73.88,81.71,86.93,99.98,81.71,52.2,18.73,47.79,Muito alta,-4.4220999999999995,-46.29745,0.0,2102325
2102358,210235,Buritirana,MA,Nordeste,2025,13125,7,1,1,0,5.33,7.62,7.62,0.0,18.4,20.4,22.4,23.6,24.4,26.4,23.6,8.01,2.87,83.99,Baixa,-5.51365,-47.091499999999996,0.0,2102358
2102374,210237,Cachoeira Grande,MA,Nordeste,2025,10032,5,0,0,0,4.98,0.0,0.0,0.0,99.98,82.94,65.9,55.68,48.86,31.83,55.68,68.16,24.46,31.83,Alta,-3.0947500000000003,-43.9217,16.07,2109205
2102408,210240,Cajapió,MA,Nordeste,2025,10336,4,1,1,0,3.87,9.67,9.67,0.0,12.19,22.41,32.62,38.76,42.84,53.06,38.76,40.87,14.67,59.12,Moderada,-2.8890000000000002,-44.647800000000004,0.0,2102408
2102507,210250,Cajari,MA,Nordeste,2025,16680,6,1,1,1,3.6,6.0,6.0,6.0,24.75,33.23,41.71,46.79,50.18,58.66,46.79,33.91,12.17,66.09,Moderada,-3.4052,-45.0677,0.0,2102507
2102556,210255,Campestre do Maranhão,MA,Nordeste,2025,12536,5,1,1,1,3.99,7.98,7.98,7.98,17.59,25.96,34.34,39.36,42.71,51.09,39.36,33.49,12.02,66.5,Moderada,-6.178,-47.23885,0.0,2102556
2102705,210270,Cantanhede,MA,Nordeste,2025,25059,8,1,1,1,3.19,3.99,3.99,3.99,35.86,43.56,51.25,55.86,58.94,66.63,55.86,30.77,11.04,69.23,Alta,-3.64745,-44.24594999999999,0.0,2102705
2102754,210275,Capinzal do Norte,MA,Nordeste,2025,11681,6,1,1,1,5.14,8.56,8.56,8.56,16.21,19.48,22.74,24.7,26.01,29.28,24.7,13.07,4.69,81.45,Baixa,-4.68565,-44.32325,0.0,2102754
2102804,210280,Carolina,MA,Nordeste,2025,24619,9,1,1,1,3.66,4.06,4.06,4.06,35.2,40.79,46.38,49.74,51.97,57.57,49.74,22.37,8.03,73.27,Moderada,-7.4489,-47.229749999999996,0.0,2102804
2102903,210290,Carutapera,MA,Nordeste,2025,24906,9,1,1,1,3.61,4.02,4.02,4.02,35.63,41.3,46.98,50.38,52.65,58.32,50.38,22.69,8.14,73.3,Alta,-1.39695,-46.0098,0.0,2102903
2103000,210300,Caxias,MA,Nordeste,2025,163546,40,5,4,1,2.45,3.06,2.45,0.61,41.36,50.81,60.27,65.94,69.72,79.18,65.94,37.82,13.57,62.17,Alta,-4.8471,-43.342749999999995,0.0,2103000
2103109,210310,Cedral,MA,Nordeste,2025,10446,7,1,1,1,6.7,9.57,9.57,9.57,12.37,12.11,11.85,11.69,11.59,11.33,11.69,1.04,0.37,91.13,Baixa,-1.9817500000000001,-44.602050000000006,0.0,2103109
2103125,210312,Central do Maranhão,MA,Nordeste,2025,7220,4,1,0,1,5.54,13.85,0.0,13.85,7.16,11.17,15.19,17.59,19.2,23.21,17.59,16.05,5.76,81.6,Baixa,-2.2598,-44.84805,0.0,2103125
2103174,210317,Centro Novo do Maranhão,MA,Nordeste,2025,16477,6,1,0,0,3.64,6.07,0.0,0.0,24.47,32.82,41.17,46.18,49.52,57.87,46.18,33.41,11.99,66.59,Moderada,-3.0679499999999997,-46.54855,0.0,2103174
2103158,210315,Centro do Guilherme,MA,Nordeste,2025,12693,6,1,1,1,4.73,7.88,7.88,7.88,17.82,22.6,27.37,30.24,32.15,36.92,30.24,19.1,6.85,77.97,Moderada,-2.4131,-46.134550000000004,0.0,2103158
2103208,210320,Chapadinha,MA,Nordeste,2025,84395,31,3,3,2,3.67,3.55,3.55,2.37,38.52,43.17,47.83,50.62,52.48,57.14,50.62,18.61,6.68,75.33,Alta,-3.77255,-43.463499999999996,0.0,2103208
2103257,210325,Cidelândia,MA,Nordeste,2025,13141,7,1,1,1,5.33,7.61,7.61,7.61,18.42,20.44,22.46,23.67,24.47,26.49,23.67,8.08,2.9,83.93,Baixa,-5.056,-47.79855,0.0,2103257
2103307,210330,Codó,MA,Nordeste,2025,118283,25,1,1,1,2.11,0.85,0.85,0.85,50.66,59.11,67.56,72.63,76.01,84.46,72.63,33.8,12.13,64.92,Alta,-4.618600000000001,-43.86305,0.0,2103307
2103406,210340,Coelho Neto,MA,Nordeste,2025,42841,12,2,2,2,2.8,4.67,4.67,4.67,32.01,42.33,52.66,58.85,62.98,73.31,58.85,41.3,14.82,58.69,Alta,-4.2323,-43.104749999999996,0.0,2103406
2103505,210350,Colinas,MA,Nordeste,2025,41788,21,3,3,2,5.03,7.18,7.18,4.79,19.73,22.56,25.4,27.1,28.24,31.07,27.1,11.34,4.07,81.54,Moderada,-6.08385,-44.253299999999996,0.0,2103505
2103554,210355,Conceição do Lago-Açu,MA,Nordeste,2025,15278,5,1,1,1,3.27,6.55,6.55,6.55,23.08,33.57,44.06,50.35,54.55,65.03,50.35,41.95,15.05,58.04,Alta,-3.79245,-44.8263,0.0,2103554
2103604,210360,Coroatá,MA,Nordeste,2025,61337,20,1,1,1,3.26,1.63,1.63,1.63,48.27,52.5,56.74,59.28,60.98,65.21,59.28,16.94,6.08,79.66,Alta,-4.1658,-44.1738,0.0,2103604
2103703,210370,Cururupu,MA,Nordeste,2025,32602,13,1,1,1,3.99,3.07,3.07,3.07,41.29,43.74,46.19,47.67,48.65,51.1,47.67,9.82,3.52,79.59,Moderada,-1.60585,-44.8147,0.0,2103703
2102606,210260,Cândido Mendes,MA,Nordeste,2025,20440,6,1,1,1,2.94,4.89,4.89,4.89,30.82,40.87,50.92,56.94,60.96,71.01,56.94,40.19,14.42,59.8,Alta,-1.6965999999999999,-45.6428,0.0,2102606
2103752,210375,Davinópolis,MA,Nordeste,2025,14828,8,1,1,0,5.4,6.74,6.74,0.0,22.4,23.16,23.92,24.37,24.68,25.44,24.37,3.03,1.09,85.12,Baixa,-5.5837,-47.28015,0.0,2103752
2103802,210380,Dom Pedro,MA,Nordeste,2025,23594,10,1,1,1,4.24,4.24,4.24,4.24,34.02,37.16,40.31,42.19,43.45,46.6,42.19,12.58,4.52,78.92,Moderada,-5.0112,-44.40195,0.0,2103802
2103901,210390,Duque Bacelar,MA,Nordeste,2025,10443,5,1,1,1,4.79,9.58,9.58,9.58,12.35,18.13,23.92,27.39,29.7,35.49,27.39,23.14,8.3,74.78,Moderada,-4.103899999999999,-43.01825,0.0,2103901
2104008,210400,Esperantinópolis,MA,Nordeste,2025,18734,10,1,1,1,5.34,5.34,5.34,5.34,28.31,27.8,27.3,27.0,26.8,26.3,27.0,2.01,0.72,84.22,Moderada,-4.9193,-44.841899999999995,0.0,2104008
2104057,210405,Estreito,MA,Nordeste,2025,34321,11,2,1,2,3.21,5.83,2.91,5.83,25.35,35.59,45.83,51.97,56.07,66.31,51.97,40.96,14.7,59.03,Alta,-6.7618,-47.1847,0.0,2104057
2104073,210407,Feira Nova do Maranhão,MA,Nordeste,2025,8237,2,1,1,1,2.43,12.14,12.14,12.14,8.9,26.58,44.26,54.87,61.95,79.63,54.87,70.72,25.38,29.26,Alta,-7.04655,-46.613550000000004,0.0,2104073
2104081,210408,Fernando Falcão,MA,Nordeste,2025,11219,5,1,1,1,4.46,8.91,8.91,8.91,14.99,21.72,28.45,32.49,35.18,41.91,32.49,26.93,9.66,72.14,Moderada,-6.194599999999999,-45.32015,0.0,2104081
2104099,210409,Formosa da Serra Negra,MA,Nordeste,2025,18150,10,1,1,1,5.51,5.51,5.51,5.51,27.41,26.49,25.58,25.03,24.66,23.75,25.03,3.66,1.31,83.11,Moderada,-6.57935,-46.144149999999996,0.0,2104099
2104107,210410,Fortaleza dos Nogueiras,MA,Nordeste,2025,12963,6,1,1,1,4.63,7.71,7.71,7.71,18.22,23.31,28.41,31.46,33.5,38.59,31.46,20.37,7.31,77.16,Moderada,-6.965999999999999,-46.113749999999996,0.0,2104107
2104206,210420,Fortuna,MA,Nordeste,2025,17347,9,1,1,1,5.19,5.76,5.76,5.76,25.67,26.39,27.1,27.54,27.82,28.54,27.54,2.87,1.03,84.49,Moderada,-5.608700000000001,-44.0274,0.0,2104206
2104305,210430,Godofredo Viana,MA,Nordeste,2025,10424,5,0,0,0,4.8,0.0,0.0,0.0,99.98,83.81,67.64,57.94,51.48,35.31,57.94,64.67,23.21,35.31,Alta,-1.36815,-45.772949999999994,14.62,2106201
2104404,210440,Gonçalves Dias,MA,Nordeste,2025,17580,9,1,1,1,5.12,5.69,5.69,5.69,26.14,27.01,27.89,28.42,28.77,29.65,28.42,3.52,1.26,84.4,Moderada,-5.1556999999999995,-44.16475,0.0,2104404
2104503,210450,Governador Archer,MA,Nordeste,2025,10476,5,1,1,1,4.77,9.55,9.55,9.55,12.53,18.39,24.24,27.76,30.1,35.95,27.76,23.42,8.41,74.58,Moderada,-4.99865,-44.209450000000004,0.0,2104503
2104552,210455,Governador Edison Lobão,MA,Nordeste,2025,18963,9,1,1,1,4.75,5.27,5.27,5.27,28.85,30.77,32.7,33.85,34.62,36.55,33.85,7.7,2.76,81.62,Moderada,-5.72625,-47.28955,0.0,2104552
2104602,210460,Governador Eugênio Barros,MA,Nordeste,2025,14264,8,1,1,1,5.61,7.01,7.01,7.01,20.8,21.15,21.49,21.69,21.83,22.17,21.69,1.36,0.49,86.39,Baixa,-5.3515,-44.0835,0.0,2104602
2104628,210462,Governador Luiz Rocha,MA,Nordeste,2025,7216,4,1,1,1,5.54,13.86,13.86,13.86,7.11,11.11,15.11,17.52,19.12,23.12,17.52,16.01,5.75,81.65,Baixa,-5.54235,-44.07575,0.0,2104628
2104651,210465,Governador Newton Bello,MA,Nordeste,2025,10993,6,1,1,1,5.46,9.1,9.1,9.1,14.47,17.0,19.54,21.06,22.07,24.61,21.06,10.14,3.64,83.63,Baixa,-3.4029499999999997,-45.9169,0.0,2104651
2104677,210467,Governador Nunes Freire,MA,Nordeste,2025,23526,13,1,1,1,5.53,4.25,4.25,4.25,33.94,31.32,28.7,27.13,26.08,23.46,27.13,10.48,3.76,78.67,Moderada,-2.0381,-45.8167,0.0,2104677
2104800,210480,Grajaú,MA,Nordeste,2025,76837,22,4,4,2,2.86,5.21,5.21,2.6,29.28,39.97,50.67,57.09,61.37,72.07,57.09,42.79,15.35,57.2,Alta,-5.80725,-45.9227,0.0,2104800
2104701,210470,Graça Aranha,MA,Nordeste,2025,6160,3,1,1,1,4.87,16.23,16.23,16.23,5.37,12.51,19.66,23.94,26.8,33.94,23.94,28.58,10.25,71.42,Baixa,-5.38975,-44.3172,0.0,2104701
2104909,210490,Guimarães,MA,Nordeste,2025,10439,8,1,1,1,7.66,9.58,9.58,9.58,12.31,10.94,9.56,8.73,8.18,6.8,8.73,5.51,1.98,89.66,Baixa,-2.15115,-44.64825,0.0,2104909
2105005,210500,Humberto de Campos,MA,Nordeste,2025,26550,16,1,1,1,6.03,3.77,3.77,3.77,37.25,32.23,27.21,24.2,22.2,17.18,24.2,20.07,7.2,71.63,Baixa,-2.64465,-43.58969999999999,0.0,2105005
2105104,210510,Icatu,MA,Nordeste,2025,25332,14,1,1,1,5.53,3.95,3.95,3.95,36.21,33.01,29.82,27.91,26.63,23.44,27.91,12.76,4.58,77.27,Moderada,-2.5992499999999996,-43.8844,0.0,2105104
2105203,210520,Igarapé Grande,MA,Nordeste,2025,10461,6,1,1,1,5.74,9.56,9.56,9.56,12.42,14.41,16.41,17.6,18.4,20.39,17.6,7.97,2.86,85.78,Baixa,-4.583,-44.849199999999996,0.0,2105203
2105153,210515,Igarapé do Meio,MA,Nordeste,2025,14383,9,1,1,1,6.26,6.95,6.95,6.95,21.32,19.69,18.05,17.07,16.41,14.77,17.07,6.55,2.35,84.22,Baixa,-3.65305,-45.14275000000001,0.0,2105153
2105302,210530,Imperatriz,MA,Nordeste,2025,285806,37,12,10,5,1.29,4.2,3.5,1.75,34.23,48.98,63.73,72.58,78.48,93.23,72.58,59.0,21.17,40.99,Alta,-5.3916,-47.6158,0.0,2105302
2105351,210535,Itaipava do Grajaú,MA,Nordeste,2025,14142,10,1,1,1,7.07,7.07,7.07,7.07,20.5,17.63,14.75,13.03,11.88,9.01,13.03,11.49,4.12,83.11,Baixa,-5.218249999999999,-45.64075,0.0,2105351
2105401,210540,Itapecuru Mirim,MA,Nordeste,2025,62264,21,2,2,2,3.37,3.21,3.21,3.21,40.44,46.12,51.8,55.21,57.49,63.17,55.21,22.72,8.15,76.0,Alta,-3.36275,-44.3115,0.0,2105401
2105427,210542,Itinga do Maranhão,MA,Nordeste,2025,22896,10,1,1,1,4.37,4.37,4.37,4.37,33.46,36.02,38.58,40.12,41.15,43.71,40.12,10.25,3.68,80.38,Moderada,-4.1661,-47.30255,0.0,2105427
2105450,210545,Jatobá,MA,Nordeste,2025,7593,5,1,1,1,6.59,13.17,13.17,13.17,7.68,8.83,9.98,10.67,11.13,12.28,10.67,4.6,1.65,90.74,Baixa,-5.8593,-44.2947,0.0,2105450
2105476,210547,Jenipapo dos Vieiras,MA,Nordeste,2025,17529,10,1,1,1,5.7,5.7,5.7,5.7,25.97,24.71,23.45,22.7,22.19,20.93,22.7,5.04,1.81,82.89,Baixa,-5.42265,-45.57455,0.0,2105476
2105609,210560,Joselândia,MA,Nordeste,2025,15227,11,1,1,1,7.22,6.57,6.57,6.57,22.99,19.35,15.72,13.53,12.08,8.44,13.53,14.56,5.22,80.75,Baixa,-5.0192,-44.77105,0.0,2105609
2105500,210550,João Lisboa,MA,Nordeste,2025,25311,9,2,1,1,3.56,7.9,3.95,3.95,17.73,28.2,38.66,44.94,49.13,59.59,44.94,41.86,15.02,58.13,Moderada,-5.24035,-47.150549999999996,0.0,2105500
2105658,210565,Junco do Maranhão,MA,Nordeste,2025,5282,3,1,1,1,5.68,18.93,18.93,18.93,3.57,7.97,12.38,15.02,16.78,21.18,15.02,17.61,6.32,81.42,Baixa,-1.8892,-46.10545,0.0,2105658
2105906,210590,Lago Verde,MA,Nordeste,2025,15069,1,1,1,1,0.66,6.64,6.64,6.64,22.74,41.35,59.95,71.12,78.56,97.16,71.12,74.42,26.7,25.57,Alta,-3.9823500000000003,-44.82555000000001,0.0,2105906
2105708,210570,Lago da Pedra,MA,Nordeste,2025,45865,19,4,4,3,4.14,8.72,8.72,6.54,15.74,23.89,32.04,36.93,40.19,48.34,36.93,32.6,11.7,67.4,Moderada,-4.71915,-45.23295,0.0,2105708
2105807,210580,Lago do Junco,MA,Nordeste,2025,9687,5,1,1,1,5.16,10.32,10.32,10.32,11.4,15.76,20.13,22.75,24.5,28.86,22.75,17.47,6.27,79.55,Baixa,-4.535299999999999,-44.96395,0.0,2105807
2105948,210594,Lago dos Rodrigues,MA,Nordeste,2025,8962,7,1,1,0,7.81,11.16,11.16,0.0,10.11,9.2,8.3,7.76,7.4,6.5,7.76,3.61,1.29,91.58,Baixa,-4.5899,-44.94215,0.0,2105948
2105963,210596,Lagoa Grande do Maranhão,MA,Nordeste,2025,11731,6,1,1,1,5.11,8.52,8.52,8.52,16.3,19.68,23.06,25.08,26.44,29.82,25.08,13.52,4.85,81.22,Moderada,-4.912649999999999,-45.422200000000004,0.0,2105963
2105922,210592,Lagoa do Mato,MA,Nordeste,2025,10806,5,2,2,0,4.63,18.51,18.51,0.0,3.79,12.51,21.23,26.46,29.95,38.66,26.46,34.88,12.51,65.12,Moderada,-6.00665,-43.513,0.0,2105922
2105989,210598,Lajeado Novo,MA,Nordeste,2025,7232,6,0,0,0,8.3,0.0,0.0,0.0,99.98,76.35,52.72,38.54,29.09,5.46,38.54,94.53,33.92,5.46,Moderada,-6.099,-46.9572,31.26,2107001
2106003,210600,Lima Campos,MA,Nordeste,2025,11559,2,1,1,1,1.73,8.65,8.65,8.65,15.98,34.21,52.45,63.39,70.69,88.92,63.39,72.95,26.18,27.04,Alta,-4.5706500000000005,-44.4625,0.0,2106003
2106102,210610,Loreto,MA,Nordeste,2025,11884,7,1,1,1,5.89,8.41,8.41,8.41,16.46,16.99,17.51,17.83,18.04,18.56,17.83,2.1,0.75,87.83,Baixa,-7.20015,-45.290350000000004,0.0,2106102
2106201,210620,Luís Domingues,MA,Nordeste,2025,7366,1,1,0,0,1.36,13.58,0.0,0.0,7.32,28.68,50.04,62.86,71.41,92.77,62.86,85.44,30.66,14.54,Alta,-1.37925,-45.903999999999996,0.0,2106201
2106300,210630,Magalhães de Almeida,MA,Nordeste,2025,13933,8,1,1,1,5.74,7.18,7.18,7.18,19.76,19.89,20.02,20.1,20.15,20.28,20.1,0.52,0.19,87.15,Baixa,-3.32195,-42.13115,0.0,2106300
2106326,210632,Maracaçumé,MA,Nordeste,2025,21730,10,1,1,1,4.6,4.6,4.6,4.6,32.44,34.11,35.79,36.8,37.47,39.15,36.8,6.71,2.41,82.85,Moderada,-2.0036,-46.011449999999996,0.0,2106326
2106359,210635,Marajá do Sena,MA,Nordeste,2025,7153,4,0,0,0,5.59,0.0,0.0,0.0,99.98,80.61,61.24,49.61,41.86,22.49,49.61,77.49,27.8,22.5,Moderada,-4.7513000000000005,-45.634100000000004,29.55,2105963
2106375,210637,Maranhãozinho,MA,Nordeste,2025,14092,6,1,1,1,4.26,7.1,7.1,7.1,20.25,26.73,33.21,37.1,39.69,46.17,37.1,25.92,9.3,73.32,Moderada,-2.4246,-45.91135,0.0,2106375
2106409,210640,Mata Roma,MA,Nordeste,2025,17581,11,1,1,1,6.26,5.69,5.69,5.69,26.15,23.31,20.47,18.77,17.63,14.79,18.77,11.36,4.08,80.05,Baixa,-3.6504,-43.2378,0.0,2106409
2106508,210650,Matinha,MA,Nordeste,2025,22540,13,1,1,1,5.77,4.44,4.44,4.44,33.17,29.86,26.55,24.56,23.24,19.92,24.56,13.25,4.75,76.54,Baixa,-3.059,-44.9781,0.0,2106508
2106607,210660,Matões,MA,Nordeste,2025,33327,8,1,1,1,2.4,3.0,3.0,3.0,41.64,51.27,60.9,66.67,70.52,80.15,66.67,38.5,13.82,61.49,Alta,-5.379049999999999,-43.3633,0.0,2106607
2106631,210663,Matões do Norte,MA,Nordeste,2025,18021,8,0,0,0,4.44,0.0,0.0,0.0,99.98,85.57,71.15,62.51,56.74,42.33,62.51,57.66,20.69,42.33,Alta,-3.7478499999999997,-44.44815,22.65,2106755
2106672,210667,Milagres do Maranhão,MA,Nordeste,2025,9065,5,1,1,1,5.52,11.03,11.03,11.03,10.27,13.61,16.95,18.96,20.3,23.64,18.96,13.37,4.8,82.75,Baixa,-3.50985,-42.77535,0.0,2106672
2106706,210670,Mirador,MA,Nordeste,2025,21536,12,2,1,2,5.57,9.29,4.64,9.29,13.7,15.96,18.22,19.58,20.48,22.74,19.58,9.05,3.25,84.52,Baixa,-6.40215,-45.0599,0.0,2106706
2106755,210675,Miranda do Norte,MA,Nordeste,2025,24373,9,1,1,1,3.69,4.1,4.1,4.1,34.84,40.3,45.76,49.04,51.23,56.69,49.04,21.85,7.84,73.59,Moderada,-3.55245,-44.50565,0.0,2106755
2106805,210680,Mirinzal,MA,Nordeste,2025,14298,8,1,1,1,5.6,6.99,6.99,6.99,20.97,21.33,21.7,21.92,22.07,22.44,21.92,1.47,0.53,86.28,Baixa,-2.0667999999999997,-44.83485,0.0,2106805
2107001,210700,Montes Altos,MA,Nordeste,2025,9306,7,1,1,0,7.52,10.75,10.75,0.0,10.7,9.86,9.02,8.52,8.18,7.34,8.52,3.36,1.2,91.29,Baixa,-5.838100000000001,-47.0624,0.0,2107001
2106904,210690,Monção,MA,Nordeste,2025,28563,10,2,1,2,3.5,7.0,3.5,7.0,20.88,30.88,40.89,46.89,50.9,60.9,46.89,40.03,14.36,59.96,Moderada,-3.4795,-45.3316,0.0,2106904
2107100,210710,Morros,MA,Nordeste,2025,19015,11,2,2,1,5.78,10.52,10.52,5.26,11.11,13.26,15.41,16.7,17.56,19.71,16.7,8.6,3.09,85.85,Baixa,-2.96505,-43.80175,0.0,2107100
2107209,210720,Nina Rodrigues,MA,Nordeste,2025,14589,8,1,1,1,5.48,6.85,6.85,6.85,21.97,22.5,23.03,23.35,23.56,24.09,23.35,2.12,0.76,85.82,Baixa,-3.4162,-43.800749999999994,0.0,2107209
2107258,210725,Nova Colinas,MA,Nordeste,2025,5148,1,1,1,1,1.94,19.43,19.43,19.43,3.37,24.17,44.96,57.44,65.76,86.56,57.44,83.18,29.85,16.8,Alta,-7.169700000000001,-46.2614,0.0,2107258
2107308,210730,Nova Iorque,MA,Nordeste,2025,4409,2,1,1,0,4.54,22.68,22.68,0.0,2.1,11.69,21.29,27.05,30.88,40.48,27.05,38.38,13.77,61.62,Moderada,-6.7728,-44.0407,0.0,2107308
2107357,210735,Nova Olinda do Maranhão,MA,Nordeste,2025,14379,8,1,1,1,5.56,6.95,6.95,6.95,21.29,21.69,22.09,22.33,22.49,22.89,22.33,1.6,0.57,86.19,Baixa,-2.9475499999999997,-46.0176,0.0,2107357
2107407,210740,Olho d'Água das Cunhãs,MA,Nordeste,2025,18288,10,1,1,1,5.47,5.47,5.47,5.47,27.75,26.93,26.12,25.63,25.3,24.48,25.63,3.27,1.17,83.59,Moderada,-4.12305,-45.13145,0.0,2107407
2107456,210745,Olinda Nova do Maranhão,MA,Nordeste,2025,13921,7,1,1,1,5.03,7.18,7.18,7.18,19.66,22.49,25.33,27.03,28.16,31.0,27.03,11.34,4.07,81.54,Moderada,-2.9826,-45.009299999999996,0.0,2107456
2107605,210760,Palmeirândia,MA,Nordeste,2025,21657,13,1,1,1,6.0,4.62,4.62,4.62,32.35,28.6,24.86,22.62,21.12,17.38,22.62,14.97,5.37,75.8,Baixa,-2.68825,-45.012100000000004,0.0,2107605
2107704,210770,Paraibano,MA,Nordeste,2025,18589,11,1,1,1,5.92,5.38,5.38,5.38,28.07,25.62,23.17,21.7,20.72,18.27,21.7,9.8,3.52,79.77,Baixa,-6.41405,-43.942099999999996,0.0,2107704
2107803,210780,Parnarama,MA,Nordeste,2025,32232,14,1,1,1,4.34,3.1,3.1,3.1,41.0,41.81,42.63,43.12,43.45,44.26,43.12,3.27,1.17,83.2,Moderada,-5.598800000000001,-43.478899999999996,0.0,2107803
2107902,210790,Passagem Franca,MA,Nordeste,2025,17591,9,2,2,1,5.12,11.37,11.37,5.68,9.84,14.81,19.78,22.76,24.75,29.73,22.76,19.89,7.14,77.86,Baixa,-6.116149999999999,-43.7561,0.0,2107902
2108009,210800,Pastos Bons,MA,Nordeste,2025,19266,14,2,1,1,7.27,10.38,5.19,5.19,11.31,10.55,9.8,9.35,9.05,8.29,9.35,3.02,1.08,91.06,Baixa,-6.65225,-44.14915,0.0,2108009
2108058,210805,Paulino Neves,MA,Nordeste,2025,17578,9,1,1,1,5.12,5.69,5.69,5.69,26.12,27.0,27.88,28.4,28.76,29.64,28.4,3.52,1.26,84.38,Moderada,-2.8425000000000002,-42.6095,0.0,2108058
2108108,210810,Paulo Ramos,MA,Nordeste,2025,20798,10,1,1,1,4.81,4.81,4.81,4.81,31.22,32.18,33.14,33.71,34.1,35.06,33.71,3.84,1.38,82.98,Moderada,-4.53015,-45.40395,0.0,2108108
2107506,210750,Paço do Lumiar,MA,Nordeste,2025,153158,18,1,1,1,1.18,0.65,0.65,0.65,51.05,61.78,72.5,78.94,83.23,93.95,78.94,42.9,15.39,56.91,Muito alta,-2.50455,-44.123850000000004,0.0,2107506
2108207,210820,Pedreiras,MA,Nordeste,2025,38252,11,4,4,3,2.88,10.46,10.46,7.84,11.18,26.33,41.47,50.56,56.62,71.76,50.56,60.58,21.74,39.41,Alta,-4.657299999999999,-44.605549999999994,0.0,2108207
2108256,210825,Pedro do Rosário,MA,Nordeste,2025,24955,10,1,1,1,4.01,4.01,4.01,4.01,35.72,39.48,43.24,45.5,47.0,50.76,45.5,15.04,5.4,77.32,Moderada,-2.9884,-45.427,0.0,2108256
2108306,210830,Penalva,MA,Nordeste,2025,33496,16,2,2,2,4.78,5.97,5.97,5.97,24.82,27.58,30.33,31.98,33.08,35.83,31.98,11.0,3.95,80.86,Moderada,-3.24865,-45.3266,0.0,2108306
2108405,210840,Peri Mirim,MA,Nordeste,2025,11229,6,1,1,1,5.34,8.91,8.91,8.91,15.01,17.8,20.6,22.28,23.39,26.19,22.28,11.18,4.01,82.89,Baixa,-2.5645,-44.87605,0.0,2108405
2108454,210845,Peritoró,MA,Nordeste,2025,20903,6,1,1,1,2.87,4.78,4.78,4.78,31.32,41.47,51.62,57.7,61.76,71.91,57.7,40.59,14.56,59.41,Alta,-4.4133,-44.25915,0.0,2108454
2108504,210850,Pindaré-Mirim,MA,Nordeste,2025,32542,14,1,1,1,4.3,3.07,3.07,3.07,41.2,42.17,43.15,43.74,44.13,45.11,43.74,3.91,1.4,82.87,Moderada,-3.71425,-45.4279,0.0,2108504
2108603,210860,Pinheiro,MA,Nordeste,2025,88091,31,4,3,1,3.52,4.54,3.41,1.14,32.74,39.68,46.62,50.78,53.55,60.49,50.78,27.75,9.96,70.68,Alta,-2.49215,-45.128,0.0,2108603
2108702,210870,Pio XII,MA,Nordeste,2025,22374,8,1,1,1,3.58,4.47,4.47,4.47,33.01,39.54,46.07,49.99,52.6,59.13,49.99,26.12,9.37,71.44,Moderada,-3.87535,-45.088449999999995,0.0,2108702
2108801,210880,Pirapemas,MA,Nordeste,2025,18132,11,1,1,1,6.07,5.52,5.52,5.52,27.37,24.72,22.06,20.47,19.4,16.75,20.47,10.63,3.81,79.75,Baixa,-3.7754000000000003,-44.17325,0.0,2108801
2109007,210900,Porto Franco,MA,Nordeste,2025,24571,8,1,1,1,3.26,4.07,4.07,4.07,35.13,42.66,50.2,54.72,57.73,65.27,54.72,30.14,10.81,69.62,Alta,-6.38105,-47.1065,0.0,2109007
2109056,210905,Porto Rico do Maranhão,MA,Nordeste,2025,6092,3,1,0,0,4.92,16.41,0.0,0.0,5.21,12.13,19.06,23.22,25.99,32.92,23.22,27.71,9.94,72.28,Baixa,-1.8766500000000002,-44.634,0.0,2109056
2108900,210890,Poção de Pedras,MA,Nordeste,2025,17394,9,1,1,1,5.17,5.75,5.75,5.75,25.76,26.49,27.21,27.65,27.94,28.67,27.65,2.91,1.04,84.47,Moderada,-4.8057,-44.866,0.0,2108900
2109106,210910,Presidente Dutra,MA,Nordeste,2025,46606,21,2,2,1,4.51,4.29,4.29,2.15,33.82,35.62,37.43,38.51,39.23,41.03,38.51,7.22,2.59,82.1,Moderada,-5.3004,-44.4552,0.0,2109106
2109205,210920,Presidente Juscelino,MA,Nordeste,2025,11616,4,1,1,1,3.44,8.61,8.61,8.61,16.08,27.58,39.09,45.99,50.59,62.09,45.99,46.01,16.51,53.99,Moderada,-3.0981,-44.0664,0.0,2109205
2109239,210923,Presidente Médici,MA,Nordeste,2025,4717,3,1,1,0,6.36,21.2,21.2,0.0,2.62,5.42,8.21,9.89,11.01,13.8,9.89,11.18,4.01,87.76,Baixa,-2.30835,-45.771550000000005,0.0,2109239
2109270,210927,Presidente Sarney,MA,Nordeste,2025,17925,15,1,1,1,8.37,5.58,5.58,5.58,26.91,21.47,16.04,12.78,10.6,5.17,12.78,21.74,7.8,76.05,Baixa,-2.5818000000000003,-45.3684,0.0,2109270
2109304,210930,Presidente Vargas,MA,Nordeste,2025,10791,5,1,1,1,4.63,9.27,9.27,9.27,13.77,19.96,26.14,29.86,32.33,38.52,29.86,24.75,8.88,73.81,Moderada,-3.3452,-43.92085,0.0,2109304
2109403,210940,Primeira Cruz,MA,Nordeste,2025,13920,8,1,1,1,5.75,7.18,7.18,7.18,19.62,19.75,19.89,19.97,20.02,20.16,19.97,0.54,0.19,87.18,Baixa,-2.6787,-43.334450000000004,0.0,2109403
2109452,210945,Raposa,MA,Nordeste,2025,32156,6,2,1,1,1.87,6.22,3.11,3.11,23.98,39.8,55.61,65.1,71.42,87.24,65.1,63.26,22.7,36.73,Alta,-2.4463,-44.10015,0.0,2109452
2109502,210950,Riachão,MA,Nordeste,2025,22740,5,1,1,1,2.2,4.4,4.4,4.4,33.37,45.87,58.36,65.86,70.86,83.36,65.86,49.99,17.94,50.0,Alta,-7.74695,-46.6894,0.0,2109502
2109551,210955,Ribamar Fiquene,MA,Nordeste,2025,7601,5,1,1,1,6.58,13.16,13.16,13.16,7.72,8.87,10.02,10.71,11.16,12.31,10.71,4.6,1.65,90.75,Baixa,-5.9627,-47.3047,0.0,2109551
2109601,210960,Rosário,MA,Nordeste,2025,39761,19,2,2,2,4.78,5.03,5.03,5.03,30.23,31.62,33.01,33.84,34.4,35.79,33.84,5.56,2.0,82.35,Moderada,-2.9722,-44.208349999999996,0.0,2109601
2109700,210970,Sambaíba,MA,Nordeste,2025,6234,4,1,0,1,6.42,16.04,0.0,16.04,5.55,7.49,9.43,10.6,11.38,13.32,10.6,7.77,2.79,89.16,Baixa,-7.4007000000000005,-45.55175,0.0,2109700
2109759,210975,Santa Filomena do Maranhão,MA,Nordeste,2025,6833,3,1,0,1,4.39,14.63,0.0,14.63,6.57,15.76,24.94,30.45,34.13,43.31,30.45,36.74,13.18,63.25,Moderada,-5.519500000000001,-44.6013,0.0,2109759
2109809,210980,Santa Helena,MA,Nordeste,2025,43200,12,1,1,1,2.78,2.31,2.31,2.31,45.27,52.39,59.5,63.77,66.62,73.74,63.77,28.47,10.22,71.08,Alta,-2.4715499999999997,-45.30445,0.0,2109809
2109908,210990,Santa Inês,MA,Nordeste,2025,88249,22,3,3,2,2.49,3.4,3.4,2.27,39.36,49.13,58.89,64.75,68.66,78.42,64.75,39.06,14.02,60.93,Alta,-3.85295,-45.45805,0.0,2109908
2110005,211000,Santa Luzia,MA,Nordeste,2025,58839,26,1,1,1,4.42,1.7,1.7,1.7,48.02,46.68,45.35,44.55,44.02,42.69,44.55,5.33,1.91,81.89,Moderada,-4.293749999999999,-45.9161,0.0,2110005
2110039,211003,Santa Luzia do Paruá,MA,Nordeste,2025,24890,9,2,2,1,3.62,8.04,8.04,4.02,17.43,27.64,37.85,43.97,48.06,58.27,43.97,40.84,14.65,59.16,Moderada,-2.5285,-45.7797,0.0,2110039
2110104,211010,Santa Quitéria do Maranhão,MA,Nordeste,2025,24495,13,1,1,1,5.31,4.08,4.08,4.08,34.98,32.93,30.88,29.65,28.83,26.78,29.65,8.2,2.94,80.04,Moderada,-3.34485,-42.8297,0.0,2110104
2110203,211020,Santa Rita,MA,Nordeste,2025,38542,22,1,1,1,5.71,2.59,2.59,2.59,43.85,38.11,32.37,28.93,26.63,20.89,28.93,22.96,8.24,69.66,Moderada,-3.16725,-44.329,0.0,2110203
2110237,211023,Santana do Maranhão,MA,Nordeste,2025,10759,5,1,1,1,4.65,9.29,9.29,9.29,13.68,19.84,26.01,29.71,32.18,38.34,29.71,24.66,8.85,73.88,Moderada,-3.20815,-42.5809,0.0,2110237
2110278,211027,Santo Amaro do Maranhão,MA,Nordeste,2025,14287,9,1,1,1,6.3,7.0,7.0,7.0,20.91,19.3,17.69,16.72,16.08,14.47,16.72,6.44,2.31,84.47,Baixa,-2.6487999999999996,-43.19645,0.0,2110278
2110302,211030,Santo Antônio dos Lopes,MA,Nordeste,2025,14628,12,1,1,1,8.2,6.84,6.84,6.84,22.06,17.96,13.86,11.4,9.76,5.65,11.4,16.41,5.89,80.54,Baixa,-4.81315,-44.4805,0.0,2110302
2111722,211172,Satubinha,MA,Nordeste,2025,8821,6,1,1,1,6.8,11.34,11.34,11.34,9.89,10.07,10.25,10.36,10.43,10.61,10.36,0.72,0.26,92.28,Baixa,-3.9401,-45.2432,0.0,2111722
2111748,211174,Senador Alexandre Costa,MA,Nordeste,2025,10447,6,1,1,1,5.74,9.57,9.57,9.57,12.4,14.36,16.32,17.49,18.27,20.23,17.49,7.83,2.81,85.89,Baixa,-5.25805,-43.957499999999996,0.0,2111748
2111763,211176,Senador La Rocque,MA,Nordeste,2025,15044,8,0,0,0,5.32,0.0,0.0,0.0,99.98,81.64,63.3,52.3,44.96,26.62,52.3,73.36,26.32,26.62,Alta,-5.38095,-47.1469,15.64,2105500
2111789,211178,Serrano do Maranhão,MA,Nordeste,2025,10475,5,1,1,1,4.77,9.55,9.55,9.55,12.51,18.37,24.22,27.74,30.08,35.94,27.74,23.42,8.41,74.58,Moderada,-1.8872999999999998,-45.00185,0.0,2111789
2111904,211190,Sucupira do Norte,MA,Nordeste,2025,10471,5,1,1,1,4.78,9.55,9.55,9.55,12.49,18.34,24.19,27.7,30.04,35.88,27.7,23.39,8.39,74.6,Moderada,-6.502599999999999,-44.3442,0.0,2111904
2111953,211195,Sucupira do Riachão,MA,Nordeste,2025,5081,2,1,1,1,3.94,19.68,19.68,19.68,3.32,15.5,27.69,35.0,39.87,52.06,35.0,48.73,17.49,51.26,Moderada,-6.43485,-43.484300000000005,0.0,2111953
2110401,211040,São Benedito do Rio Preto,MA,Nordeste,2025,18810,11,1,1,1,5.85,5.32,5.32,5.32,28.56,26.2,23.84,22.42,21.48,19.12,22.42,9.44,3.39,79.8,Baixa,-3.3954,-43.623400000000004,0.0,2110401
2110500,211050,São Bento,MA,Nordeste,2025,48166,20,1,1,1,4.15,2.08,2.08,2.08,46.35,46.81,47.27,47.55,47.73,48.2,47.55,1.85,0.66,83.68,Moderada,-2.78505,-45.007949999999994,0.0,2110500
2110609,211060,São Bernardo,MA,Nordeste,2025,27910,16,1,1,1,5.73,3.58,3.58,3.58,38.4,33.91,29.42,26.73,24.93,20.45,26.73,17.95,6.44,72.35,Moderada,-3.28815,-42.443,0.0,2110609
2110658,211065,São Domingos do Azeitão,MA,Nordeste,2025,8236,5,1,1,1,6.07,12.14,12.14,12.14,8.87,10.81,12.76,13.93,14.71,16.66,13.93,7.79,2.8,87.58,Baixa,-6.84755,-44.5994,0.0,2110658
2110708,211070,São Domingos do Maranhão,MA,Nordeste,2025,35247,19,1,1,1,5.39,2.84,2.84,2.84,42.6,38.31,34.03,31.46,29.75,25.47,31.46,17.12,6.14,73.79,Moderada,-5.6644000000000005,-44.3336,0.0,2110708
2110856,211085,São Francisco do Brejão,MA,Nordeste,2025,9202,4,1,1,1,4.35,10.87,10.87,10.87,10.52,18.94,27.36,32.41,35.77,44.19,32.41,33.67,12.08,66.32,Moderada,-5.170249999999999,-47.3451,0.0,2110856
2110906,211090,São Francisco do Maranhão,MA,Nordeste,2025,12360,12,1,1,1,9.71,8.09,8.09,8.09,17.29,13.65,10.01,7.82,6.37,2.73,7.82,14.56,5.22,84.17,Baixa,-6.20715,-43.1135,0.0,2110906
2110807,211080,São Félix de Balsas,MA,Nordeste,2025,4491,4,1,1,1,8.91,22.27,22.27,22.27,2.24,2.67,3.1,3.35,3.52,3.95,3.35,1.71,0.61,96.64,Baixa,-7.10805,-44.8857,0.0,2110807
2111201,211120,São José de Ribamar,MA,Nordeste,2025,259164,37,3,1,1,1.43,1.16,0.39,0.39,49.88,60.43,70.97,77.3,81.52,92.07,77.3,42.18,15.14,57.81,Muito alta,-2.58155,-44.12235,0.0,2111201
2111250,211125,São José dos Basílios,MA,Nordeste,2025,7094,4,1,1,1,5.64,14.1,14.1,14.1,6.96,10.65,14.33,16.54,18.02,21.7,16.54,14.74,5.29,82.78,Baixa,-5.0135000000000005,-44.5757,0.0,2111250
2111003,211100,São João Batista,MA,Nordeste,2025,18889,8,1,1,1,4.24,5.29,5.29,5.29,28.76,33.23,37.7,40.39,42.18,46.65,40.39,17.9,6.42,76.61,Moderada,-3.01925,-44.77735,0.0,2111003
2111029,211102,São João do Carú,MA,Nordeste,2025,12360,0,1,1,1,0.0,8.09,8.09,8.09,17.29,37.96,58.63,71.04,79.31,99.98,71.04,82.7,29.67,17.29,Alta,-3.49815,-46.40415,0.0,2111029
2111052,211105,São João do Paraíso,MA,Nordeste,2025,10091,6,1,1,1,5.95,9.91,9.91,9.91,11.83,13.36,14.89,15.81,16.42,17.95,15.81,6.12,2.2,87.34,Baixa,-6.44015,-46.91305,0.0,2111052
2111078,211107,São João do Soter,MA,Nordeste,2025,17253,9,1,1,1,5.22,5.8,5.8,5.8,25.49,26.15,26.82,27.22,27.48,28.15,27.22,2.66,0.95,84.54,Moderada,-5.03205,-43.782399999999996,0.0,2111078
2111102,211110,São João dos Patos,MA,Nordeste,2025,25910,11,1,1,1,4.25,3.86,3.86,3.86,36.69,39.13,41.57,43.04,44.01,46.45,43.04,9.76,3.5,80.18,Moderada,-6.56515,-43.63065,0.0,2111102
2111300,211130,São Luís,MA,Nordeste,2025,1089215,70,58,44,11,0.64,5.32,4.04,1.01,28.43,45.63,62.83,73.14,80.02,97.22,73.14,68.78,24.68,31.2,Alta,-2.6365499999999997,-44.2859,0.0,2111300
2111409,211140,São Luís Gonzaga do Maranhão,MA,Nordeste,2025,18123,10,1,1,1,5.52,5.52,5.52,5.52,27.34,26.4,25.47,24.91,24.54,23.6,24.91,3.73,1.34,83.16,Baixa,-4.37995,-44.64,0.0,2111409
2111508,211150,São Mateus do Maranhão,MA,Nordeste,2025,40177,11,2,2,2,2.74,4.98,4.98,4.98,30.39,41.41,52.43,59.05,63.45,74.47,59.05,44.09,15.82,55.91,Alta,-3.9887499999999996,-44.5362,0.0,2111508
2111532,211153,São Pedro da Água Branca,MA,Nordeste,2025,14786,4,1,1,1,2.71,6.76,6.76,6.76,22.28,35.49,48.7,56.63,61.91,75.12,56.63,52.85,18.96,47.15,Alta,-5.1389499999999995,-48.4713,0.0,2111532
2111573,211157,São Pedro dos Crentes,MA,Nordeste,2025,5993,1,1,1,1,1.67,16.69,16.69,16.69,4.97,26.13,47.28,59.97,68.43,89.59,59.97,84.62,30.36,15.37,Alta,-6.85035,-46.62415,0.0,2111573
2111607,211160,São Raimundo das Mangabeiras,MA,Nordeste,2025,19158,11,1,1,1,5.74,5.22,5.22,5.22,29.17,26.95,24.74,23.41,22.52,20.3,23.41,8.87,3.18,79.95,Baixa,-7.05335,-45.6883,0.0,2111607
2111631,211163,São Raimundo do Doca Bezerra,MA,Nordeste,2025,5761,3,1,1,1,5.21,17.36,17.36,17.36,4.58,10.51,16.45,20.01,22.39,28.33,20.01,23.75,8.52,76.07,Baixa,-5.10375,-45.15025,0.0,2111631
2111672,211167,São Roberto,MA,Nordeste,2025,4577,4,0,0,0,8.74,0.0,0.0,0.0,99.98,76.05,52.13,37.77,28.2,4.27,37.77,95.71,34.34,4.27,Moderada,-5.0224,-45.06255,13.27,2111631
2111706,211170,São Vicente Ferrer,MA,Nordeste,2025,19865,11,1,1,1,5.54,5.03,5.03,5.03,30.19,28.45,26.71,25.67,24.97,23.23,25.67,6.96,2.5,80.59,Moderada,-2.8734,-44.99895,0.0,2111706
2111805,211180,Sítio Novo,MA,Nordeste,2025,17464,11,1,1,1,6.3,5.73,5.73,5.73,25.85,23.01,20.17,18.46,17.33,14.49,18.46,11.36,4.08,80.16,Baixa,-6.2732,-46.62945,0.0,2111805
2112001,211200,Tasso Fragoso,MA,Nordeste,2025,9130,1,1,1,1,1.1,10.95,10.95,10.95,10.39,31.45,52.5,65.14,73.56,94.61,65.14,84.22,30.22,15.76,Alta,-8.30815,-45.90365,0.0,2112001
2112100,211210,Timbiras,MA,Nordeste,2025,27328,10,1,1,1,3.66,3.66,3.66,3.66,38.07,42.91,47.74,50.64,52.57,57.4,50.64,19.33,6.94,74.96,Alta,-4.1610499999999995,-43.82655,0.0,2112100
2112209,211220,Timon,MA,Nordeste,2025,182711,47,3,2,1,2.57,1.64,1.09,0.55,48.25,55.54,62.83,67.2,70.11,77.4,67.2,29.15,10.46,69.53,Alta,-5.1741,-43.0025,0.0,2112209
2112233,211223,Trizidela do Vale,MA,Nordeste,2025,23097,13,1,1,1,5.63,4.33,4.33,4.33,33.66,30.7,27.75,25.98,24.8,21.85,25.98,11.81,4.24,76.98,Moderada,-4.551399999999999,-44.673950000000005,0.0,2112233
2112274,211227,Tufilândia,MA,Nordeste,2025,5633,3,1,1,1,5.33,17.75,17.75,17.75,4.2,9.78,15.36,18.7,20.93,26.51,18.7,22.31,8.01,77.29,Baixa,-3.7705,-45.5801,0.0,2112274
2112308,211230,Tuntum,MA,Nordeste,2025,37364,19,1,1,1,5.09,2.68,2.68,2.68,43.51,40.17,36.82,34.82,33.48,30.14,34.82,13.37,4.8,75.15,Moderada,-5.6013,-44.707750000000004,0.0,2112308
2112407,211240,Turiaçu,MA,Nordeste,2025,38993,9,1,1,1,2.31,2.56,2.56,2.56,44.03,53.47,62.92,68.58,72.36,81.8,68.58,37.77,13.55,62.23,Alta,-1.71035,-45.464650000000006,0.0,2112407
2112456,211245,Turilândia,MA,Nordeste,2025,33219,2,2,1,1,0.6,6.02,3.01,3.01,24.65,42.82,60.99,71.89,79.16,97.33,71.89,72.68,26.08,27.31,Alta,-2.12035,-45.414199999999994,0.0,2112456
2112506,211250,Tutóia,MA,Nordeste,2025,55076,24,1,1,1,4.36,1.82,1.82,1.82,47.41,46.54,45.67,45.14,44.79,43.92,45.14,3.48,1.25,82.78,Moderada,-2.9257,-42.406549999999996,0.0,2112506
2112605,211260,Urbano Santos,MA,Nordeste,2025,34143,13,1,1,1,3.81,2.93,2.93,2.93,42.08,45.14,48.2,50.04,51.27,54.33,50.04,12.26,4.4,78.4,Alta,-3.2767999999999997,-43.317499999999995,0.0,2112605
2112704,211270,Vargem Grande,MA,Nordeste,2025,44444,17,1,1,1,3.83,2.25,2.25,2.25,45.61,47.67,49.72,50.95,51.78,53.83,50.95,8.22,2.95,80.36,Alta,-3.7389,-43.847300000000004,0.0,2112704
2112803,211280,Viana,MA,Nordeste,2025,53176,26,2,2,2,4.89,3.76,3.76,3.76,37.32,36.38,35.44,34.88,34.5,33.57,34.88,3.75,1.35,81.47,Moderada,-3.1305,-44.996700000000004,0.0,2112803
2112852,211285,Vila Nova dos Martírios,MA,Nordeste,2025,10561,6,1,0,1,5.68,9.47,0.0,9.47,12.85,14.93,17.0,18.24,19.07,21.15,18.24,8.29,2.98,85.4,Baixa,-5.03785,-48.057500000000005,0.0,2112852
2113009,211300,Vitorino Freire,MA,Nordeste,2025,31920,18,1,1,1,5.64,3.13,3.13,3.13,40.76,35.99,31.22,28.36,26.45,21.68,28.36,19.08,6.85,72.48,Moderada,-4.1554,-45.3092,0.0,2113009
2112902,211290,Vitória do Mearim,MA,Nordeste,2025,31859,13,1,1,1,4.08,3.14,3.14,3.14,40.71,42.88,45.05,46.35,47.21,49.38,46.35,8.67,3.11,80.32,Moderada,-3.54985,-44.92885,0.0,2112902
2114007,211400,Zé Doca,MA,Nordeste,2025,41815,21,1,1,1,5.02,2.39,2.39,2.39,44.93,41.5,38.06,36.0,34.63,31.2,36.0,13.73,4.93,75.64,Moderada,-3.2563,-45.9199,0.0,2114007
2100154,210015,Água Doce do Maranhão,MA,Nordeste,2025,12461,7,0,0,0,5.62,0.0,0.0,0.0,99.98,80.5,61.01,49.32,41.53,22.04,49.32,77.94,27.97,22.05,Moderada,-2.9246499999999997,-42.17895,14.38,2100907
3100104,310010,Abadia dos Dourados,MG,Sudeste,2025,6345,2,1,1,0,3.15,15.76,15.76,0.0,5.69,21.1,36.52,45.77,51.93,67.35,45.77,61.66,22.12,38.33,Moderada,-18.37395,-47.4882,0.0,3100104
3100203,310020,Abaeté,MG,Sudeste,2025,23173,7,1,1,1,3.02,4.32,4.32,4.32,33.75,42.74,51.73,57.13,60.73,69.72,57.13,35.97,12.91,64.02,Alta,-19.096400000000003,-45.370400000000004,0.0,3100203
3100302,310030,Abre Campo,MG,Sudeste,2025,14354,2,1,1,1,1.39,6.97,6.97,6.97,21.2,39.0,56.79,67.47,74.59,92.39,67.47,71.19,25.54,28.8,Alta,-20.278550000000003,-42.43415,0.0,3100302
3100401,310040,Acaiaca,MG,Sudeste,2025,3998,4,0,0,0,10.01,0.0,0.0,0.0,99.98,75.6,51.21,36.58,26.83,2.44,36.58,97.54,35.0,2.44,Moderada,-20.398249999999997,-43.096149999999994,19.38,3152105
3100807,310080,Aguanil,MG,Sudeste,2025,4509,5,0,0,0,11.09,0.0,0.0,0.0,99.98,75.31,50.64,35.83,25.96,1.29,35.83,98.69,35.41,1.29,Moderada,-20.9845,-45.439750000000004,20.11,3111200
3101102,310110,Aimorés,MG,Sudeste,2025,26212,9,1,1,1,3.43,3.82,3.82,3.82,36.98,43.31,49.64,53.44,55.97,62.3,53.44,25.33,9.09,71.74,Alta,-19.659599999999998,-41.1884,0.0,3101102
3101201,310120,Aiuruoca,MG,Sudeste,2025,6389,4,1,1,1,6.26,15.65,15.65,15.65,5.76,8.01,10.25,11.6,12.49,14.74,11.6,8.98,3.22,87.9,Baixa,-21.95155,-44.6416,0.0,3101201
3101300,310130,Alagoa,MG,Sudeste,2025,2820,2,1,0,1,7.09,35.46,0.0,35.46,0.5,2.6,4.7,5.96,6.8,8.9,5.96,8.4,3.01,91.6,Baixa,-22.17675,-44.6632,0.0,3101300
3101409,310140,Albertina,MG,Sudeste,2025,3027,1,0,0,0,3.3,0.0,0.0,0.0,99.98,91.14,82.3,77.0,73.46,64.62,77.0,35.36,12.69,64.63,Muito alta,-22.198,-46.60665,9.66,3134905
3101607,310160,Alfenas,MG,Sudeste,2025,82303,30,4,3,3,3.65,4.86,3.65,3.65,31.04,37.71,44.39,48.4,51.07,57.75,48.4,26.71,9.58,71.45,Moderada,-21.36325,-46.007,0.0,3101607
3101631,310163,Alfredo Vasconcelos,MG,Sudeste,2025,7236,2,0,0,0,2.76,0.0,0.0,0.0,99.98,93.51,87.03,83.15,80.56,74.08,83.15,25.9,9.29,74.09,Muito alta,-21.140349999999998,-43.71565,15.04,3105608
3101706,310170,Almenara,MG,Sudeste,2025,42019,11,2,2,1,2.62,4.76,4.76,2.38,31.48,42.82,54.15,60.95,65.48,76.81,60.95,45.32,16.26,54.67,Alta,-16.13045,-40.7127,0.0,3101706
3101805,310180,Alpercata,MG,Sudeste,2025,7019,3,0,0,0,4.27,0.0,0.0,0.0,99.98,86.45,72.91,64.79,59.38,45.84,64.79,54.14,19.43,45.85,Alta,-18.989849999999997,-42.00945,22.94,3127701
3101904,310190,Alpinópolis,MG,Sudeste,2025,18673,8,1,1,1,4.28,5.36,5.36,5.36,28.18,32.53,36.88,39.49,41.23,45.58,39.49,17.39,6.24,77.11,Moderada,-20.831699999999998,-46.3946,0.0,3101904
3102001,310200,Alterosa,MG,Sudeste,2025,14272,5,1,1,1,3.5,7.01,7.01,7.01,20.84,30.82,40.81,46.8,50.79,60.78,46.8,39.94,14.33,60.05,Moderada,-21.23405,-46.1832,0.0,3102001
3102050,310205,Alto Caparaó,MG,Sudeste,2025,6014,3,0,0,0,4.99,0.0,0.0,0.0,99.98,82.93,65.89,55.66,48.84,31.79,55.66,68.19,24.47,31.8,Alta,-20.46135,-41.881,13.47,3139508
3153509,315350,Alto Jequitibá,MG,Sudeste,2025,8606,3,0,0,0,3.49,0.0,0.0,0.0,99.98,90.3,80.61,74.8,70.93,61.25,74.8,38.74,13.9,61.26,Alta,-20.4387,-41.94755,9.87,3139508
3102100,310210,Alto Rio Doce,MG,Sudeste,2025,10931,2,1,0,1,1.83,9.15,0.0,9.15,14.22,32.59,50.96,61.98,69.33,87.7,61.98,73.49,26.37,26.5,Alta,-21.04785,-43.406949999999995,0.0,3102100
3102209,310220,Alvarenga,MG,Sudeste,2025,3983,2,0,0,0,5.02,0.0,0.0,0.0,99.98,82.79,65.6,55.28,48.41,31.22,55.28,68.77,24.67,31.22,Alta,-19.42015,-41.691950000000006,20.74,3151909
3102308,310230,Alvinópolis,MG,Sudeste,2025,15358,6,1,1,1,3.91,6.51,6.51,6.51,23.17,30.51,37.85,42.25,45.18,52.52,42.25,29.35,10.53,70.65,Moderada,-20.11035,-43.14155,0.0,3102308
3102407,310240,Alvorada de Minas,MG,Sudeste,2025,4359,3,0,0,0,6.88,0.0,0.0,0.0,99.98,77.53,55.08,41.61,32.63,10.18,41.61,89.8,32.22,10.18,Moderada,-18.776400000000002,-43.373599999999996,21.48,3122603
3101508,310150,Além Paraíba,MG,Sudeste,2025,31159,13,1,1,1,4.17,3.21,3.21,3.21,40.46,42.29,44.12,45.22,45.95,47.78,45.22,7.32,2.63,81.18,Moderada,-21.8276,-42.76135,0.0,3101508
3102506,310250,Amparo do Serra,MG,Sudeste,2025,4574,3,0,0,0,6.56,0.0,0.0,0.0,99.98,78.09,56.19,43.06,34.3,12.4,43.06,87.58,31.42,12.41,Moderada,-20.52945,-42.79705,12.56,3168507
3102605,310260,Andradas,MG,Sudeste,2025,42501,10,1,1,1,2.35,2.35,2.35,2.35,45.11,54.06,63.01,68.39,71.97,80.92,68.39,35.81,12.85,64.18,Alta,-22.0594,-46.57485,0.0,3102605
3102803,310280,Andrelândia,MG,Sudeste,2025,12163,4,2,2,2,3.29,16.44,16.44,16.44,5.19,20.1,35.01,43.96,49.92,64.84,43.96,59.65,21.4,40.34,Moderada,-21.746499999999997,-44.28415,0.0,3102803
3102852,310285,Angelândia,MG,Sudeste,2025,7849,5,0,0,0,6.37,0.0,0.0,0.0,99.98,78.41,56.83,43.88,35.25,13.68,43.88,86.3,30.97,13.68,Moderada,-17.692,-42.291250000000005,21.03,3112307
3102902,310290,Antônio Carlos,MG,Sudeste,2025,11350,4,1,1,0,3.52,8.81,8.81,0.0,15.37,26.63,37.89,44.65,49.16,60.42,44.65,45.05,16.17,54.94,Moderada,-21.430799999999998,-43.7611,0.0,3102902
3103009,310300,Antônio Dias,MG,Sudeste,2025,9375,7,0,0,0,7.47,0.0,0.0,0.0,99.98,76.86,53.73,39.86,30.61,7.49,39.86,92.5,33.19,7.49,Moderada,-19.5788,-42.86555,19.93,3144706
3103108,310310,Antônio Prado de Minas,MG,Sudeste,2025,1552,1,0,0,0,6.44,0.0,0.0,0.0,99.98,78.25,56.52,43.49,34.8,13.07,43.49,86.91,31.19,13.07,Moderada,-21.024250000000002,-42.1495,7.17,3124906
3103306,310330,Aracitaba,MG,Sudeste,2025,2095,1,0,0,0,4.77,0.0,0.0,0.0,99.98,83.97,67.96,58.35,51.95,35.94,58.35,64.05,22.98,35.94,Alta,-21.348300000000002,-43.39815,18.56,3160702
3103504,310350,Araguari,MG,Sudeste,2025,123432,29,4,3,3,2.35,3.24,2.43,2.43,40.26,50.45,60.64,66.75,70.82,81.01,66.75,40.75,14.62,59.25,Alta,-18.60485,-48.2633,0.0,3103504
3103603,310360,Arantina,MG,Sudeste,2025,2998,1,0,0,0,3.34,0.0,0.0,0.0,99.98,90.96,81.94,76.53,72.92,63.9,76.53,36.08,12.95,63.91,Muito alta,-21.9015,-44.228300000000004,12.14,3107505
3103702,310370,Araponga,MG,Sudeste,2025,8218,5,0,0,0,6.08,0.0,0.0,0.0,99.98,79.12,58.25,45.73,37.38,16.51,45.73,83.47,29.95,16.52,Moderada,-20.667250000000003,-42.5148,17.4,3125952
3103751,310375,Araporã,MG,Sudeste,2025,9069,3,1,1,1,3.31,11.03,11.03,11.03,10.29,23.83,37.37,45.5,50.92,64.46,45.5,54.17,19.44,45.82,Moderada,-18.474249999999998,-49.126999999999995,0.0,3103751
3103801,310380,Arapuá,MG,Sudeste,2025,2668,2,0,0,0,7.5,0.0,0.0,0.0,99.98,76.84,53.71,39.82,30.57,7.43,39.82,92.55,33.21,7.43,Moderada,-19.0283,-46.128,17.73,3114303
3104007,310400,Araxá,MG,Sudeste,2025,118786,26,4,4,2,2.19,3.37,3.37,1.68,39.62,50.59,61.57,68.15,72.55,83.52,68.15,43.91,15.75,56.09,Alta,-19.634349999999998,-46.98785,0.0,3104007
3103207,310320,Araçaí,MG,Sudeste,2025,2222,2,0,0,0,9.0,0.0,0.0,0.0,99.98,75.92,51.87,37.43,27.81,3.75,37.43,96.23,34.53,3.75,Moderada,-19.2504,-44.218050000000005,21.03,3109907
3103405,310340,Araçuaí,MG,Sudeste,2025,35185,14,1,1,1,3.98,2.84,2.84,2.84,42.56,44.73,46.9,48.21,49.08,51.25,48.21,8.69,3.12,80.27,Moderada,-16.8955,-41.941950000000006,0.0,3103405
3103900,310390,Araújos,MG,Sudeste,2025,9634,6,0,0,0,6.23,0.0,0.0,0.0,99.98,78.79,57.59,44.88,36.4,15.2,44.88,84.78,30.42,15.21,Moderada,-19.8828,-45.1839,19.39,3145208
3104106,310410,Arceburgo,MG,Sudeste,2025,9335,5,1,1,0,5.36,10.71,10.71,0.0,10.75,14.54,18.33,20.6,22.11,25.9,20.6,15.15,5.44,81.44,Baixa,-21.353450000000002,-46.945750000000004,0.0,3104106
3104205,310420,Arcos,MG,Sudeste,2025,43653,15,2,2,1,3.44,4.58,4.58,2.29,32.56,39.99,47.42,51.87,54.84,62.27,51.87,29.71,10.66,69.75,Alta,-20.2347,-45.5256,0.0,3104205
3104304,310430,Areado,MG,Sudeste,2025,14229,5,1,1,1,3.51,7.03,7.03,7.03,20.7,30.67,40.65,46.63,50.62,60.6,46.63,39.9,14.32,60.09,Moderada,-21.351599999999998,-46.127250000000004,0.0,3104304
3104403,310440,Argirita,MG,Sudeste,2025,2715,3,0,0,0,11.05,0.0,0.0,0.0,99.98,75.33,50.68,35.89,26.03,1.38,35.89,98.6,35.38,1.38,Moderada,-21.62355,-42.829750000000004,19.4,3162906
3104452,310445,Aricanduva,MG,Sudeste,2025,4820,2,0,0,0,4.15,0.0,0.0,0.0,99.98,87.04,74.1,66.33,61.16,48.21,66.33,51.77,18.58,48.22,Alta,-17.857100000000003,-42.584900000000005,19.55,3112307
3104502,310450,Arinos,MG,Sudeste,2025,17586,11,1,1,1,6.25,5.69,5.69,5.69,26.19,23.36,20.53,18.83,17.69,14.86,18.83,11.33,4.06,80.07,Baixa,-15.805900000000001,-46.00885,0.0,3104502
3104601,310460,Astolfo Dutra,MG,Sudeste,2025,14633,8,0,0,0,5.47,0.0,0.0,0.0,99.98,81.11,62.24,50.92,43.37,24.5,50.92,75.48,27.08,24.51,Alta,-21.32235,-42.8845,24.23,3115300
3104700,310470,Ataléia,MG,Sudeste,2025,13936,7,1,1,1,5.02,7.18,7.18,7.18,19.78,22.63,25.47,27.18,28.32,31.16,27.18,11.38,4.08,81.51,Moderada,-18.21665,-41.106,0.0,3104700
3104809,310480,Augusto de Lima,MG,Sudeste,2025,4572,1,0,0,0,2.19,0.0,0.0,0.0,99.98,95.88,91.78,89.32,87.68,83.58,89.32,16.41,5.89,83.59,Muito alta,-18.09955,-44.2145,57.69,3127602
3100500,310050,Açucena,MG,Sudeste,2025,8926,5,0,0,0,5.6,0.0,0.0,0.0,99.98,80.56,61.15,49.5,41.73,22.31,49.5,77.67,27.87,22.32,Moderada,-19.074849999999998,-42.4362,20.33,3106309
3104908,310490,Baependi,MG,Sudeste,2025,18782,9,1,1,1,4.79,5.32,5.32,5.32,28.45,30.19,31.93,32.98,33.67,35.42,32.98,6.96,2.5,82.1,Moderada,-22.01545,-44.8358,0.0,3104908
3105004,310500,Baldim,MG,Sudeste,2025,7595,2,0,0,0,2.63,0.0,0.0,0.0,99.98,94.09,88.2,84.66,82.31,76.41,84.66,23.57,8.46,76.43,Muito alta,-19.2464,-43.8758,26.03,3134608
3105103,310510,Bambuí,MG,Sudeste,2025,24203,8,2,2,1,3.31,8.26,8.26,4.13,16.78,28.72,40.67,47.83,52.61,64.55,47.83,47.77,17.14,52.23,Moderada,-20.12705,-45.9926,0.0,3105103
3105202,310520,Bandeira,MG,Sudeste,2025,4811,2,0,0,0,4.16,0.0,0.0,0.0,99.98,86.99,74.0,66.2,61.01,48.02,66.2,51.97,18.65,48.03,Alta,-15.8644,-40.57585,27.72,3136504
3105301,310530,Bandeira do Sul,MG,Sudeste,2025,6183,3,1,1,1,4.85,16.17,16.17,16.17,5.42,12.62,19.83,24.15,27.03,34.23,24.15,28.81,10.34,71.18,Baixa,-21.72645,-46.37675,0.0,3105301
3105608,310560,Barbacena,MG,Sudeste,2025,129695,22,10,6,3,1.7,7.71,4.63,2.31,18.26,36.03,53.8,64.46,71.57,89.34,64.46,71.08,25.51,28.9,Alta,-21.248649999999998,-43.80255,0.0,3105608
3105707,310570,Barra Longa,MG,Sudeste,2025,5717,4,0,0,0,7.0,0.0,0.0,0.0,99.98,77.38,54.78,41.22,32.18,9.59,41.22,90.4,32.44,9.59,Moderada,-20.2883,-43.067099999999996,21.26,3102308
3105905,310590,Barroso,MG,Sudeste,2025,20604,7,1,1,1,3.4,4.85,4.85,4.85,31.07,39.0,46.93,51.69,54.86,62.79,51.69,31.72,11.38,68.28,Alta,-21.17275,-43.95484999999999,0.0,3105905
3105400,310540,Barão de Cocais,MG,Sudeste,2025,32264,11,2,2,1,3.41,6.2,6.2,3.1,24.04,33.67,43.3,49.07,52.93,62.56,49.07,38.52,13.82,61.47,Moderada,-19.8962,-43.5149,0.0,3105400
3105509,310550,Barão do Monte Alto,MG,Sudeste,2025,4952,4,0,0,0,8.08,0.0,0.0,0.0,99.98,76.45,52.93,38.81,29.4,5.87,38.81,94.11,33.77,5.87,Moderada,-21.268250000000002,-42.27675,19.86,3146701
3106002,310600,Bela Vista de Minas,MG,Sudeste,2025,10427,5,0,0,0,4.8,0.0,0.0,0.0,99.98,83.83,67.67,57.98,51.52,35.36,57.98,64.62,23.19,35.37,Alta,-19.8063,-43.102450000000005,6.73,3136207
3106101,310610,Belmiro Braga,MG,Sudeste,2025,3292,1,0,0,0,3.04,0.0,0.0,0.0,99.98,92.35,84.72,80.14,77.08,69.45,80.14,30.53,10.96,69.46,Muito alta,-21.98395,-43.482,25.19,3136702
3106200,310620,Belo Horizonte,MG,Sudeste,2025,2415872,167,91,77,16,0.69,3.77,3.19,0.66,37.23,52.19,67.14,76.12,82.1,97.06,76.12,59.83,21.47,40.16,Muito alta,-19.91695,-43.962450000000004,0.0,3106200
3106309,310630,Belo Oriente,MG,Sudeste,2025,24546,13,1,1,0,5.3,4.07,4.07,0.0,35.07,33.04,31.0,29.78,28.96,26.93,29.78,8.15,2.92,80.07,Moderada,-19.257649999999998,-42.435649999999995,0.0,3106309
3106408,310640,Belo Vale,MG,Sudeste,2025,9012,5,1,1,1,5.55,11.1,11.1,11.1,10.18,13.39,16.6,18.53,19.82,23.03,18.53,12.85,4.61,83.25,Baixa,-20.4095,-44.044650000000004,0.0,3106408
3106507,310650,Berilo,MG,Sudeste,2025,9638,6,1,1,1,6.23,10.38,10.38,10.38,11.33,12.3,13.27,13.86,14.25,15.22,13.86,3.9,1.4,89.23,Baixa,-16.8817,-42.504450000000006,0.0,3106507
3106655,310665,Berizal,MG,Sudeste,2025,4270,3,0,0,0,7.03,0.0,0.0,0.0,99.98,77.32,54.66,41.06,32.0,9.33,41.06,90.65,32.53,9.34,Moderada,-15.69495,-41.7598,23.21,3101003
3106606,310660,Bertópolis,MG,Sudeste,2025,4546,2,0,0,0,4.4,0.0,0.0,0.0,99.98,85.75,71.52,62.98,57.29,43.06,62.98,56.92,20.42,43.07,Alta,-16.98415,-40.5493,20.48,3138906
3106705,310670,Betim,MG,Sudeste,2025,431433,43,4,4,3,1.0,0.93,0.93,0.7,50.46,61.68,72.9,79.63,84.11,95.33,79.63,44.88,16.1,55.12,Muito alta,-19.946150000000003,-44.1927,0.0,3106705
3106804,310680,Bias Fortes,MG,Sudeste,2025,3367,4,0,0,0,11.88,0.0,0.0,0.0,99.98,75.21,50.43,35.57,25.66,0.88,35.57,99.1,35.56,0.88,Moderada,-21.62325,-43.769499999999994,21.42,3102902
3106903,310690,Bicas,MG,Sudeste,2025,14358,0,1,1,1,0.0,6.96,6.96,6.96,21.23,40.92,60.61,72.42,80.3,99.98,72.42,78.75,28.26,21.24,Alta,-21.73155,-43.10385,0.0,3106903
3107000,310700,Biquinhas,MG,Sudeste,2025,2397,2,0,0,0,8.34,0.0,0.0,0.0,99.98,76.29,52.59,38.38,28.9,5.21,38.38,94.78,34.01,5.21,Moderada,-18.76925,-45.5411,27.12,3143500
3107109,310710,Boa Esperança,MG,Sudeste,2025,41443,17,1,1,1,4.1,2.41,2.41,2.41,44.8,45.86,46.92,47.56,47.98,49.04,47.56,4.24,1.52,82.51,Moderada,-21.05765,-45.66135,0.0,3107109
3107208,310720,Bocaina de Minas,MG,Sudeste,2025,5530,2,0,0,0,3.62,0.0,0.0,0.0,99.98,89.54,79.11,72.84,68.67,58.23,72.84,41.75,14.98,58.24,Alta,-22.24335,-44.49275,19.05,3101300
3107307,310730,Bocaiúva,MG,Sudeste,2025,49797,13,3,3,1,2.61,6.02,6.02,2.01,24.63,37.7,50.76,58.6,63.83,76.9,58.6,52.27,18.76,47.72,Alta,-17.3878,-43.59055,0.0,3107307
3107406,310740,Bom Despacho,MG,Sudeste,2025,54377,18,2,2,1,3.31,3.68,3.68,1.84,38.02,44.62,51.22,55.18,57.82,64.42,55.18,26.4,9.47,73.25,Alta,-19.7077,-45.3007,0.0,3107406
3107505,310750,Bom Jardim de Minas,MG,Sudeste,2025,6988,2,1,1,1,2.86,14.31,14.31,14.31,6.77,23.1,39.44,49.24,55.77,72.11,49.24,65.34,23.44,34.65,Moderada,-21.9362,-44.116749999999996,0.0,3107505
3107604,310760,Bom Jesus da Penha,MG,Sudeste,2025,4677,3,0,0,0,6.41,0.0,0.0,0.0,99.98,78.32,56.66,43.66,35.0,13.34,43.66,86.65,31.09,13.34,Moderada,-21.0082,-46.53125,13.76,3145109
3107703,310770,Bom Jesus do Amparo,MG,Sudeste,2025,5786,2,0,0,0,3.46,0.0,0.0,0.0,99.98,90.45,80.91,75.19,71.37,61.84,75.19,38.14,13.69,61.85,Muito alta,-19.7058,-43.46765,19.05,3161908
3107802,310780,Bom Jesus do Galho,MG,Sudeste,2025,14719,2,1,1,0,1.36,6.79,6.79,0.0,22.19,39.83,57.47,68.05,75.11,92.75,68.05,70.56,25.32,29.43,Alta,-19.725900000000003,-42.3644,0.0,3107802
3107901,310790,Bom Repouso,MG,Sudeste,2025,13312,4,0,0,0,3.0,0.0,0.0,0.0,99.98,92.49,85.0,80.51,77.51,70.02,80.51,29.96,10.75,70.04,Muito alta,-22.44105,-46.189949999999996,17.78,3124500
3108008,310800,Bom Sucesso,MG,Sudeste,2025,17515,8,1,1,1,4.57,5.71,5.71,5.71,25.94,29.43,32.93,35.03,36.43,39.92,35.03,13.98,5.02,79.03,Moderada,-21.0102,-44.798649999999995,0.0,3108008
3108107,310810,Bonfim,MG,Sudeste,2025,7710,1,0,0,0,1.3,0.0,0.0,0.0,99.98,98.29,96.6,95.58,94.91,93.21,95.58,6.77,2.43,93.23,Muito alta,-20.32045,-44.223,16.63,3109006
3108206,310820,Bonfinópolis de Minas,MG,Sudeste,2025,5600,3,1,0,0,5.36,17.86,0.0,0.0,4.11,9.55,14.99,18.25,20.43,25.87,18.25,21.76,7.81,77.79,Baixa,-16.5214,-46.2031,0.0,3108206
3108255,310825,Bonito de Minas,MG,Sudeste,2025,10525,12,1,0,0,11.4,9.5,0.0,0.0,12.71,9.81,6.9,5.16,4.0,1.09,5.16,11.61,4.17,88.1,Baixa,-14.975349999999999,-44.966350000000006,0.0,3108255
3108305,310830,Borda da Mata,MG,Sudeste,2025,17837,2,1,1,0,1.12,5.61,5.61,0.0,26.73,43.67,60.61,70.77,77.55,94.49,70.77,67.76,24.31,32.23,Alta,-22.25515,-46.15065,0.0,3108305
3108404,310840,Botelhos,MG,Sudeste,2025,15141,9,1,1,1,5.94,6.6,6.6,6.6,22.87,21.65,20.44,19.71,19.22,18.0,19.71,4.86,1.75,84.17,Baixa,-21.655050000000003,-46.41645,0.0,3108404
3108503,310850,Botumirim,MG,Sudeste,2025,5806,4,0,0,0,6.89,0.0,0.0,0.0,99.98,77.51,55.04,41.56,32.57,10.11,41.56,89.88,32.25,10.11,Moderada,-16.9529,-42.972,37.76,3169703
3108552,310855,Brasilândia de Minas,MG,Sudeste,2025,15485,8,0,0,0,5.17,0.0,0.0,0.0,99.98,82.18,64.38,53.7,46.58,28.77,53.7,71.21,25.55,28.78,Alta,-16.9442,-45.8553,59.85,3108206
3108602,310860,Brasília de Minas,MG,Sudeste,2025,33262,16,3,3,2,4.81,9.02,9.02,6.01,14.65,19.73,24.82,27.87,29.9,34.98,27.87,20.34,7.3,77.04,Moderada,-16.23425,-44.4651,0.0,3108602
3108909,310890,Brazópolis,MG,Sudeste,2025,14491,6,1,1,1,4.14,6.9,6.9,6.9,21.68,28.36,35.04,39.05,41.72,48.39,39.05,26.71,9.58,72.94,Moderada,-22.4943,-45.624849999999995,0.0,3108909
3108800,310880,Braúnas,MG,Sudeste,2025,4445,3,0,0,0,6.75,0.0,0.0,0.0,99.98,77.74,55.49,42.15,33.25,11.0,42.15,88.98,31.93,11.01,Moderada,-19.02635,-42.698899999999995,22.23,3128006
3109006,310900,Brumadinho,MG,Sudeste,2025,41090,19,1,1,1,4.62,2.43,2.43,2.43,44.73,43.24,41.74,40.85,40.25,38.75,40.85,5.98,2.14,82.08,Moderada,-20.18405,-44.1577,0.0,3109006
3108701,310870,Brás Pires,MG,Sudeste,2025,4296,3,0,0,0,6.98,0.0,0.0,0.0,99.98,77.4,54.81,41.26,32.22,9.64,41.26,90.34,32.42,9.64,Moderada,-20.88175,-43.225300000000004,12.66,3165701
3109105,310910,Bueno Brandão,MG,Sudeste,2025,11168,5,1,1,1,4.48,8.95,8.95,8.95,14.86,21.54,28.23,32.24,34.91,41.59,32.24,26.73,9.59,72.26,Moderada,-22.493949999999998,-46.3584,0.0,3109105
3109204,310920,Buenópolis,MG,Sudeste,2025,9171,4,0,0,0,4.36,0.0,0.0,0.0,99.98,85.95,71.92,63.5,57.88,43.85,63.5,56.13,20.14,43.86,Alta,-17.848149999999997,-44.08415,46.13,3121605
3109253,310925,Bugre,MG,Sudeste,2025,4159,1,0,0,0,2.4,0.0,0.0,0.0,99.98,95.0,90.01,87.02,85.03,80.04,87.02,19.94,7.16,80.05,Muito alta,-19.357950000000002,-42.31775,16.66,3106309
3109303,310930,Buritis,MG,Sudeste,2025,24779,10,2,1,1,4.04,8.07,4.04,4.04,17.36,25.59,33.82,38.76,42.05,50.28,38.76,32.92,11.81,67.07,Moderada,-15.44045,-46.5972,0.0,3109303
3109402,310940,Buritizeiro,MG,Sudeste,2025,23908,7,1,0,0,2.93,4.18,0.0,0.0,34.32,43.53,52.74,58.26,61.95,71.15,58.26,36.83,13.22,63.16,Alta,-17.278550000000003,-45.17565,0.0,3109402
3109451,310945,Cabeceira Grande,MG,Sudeste,2025,6811,2,0,0,0,2.94,0.0,0.0,0.0,99.98,92.73,85.49,81.14,78.24,70.99,81.14,28.99,10.4,71.01,Muito alta,-16.0657,-47.12105,38.0,5204003
3109501,310950,Cabo Verde,MG,Sudeste,2025,11269,4,1,1,1,3.55,8.87,8.87,8.87,15.08,26.25,37.43,44.13,48.6,59.77,44.13,44.7,16.04,55.3,Moderada,-21.48365,-46.3663,0.0,3109501
3109808,310980,Cachoeira Dourada,MG,Sudeste,2025,2337,1,0,0,0,4.28,0.0,0.0,0.0,99.98,86.42,72.85,64.71,59.28,45.72,64.71,54.26,19.47,45.73,Alta,-18.595750000000002,-49.460499999999996,14.13,3112604
3109600,310960,Cachoeira da Prata,MG,Sudeste,2025,3785,1,0,0,0,2.64,0.0,0.0,0.0,99.98,94.05,88.11,84.55,82.17,76.23,84.55,23.75,8.52,76.25,Muito alta,-19.51735,-44.47365,20.44,3167202
3109709,310970,Cachoeira de Minas,MG,Sudeste,2025,12302,2,0,0,0,1.63,0.0,0.0,0.0,99.98,97.49,94.99,93.49,92.5,90.0,93.49,9.98,3.58,90.02,Muito alta,-22.375,-45.79605,18.68,3159605
3102704,310270,Cachoeira de Pajeú,MG,Sudeste,2025,9347,6,1,1,1,6.42,10.7,10.7,10.7,10.77,11.4,12.03,12.4,12.65,13.28,12.4,2.51,0.9,90.61,Baixa,-15.96155,-41.490750000000006,0.0,3102704
3109907,310990,Caetanópolis,MG,Sudeste,2025,11906,2,1,0,0,1.68,8.4,0.0,0.0,16.5,34.75,53.0,63.95,71.25,89.5,63.95,73.0,26.19,26.98,Alta,-19.343449999999997,-44.3925,0.0,3109907
3110004,311000,Caeté,MG,Sudeste,2025,39775,11,1,1,1,2.77,2.51,2.51,2.51,44.3,51.72,59.15,63.6,66.57,73.99,63.6,29.69,10.65,70.31,Alta,-19.8851,-43.63515,0.0,3110004
3110103,311010,Caiana,MG,Sudeste,2025,5484,3,0,0,0,5.47,0.0,0.0,0.0,99.98,81.09,62.21,50.87,43.32,24.43,50.87,75.55,27.11,24.43,Alta,-20.729300000000002,-41.90945000000001,16.02,3124203
3110202,311020,Cajuri,MG,Sudeste,2025,4191,2,0,0,0,4.77,0.0,0.0,0.0,99.98,83.98,67.98,58.38,51.97,35.97,58.38,64.01,22.97,35.98,Alta,-20.7852,-42.7713,11.81,3171303
3110301,311030,Caldas,MG,Sudeste,2025,14628,5,1,1,1,3.42,6.84,6.84,6.84,22.06,32.16,42.25,48.31,52.35,62.45,48.31,40.39,14.49,59.61,Moderada,-21.89825,-46.3477,0.0,3110301
3110400,311040,Camacho,MG,Sudeste,2025,2851,3,0,0,0,10.52,0.0,0.0,0.0,99.98,75.47,50.96,36.25,26.45,1.94,36.25,98.04,35.18,1.94,Moderada,-20.65215,-45.15325,17.4,3112000
3110509,311050,Camanducaia,MG,Sudeste,2025,27860,9,2,1,1,3.23,7.18,3.59,3.59,19.75,31.26,42.78,49.68,54.29,65.81,49.68,46.06,16.53,53.93,Moderada,-22.7963,-46.07515,0.0,3110509
3110707,311070,Cambuquira,MG,Sudeste,2025,12551,7,1,1,1,5.58,7.97,7.97,7.97,17.61,18.88,20.15,20.91,21.42,22.69,20.91,5.08,1.82,85.62,Baixa,-21.86205,-45.252700000000004,0.0,3110707
3110608,311060,Cambuí,MG,Sudeste,2025,31066,13,1,1,1,4.18,3.22,3.22,3.22,40.37,42.15,43.93,45.0,45.71,47.5,45.0,7.13,2.56,81.29,Moderada,-22.59075,-46.0531,0.0,3110608
3110905,311090,Campanha,MG,Sudeste,2025,16372,8,1,1,1,4.89,6.11,6.11,6.11,24.38,26.69,29.01,30.4,31.32,33.64,30.4,9.26,3.32,82.03,Moderada,-21.826549999999997,-45.4148,0.0,3110905
3110806,311080,Campanário,MG,Sudeste,2025,2884,2,0,0,0,6.93,0.0,0.0,0.0,99.98,77.46,54.94,41.42,32.41,9.89,41.42,90.09,32.33,9.89,Moderada,-18.2753,-41.729299999999995,14.56,3132701
3111002,311100,Campestre,MG,Sudeste,2025,21155,10,1,1,0,4.73,4.73,4.73,0.0,31.65,32.97,34.28,35.08,35.6,36.92,35.08,5.28,1.89,82.14,Moderada,-21.71535,-46.238550000000004,0.0,3111002
3111101,311110,Campina Verde,MG,Sudeste,2025,18188,7,1,1,1,3.85,5.5,5.5,5.5,27.46,33.95,40.44,44.33,46.93,53.42,44.33,25.96,9.31,72.17,Moderada,-19.48385,-49.769450000000006,0.0,3111101
3111150,311115,Campo Azul,MG,Sudeste,2025,3806,1,0,0,0,2.63,0.0,0.0,0.0,99.98,94.13,88.28,84.77,82.43,76.58,84.77,23.41,8.4,76.59,Muito alta,-16.51515,-44.77945,32.39,3130051
3111200,311120,Campo Belo,MG,Sudeste,2025,54027,18,2,2,2,3.33,3.7,3.7,3.7,37.68,44.26,50.85,54.81,57.44,64.03,54.81,26.35,9.46,72.57,Alta,-20.944699999999997,-45.25085,0.0,3111200
3111408,311140,Campo Florido,MG,Sudeste,2025,8931,2,0,0,0,2.24,0.0,0.0,0.0,99.98,95.66,91.33,88.73,87.0,82.68,88.73,17.3,6.21,82.69,Muito alta,-19.712,-48.6543,41.21,3117306
3111309,311130,Campo do Meio,MG,Sudeste,2025,11625,6,1,1,1,5.16,8.6,8.6,8.6,16.12,19.31,22.5,24.41,25.69,28.88,24.41,12.76,4.58,81.67,Baixa,-21.106749999999998,-45.8258,0.0,3111309
3111507,311150,Campos Altos,MG,Sudeste,2025,13076,6,1,1,1,4.59,7.65,7.65,7.65,18.35,23.63,28.92,32.09,34.2,39.49,32.09,21.15,7.59,76.61,Moderada,-19.60705,-46.1986,0.0,3111507
3111606,311160,Campos Gerais,MG,Sudeste,2025,26749,14,1,1,1,5.23,3.74,3.74,3.74,37.44,35.05,32.65,31.21,30.25,27.86,31.21,9.59,3.44,78.64,Moderada,-21.28365,-45.765249999999995,0.0,3111606
3111903,311190,Cana Verde,MG,Sudeste,2025,5342,2,0,0,0,3.74,0.0,0.0,0.0,99.98,88.88,77.79,71.13,66.69,55.59,71.13,44.39,15.93,55.6,Alta,-21.03185,-45.18725,11.73,3111200
3111705,311170,Canaã,MG,Sudeste,2025,4839,4,0,0,0,8.27,0.0,0.0,0.0,99.98,76.36,52.74,38.56,29.12,5.49,38.56,94.49,33.9,5.49,Moderada,-20.67105,-42.6278,22.2,3124005
3112000,311200,Candeias,MG,Sudeste,2025,14211,6,1,1,1,4.22,7.04,7.04,7.04,20.68,27.2,33.72,37.63,40.24,46.76,37.63,26.08,9.36,73.32,Moderada,-20.74925,-45.284400000000005,0.0,3112000
3112059,311205,Cantagalo,MG,Sudeste,2025,4029,3,0,0,0,7.45,0.0,0.0,0.0,99.98,76.88,53.79,39.93,30.69,7.59,39.93,92.39,33.15,7.59,Moderada,-18.50835,-42.651650000000004,12.7,3148608
3111804,311180,Canápolis,MG,Sudeste,2025,10716,6,1,1,1,5.6,9.33,9.33,9.33,13.55,15.75,17.95,19.27,20.15,22.35,19.27,8.8,3.16,84.78,Baixa,-18.7572,-49.2421,0.0,3111804
3112109,311210,Caparaó,MG,Sudeste,2025,5138,1,0,0,0,1.95,0.0,0.0,0.0,99.98,96.62,93.26,91.24,89.9,86.54,91.24,13.44,4.82,86.55,Muito alta,-20.53115,-41.959500000000006,6.62,3124203
3112208,311220,Capela Nova,MG,Sudeste,2025,4397,2,0,0,0,4.55,0.0,0.0,0.0,99.98,85.07,70.15,61.2,55.23,40.32,61.2,59.67,21.41,40.32,Alta,-20.9056,-43.5991,11.96,3155207
3112307,311230,Capelinha,MG,Sudeste,2025,41858,16,2,1,1,3.82,4.78,2.39,2.39,31.36,37.0,42.65,46.04,48.29,53.94,46.04,22.58,8.1,73.55,Moderada,-17.7068,-42.489149999999995,0.0,3112307
3112406,311240,Capetinga,MG,Sudeste,2025,6627,3,1,0,0,4.53,15.09,0.0,0.0,6.17,14.79,23.4,28.56,32.01,40.62,28.56,34.45,12.36,65.55,Moderada,-20.6606,-47.02315,0.0,3112406
3112505,311250,Capim Branco,MG,Sudeste,2025,11210,4,0,0,0,3.57,0.0,0.0,0.0,99.98,89.79,79.6,73.49,69.41,59.22,73.49,40.76,14.63,59.23,Alta,-19.58145,-44.16405,10.97,3141108
3112604,311260,Capinópolis,MG,Sudeste,2025,14872,5,1,1,1,3.36,6.72,6.72,6.72,22.47,32.7,42.92,49.05,53.14,63.36,49.05,40.89,14.67,59.1,Moderada,-18.675150000000002,-49.565250000000006,0.0,3112604
3112653,311265,Capitão Andrade,MG,Sudeste,2025,4634,4,0,0,0,8.63,0.0,0.0,0.0,99.98,76.1,52.23,37.9,28.35,4.47,37.9,95.51,34.27,4.47,Moderada,-19.04865,-41.82215,11.04,3133204
3112703,311270,Capitão Enéas,MG,Sudeste,2025,14403,12,0,0,0,8.33,0.0,0.0,0.0,99.98,76.31,52.64,38.44,28.97,5.3,38.44,94.69,33.98,5.3,Moderada,-16.1009,-43.662099999999995,34.24,3162401
3112802,311280,Capitólio,MG,Sudeste,2025,10991,5,1,1,1,4.55,9.1,9.1,9.1,14.45,20.91,27.36,31.24,33.82,40.28,31.24,25.83,9.27,72.85,Moderada,-20.611400000000003,-46.15219999999999,0.0,3112802
3112901,311290,Caputira,MG,Sudeste,2025,9128,7,0,0,0,7.67,0.0,0.0,0.0,99.98,76.68,53.38,39.4,30.08,6.79,39.4,93.2,33.44,6.79,Moderada,-20.18355,-42.254599999999996,14.35,3140902
3113107,311310,Caranaíba,MG,Sudeste,2025,2942,2,0,0,0,6.8,0.0,0.0,0.0,99.98,77.65,55.31,41.91,32.98,10.64,41.91,89.34,32.06,10.65,Moderada,-20.8933,-43.719899999999996,15.71,3113206
3113206,311320,Carandaí,MG,Sudeste,2025,24403,10,1,1,1,4.1,4.1,4.1,4.1,34.88,38.43,41.98,44.11,45.53,49.08,44.11,14.2,5.09,77.9,Moderada,-20.9982,-43.82125,0.0,3113206
3113305,311330,Carangola,MG,Sudeste,2025,32134,13,3,2,2,4.05,9.34,6.22,6.22,13.53,22.66,31.79,37.27,40.92,50.04,37.27,36.51,13.1,63.48,Moderada,-20.7078,-42.1024,0.0,3113305
3113404,311340,Caratinga,MG,Sudeste,2025,90890,31,3,3,2,3.41,3.3,3.3,2.2,39.92,45.57,51.22,54.61,56.87,62.52,54.61,22.6,8.11,75.15,Alta,-19.68895,-42.1498,0.0,3113404
3113008,311300,Caraí,MG,Sudeste,2025,19511,7,1,1,1,3.59,5.13,5.13,5.13,29.67,36.96,44.26,48.63,51.55,58.84,48.63,29.17,10.47,70.25,Moderada,-17.16315,-41.59325,0.0,3113008
3113503,311350,Carbonita,MG,Sudeste,2025,8603,3,1,1,1,3.49,11.62,11.62,11.62,9.57,22.48,35.4,43.15,48.31,61.23,43.15,51.66,18.54,48.33,Moderada,-17.512549999999997,-43.03305,0.0,3113503
3113602,311360,Careaçu,MG,Sudeste,2025,7062,1,1,1,1,1.42,14.16,14.16,14.16,6.91,28.22,49.53,62.32,70.84,92.16,62.32,85.25,30.59,14.74,Alta,-22.0736,-45.6702,0.0,3113602
3113701,311370,Carlos Chagas,MG,Sudeste,2025,18783,7,1,1,1,3.73,5.32,5.32,5.32,28.49,35.38,42.27,46.41,49.17,56.06,46.41,27.57,9.89,71.13,Moderada,-17.6661,-40.856,0.0,3113701
3113909,311390,Carmo da Cachoeira,MG,Sudeste,2025,11767,4,1,1,1,3.4,8.5,8.5,8.5,16.33,27.93,39.53,46.48,51.12,62.72,46.48,46.38,16.64,53.61,Moderada,-21.4513,-45.203500000000005,0.0,3113909
3114006,311400,Carmo da Mata,MG,Sudeste,2025,11291,6,1,1,1,5.31,8.86,8.86,8.86,15.13,18.02,20.91,22.65,23.8,26.69,22.65,11.56,4.15,82.71,Baixa,-20.56055,-44.88255,0.0,3114006
3114105,311410,Carmo de Minas,MG,Sudeste,2025,14125,7,1,1,0,4.96,7.08,7.08,0.0,20.41,23.38,26.36,28.14,29.33,32.31,28.14,11.9,4.27,81.42,Moderada,-22.0913,-45.1555,0.0,3114105
3114204,311420,Carmo do Cajuru,MG,Sudeste,2025,24581,9,0,0,0,3.66,0.0,0.0,0.0,99.98,89.33,78.68,72.28,68.02,57.37,72.28,42.61,15.29,57.38,Alta,-20.19605,-44.71325,18.84,3133808
3114303,311430,Carmo do Paranaíba,MG,Sudeste,2025,29885,10,1,1,1,3.35,3.35,3.35,3.35,39.74,45.72,51.7,55.28,57.67,63.65,55.28,23.91,8.58,75.19,Alta,-18.878300000000003,-46.185050000000004,0.0,3114303
3114402,311440,Carmo do Rio Claro,MG,Sudeste,2025,21506,11,1,1,1,5.11,4.65,4.65,4.65,32.22,31.61,31.0,30.63,30.39,29.78,30.63,2.44,0.88,83.64,Moderada,-20.9949,-46.12675,0.0,3114402
3113800,311380,Carmésia,MG,Sudeste,2025,2693,2,0,0,0,7.43,0.0,0.0,0.0,99.98,76.91,53.84,40.0,30.77,7.7,40.0,92.28,33.11,7.7,Moderada,-19.0554,-43.18665,15.3,3122603
3114501,311450,Carmópolis de Minas,MG,Sudeste,2025,18561,7,1,1,1,3.77,5.39,5.39,5.39,28.06,34.8,41.55,45.59,48.29,55.04,45.59,26.98,9.68,71.56,Moderada,-20.557650000000002,-44.659800000000004,0.0,3114501
3114550,311455,Carneirinho,MG,Sudeste,2025,9633,4,0,0,0,4.15,0.0,0.0,0.0,99.98,87.03,74.08,66.31,61.13,48.18,66.31,51.8,18.59,48.19,Alta,-19.776049999999998,-50.804050000000004,44.13,3134400
3114600,311460,Carrancas,MG,Sudeste,2025,4161,2,1,1,1,4.81,24.03,24.03,24.03,1.81,10.14,18.46,23.46,26.79,35.11,23.46,33.3,11.95,66.7,Baixa,-21.474800000000002,-44.62325,0.0,3114600
3114808,311480,Carvalhos,MG,Sudeste,2025,4503,2,0,0,0,4.44,0.0,0.0,0.0,99.98,85.55,71.11,62.45,56.67,42.24,62.45,57.75,20.72,42.24,Alta,-22.0305,-44.48055,18.78,3101201
3114709,311470,Carvalhópolis,MG,Sudeste,2025,3419,2,0,0,0,5.85,0.0,0.0,0.0,99.98,79.75,59.51,47.37,39.28,19.05,47.37,80.94,29.04,19.05,Moderada,-21.7728,-45.8314,13.36,3139003
3114907,311490,Casa Grande,MG,Sudeste,2025,2260,2,0,0,0,8.85,0.0,0.0,0.0,99.98,76.01,52.03,37.64,28.05,4.07,37.64,95.91,34.41,4.08,Moderada,-20.8433,-43.94325,21.38,3113206
3115003,311500,Cascalho Rico,MG,Sudeste,2025,2751,2,0,0,0,7.27,0.0,0.0,0.0,99.98,77.05,54.11,40.35,31.17,8.24,40.35,91.74,32.92,8.24,Moderada,-18.56465,-47.8703,40.97,5215504
3115300,311530,Cataguases,MG,Sudeste,2025,67732,25,2,1,1,3.69,2.95,1.48,1.48,41.95,45.65,49.34,51.56,53.04,56.74,51.56,14.79,5.31,77.04,Alta,-21.332,-42.650800000000004,0.0,3115300
3115359,311535,Catas Altas,MG,Sudeste,2025,5706,2,0,0,0,3.51,0.0,0.0,0.0,99.98,90.17,80.35,74.47,70.54,60.73,74.47,39.26,14.09,60.74,Alta,-20.06915,-43.414,4.38,3157203
3115409,311540,Catas Altas da Noruega,MG,Sudeste,2025,3124,1,0,0,0,3.2,0.0,0.0,0.0,99.98,91.59,83.21,78.18,74.82,66.43,78.18,33.55,12.04,66.45,Muito alta,-20.6666,-43.50045,12.03,3137908
3115458,311545,Catuji,MG,Sudeste,2025,7248,3,0,0,0,4.14,0.0,0.0,0.0,99.98,87.11,74.23,66.51,61.36,48.48,66.51,51.5,18.48,48.49,Alta,-17.36655,-41.5017,18.24,3132305
3115474,311547,Catuti,MG,Sudeste,2025,4788,3,0,0,0,6.27,0.0,0.0,0.0,99.98,78.66,57.34,44.55,36.02,14.7,44.55,85.28,30.6,14.7,Moderada,-15.3416,-43.09265,16.24,3142908
3115508,311550,Caxambu,MG,Sudeste,2025,21412,10,1,1,1,4.67,4.67,4.67,4.67,31.97,33.47,34.97,35.87,36.47,37.96,35.87,6.0,2.15,82.35,Moderada,-21.993299999999998,-44.955799999999996,0.0,3115508
3115607,311560,Cedro do Abaeté,MG,Sudeste,2025,1084,2,0,0,0,18.45,0.0,0.0,0.0,99.98,75.0,50.02,35.03,25.04,0.05,35.03,99.93,35.86,0.05,Moderada,-19.1059,-45.70465,29.38,3141207
3115706,311570,Central de Minas,MG,Sudeste,2025,6213,4,1,1,1,6.44,16.1,16.1,16.1,5.47,7.38,9.29,10.43,11.2,13.1,10.43,7.63,2.74,89.28,Baixa,-18.774949999999997,-41.297,0.0,3115706
3115805,311580,Centralina,MG,Sudeste,2025,10447,5,1,1,1,4.79,9.57,9.57,9.57,12.4,18.2,24.0,27.48,29.8,35.6,27.48,23.19,8.32,74.76,Moderada,-18.655450000000002,-49.16605,0.0,3115805
3116001,311600,Chalé,MG,Sudeste,2025,6289,2,0,0,0,3.18,0.0,0.0,0.0,99.98,91.7,83.42,78.46,75.14,66.86,78.46,33.12,11.88,66.88,Muito alta,-20.022199999999998,-41.6492,12.84,3137700
3116159,311615,Chapada Gaúcha,MG,Sudeste,2025,12904,2,1,1,1,1.55,7.75,7.75,7.75,18.15,36.32,54.49,65.39,72.66,90.83,65.39,72.68,26.08,27.31,Alta,-15.4572,-45.45625,0.0,3116159
3116100,311610,Chapada do Norte,MG,Sudeste,2025,9763,8,0,0,0,8.19,0.0,0.0,0.0,99.98,76.41,52.84,38.69,29.26,5.69,38.69,94.29,33.83,5.69,Moderada,-17.1564,-42.3925,21.21,3126505
3116209,311620,Chiador,MG,Sudeste,2025,2868,3,0,0,0,10.46,0.0,0.0,0.0,99.98,75.48,50.99,36.29,26.49,1.99,36.29,97.99,35.16,1.99,Moderada,-21.977899999999998,-43.01675,12.62,3139805
3115904,311590,Chácara,MG,Sudeste,2025,3194,2,0,0,0,6.26,0.0,0.0,0.0,99.98,78.67,57.35,44.56,36.03,14.72,44.56,85.26,30.59,14.72,Moderada,-21.68945,-43.21395,12.3,3106903
3116308,311630,Cipotânea,MG,Sudeste,2025,5549,1,1,0,0,1.8,18.02,0.0,0.0,4.02,25.04,46.06,58.67,67.08,88.1,58.67,84.08,30.17,15.91,Alta,-20.916,-43.38055,0.0,3116308
3116407,311640,Claraval,MG,Sudeste,2025,4786,3,0,0,0,6.27,0.0,0.0,0.0,99.98,78.65,57.32,44.53,35.99,14.67,44.53,85.32,30.61,14.67,Moderada,-20.359299999999998,-47.2411,14.52,3129707
3116506,311650,Claro dos Poções,MG,Sudeste,2025,7230,5,0,0,0,6.92,0.0,0.0,0.0,99.98,77.46,54.95,41.43,32.43,9.91,41.43,90.07,32.32,9.91,Moderada,-17.05515,-44.228049999999996,36.87,3123809
3116605,311660,Cláudio,MG,Sudeste,2025,31936,11,1,1,1,3.44,3.13,3.13,3.13,40.78,46.1,51.41,54.6,56.72,62.04,54.6,21.25,7.63,76.09,Alta,-20.40245,-44.771,0.0,3116605
3116704,311670,Coimbra,MG,Sudeste,2025,7293,4,0,0,0,5.48,0.0,0.0,0.0,99.98,81.0,62.03,50.64,43.05,24.07,50.64,75.91,27.24,24.08,Alta,-20.84465,-42.79775,13.53,3171303
3116803,311680,Coluna,MG,Sudeste,2025,8206,2,1,1,1,2.44,12.19,12.19,12.19,8.8,26.42,44.05,54.63,61.68,79.3,54.63,70.51,25.3,29.48,Alta,-18.23875,-42.83665,0.0,3116803
3116902,311690,Comendador Gomes,MG,Sudeste,2025,2804,1,0,0,0,3.57,0.0,0.0,0.0,99.98,89.81,79.64,73.53,69.46,59.29,73.53,40.69,14.6,59.3,Alta,-19.67315,-49.09825,48.2,3152808
3117009,311700,Comercinho,MG,Sudeste,2025,6540,5,0,0,0,7.65,0.0,0.0,0.0,99.98,76.71,53.44,39.47,30.17,6.89,39.47,93.09,33.4,6.89,Moderada,-16.29525,-41.7797,29.72,3141405
3117108,311710,Conceição da Aparecida,MG,Sudeste,2025,10705,4,1,1,1,3.74,9.34,9.34,9.34,13.5,24.08,34.65,41.0,45.23,55.81,41.0,42.31,15.18,57.68,Moderada,-21.09735,-46.2102,0.0,3117108
3115201,311520,Conceição da Barra de Minas,MG,Sudeste,2025,3576,1,0,0,0,2.8,0.0,0.0,0.0,99.98,93.33,86.68,82.69,80.03,73.38,82.69,26.6,9.55,73.39,Muito alta,-21.14245,-44.4936,13.75,3144508
3117306,311730,Conceição das Alagoas,MG,Sudeste,2025,30278,13,1,1,1,4.29,3.3,3.3,3.3,39.9,41.25,42.6,43.4,43.94,45.29,43.4,5.39,1.93,82.12,Moderada,-19.9422,-48.3455,0.0,3117306
3117207,311720,Conceição das Pedras,MG,Sudeste,2025,2840,2,0,0,0,7.04,0.0,0.0,0.0,99.98,77.3,54.61,41.0,31.93,9.24,41.0,90.74,32.56,9.25,Moderada,-22.137999999999998,-45.421400000000006,12.79,3149101
3117405,311740,Conceição de Ipanema,MG,Sudeste,2025,4503,2,0,0,0,4.44,0.0,0.0,0.0,99.98,85.55,71.11,62.45,56.67,42.24,62.45,57.75,20.72,42.24,Alta,-19.90255,-41.70765,17.25,3131208
3117504,311750,Conceição do Mato Dentro,MG,Sudeste,2025,24559,2,1,1,1,0.81,4.07,4.07,4.07,35.11,50.45,65.79,74.99,81.13,96.46,74.99,61.35,22.01,38.64,Alta,-18.935699999999997,-43.493399999999994,0.0,3117504
3117603,311760,Conceição do Pará,MG,Sudeste,2025,5584,6,0,0,0,10.74,0.0,0.0,0.0,99.98,75.4,50.82,36.07,26.23,1.65,36.07,98.33,35.28,1.65,Moderada,-19.79085,-44.88590000000001,14.16,3145208
3117702,311770,Conceição do Rio Verde,MG,Sudeste,2025,12765,6,1,1,1,4.7,7.83,7.83,7.83,17.91,22.79,27.67,30.6,32.55,37.43,30.6,19.51,7.0,77.83,Moderada,-21.89105,-45.0966,0.0,3117702
3117801,311780,Conceição dos Ouros,MG,Sudeste,2025,11218,6,0,0,0,5.35,0.0,0.0,0.0,99.98,81.51,63.04,51.96,44.57,26.1,51.96,73.88,26.51,26.1,Alta,-22.4419,-45.78255,16.05,3147303
3117876,311787,Confins,MG,Sudeste,2025,7758,5,0,0,0,6.44,0.0,0.0,0.0,99.98,78.25,56.52,43.48,34.78,13.05,43.48,86.93,31.19,13.05,Moderada,-19.6426,-43.9751,8.78,3149309
3117900,311790,Congonhal,MG,Sudeste,2025,11444,6,0,0,0,5.24,0.0,0.0,0.0,99.98,81.9,63.81,52.96,45.73,27.64,52.96,72.34,25.96,27.65,Alta,-22.13345,-46.0385,17.55,3152501
3118007,311800,Congonhas,MG,Sudeste,2025,55272,21,1,1,1,3.8,1.81,1.81,1.81,47.44,49.23,51.01,52.09,52.8,54.59,52.09,7.14,2.56,82.53,Alta,-20.5191,-43.8471,0.0,3118007
3118106,311810,Congonhas do Norte,MG,Sudeste,2025,4924,3,0,0,0,6.09,0.0,0.0,0.0,99.98,79.1,58.21,45.68,37.33,16.44,45.68,83.54,29.98,16.45,Moderada,-18.9032,-43.698750000000004,21.9,3117504
3118205,311820,Conquista,MG,Sudeste,2025,6878,5,1,1,1,7.27,14.54,14.54,14.54,6.62,7.03,7.44,7.69,7.85,8.26,7.69,1.63,0.59,93.54,Baixa,-19.8585,-47.6261,0.0,3118205
3118304,311830,Conselheiro Lafaiete,MG,Sudeste,2025,138946,34,7,5,2,2.45,5.04,3.6,1.44,30.12,42.38,54.64,62.0,66.9,79.16,62.0,49.04,17.6,50.95,Alta,-20.6695,-43.80135,0.0,3118304
3118403,311840,Conselheiro Pena,MG,Sudeste,2025,21052,7,1,1,1,3.33,4.75,4.75,4.75,31.52,39.68,47.85,52.74,56.01,64.17,52.74,32.65,11.72,67.34,Alta,-19.173650000000002,-41.4195,0.0,3118403
3118502,311850,Consolação,MG,Sudeste,2025,1569,1,0,0,0,6.37,0.0,0.0,0.0,99.98,78.4,56.81,43.86,35.23,13.64,43.86,86.34,30.98,13.64,Moderada,-22.534399999999998,-45.9135,10.95,3147303
3118601,311860,Contagem,MG,Sudeste,2025,651718,137,8,8,2,2.1,1.23,1.23,0.31,49.65,58.41,67.18,72.44,75.94,84.71,72.44,35.06,12.58,64.15,Alta,-19.8878,-44.08535,0.0,3118601
3118700,311870,Coqueiral,MG,Sudeste,2025,9188,4,0,0,0,4.35,0.0,0.0,0.0,99.98,85.99,72.0,63.6,58.01,44.01,63.6,55.97,20.08,44.02,Alta,-21.18005,-45.419399999999996,15.99,3144607
3118809,311880,Coração de Jesus,MG,Sudeste,2025,26138,12,1,1,1,4.59,3.83,3.83,3.83,36.89,37.52,38.14,38.52,38.77,39.4,38.52,2.51,0.9,84.31,Moderada,-16.61515,-44.411649999999995,0.0,3118809
3118908,311890,Cordisburgo,MG,Sudeste,2025,7535,5,0,0,0,6.64,0.0,0.0,0.0,99.98,77.96,55.93,42.72,33.91,11.88,42.72,88.1,31.61,11.89,Moderada,-19.0945,-44.21785,33.2,3109907
3119005,311900,Cordislândia,MG,Sudeste,2025,3236,4,0,0,0,12.36,0.0,0.0,0.0,99.98,75.16,50.33,35.44,25.51,0.68,35.44,99.3,35.63,0.68,Moderada,-21.77,-45.647549999999995,16.0,3162005
3119104,311910,Corinto,MG,Sudeste,2025,23988,10,0,0,0,4.17,0.0,0.0,0.0,99.98,86.95,73.91,66.09,60.87,47.84,66.09,52.15,18.71,47.85,Alta,-18.3307,-44.589749999999995,48.28,3169356
3119203,311920,Coroaci,MG,Sudeste,2025,11240,6,0,0,0,5.34,0.0,0.0,0.0,99.98,81.55,63.12,52.06,44.69,26.26,52.06,73.72,26.45,26.27,Alta,-18.62885,-42.24765,31.95,3148608
3119302,311930,Coromandel,MG,Sudeste,2025,30114,15,1,1,1,4.98,3.32,3.32,3.32,39.85,37.86,35.86,34.67,33.87,31.88,34.67,7.97,2.86,78.69,Moderada,-18.358249999999998,-47.1161,0.0,3119302
3119401,311940,Coronel Fabriciano,MG,Sudeste,2025,108708,19,4,3,1,1.75,3.68,2.76,0.92,38.0,50.68,63.36,70.97,76.05,88.73,70.97,50.73,18.2,49.26,Alta,-19.4452,-42.68285,0.0,3119401
3119500,311950,Coronel Murta,MG,Sudeste,2025,8237,3,0,0,0,3.64,0.0,0.0,0.0,99.98,89.45,78.91,72.59,68.37,57.84,72.59,42.15,15.12,57.85,Alta,-16.6023,-42.20025,15.66,3171600
3119609,311960,Coronel Pacheco,MG,Sudeste,2025,2789,1,0,0,0,3.59,0.0,0.0,0.0,99.98,89.71,79.44,73.27,69.17,58.89,73.27,41.09,14.74,58.9,Alta,-21.60345,-43.286500000000004,19.1,3155405
3119708,311970,Coronel Xavier Chaves,MG,Sudeste,2025,3599,2,0,0,0,5.56,0.0,0.0,0.0,99.98,80.73,61.48,49.93,42.23,22.98,49.93,77.01,27.63,22.98,Moderada,-21.01715,-44.206050000000005,19.23,3152709
3120102,312010,Couto de Magalhães de Minas,MG,Sudeste,2025,4351,3,0,0,0,6.89,0.0,0.0,0.0,99.98,77.5,55.01,41.52,32.52,10.03,41.52,89.95,32.27,10.04,Moderada,-18.07895,-43.4079,4.67,3125507
3120201,312020,Cristais,MG,Sudeste,2025,12634,6,1,1,1,4.75,7.92,7.92,7.92,17.7,22.39,27.08,29.89,31.77,36.46,29.89,18.76,6.73,78.08,Moderada,-20.8124,-45.56175,0.0,3120201
3120409,312040,Cristiano Otoni,MG,Sudeste,2025,4719,1,0,0,0,2.12,0.0,0.0,0.0,99.98,96.08,92.17,89.83,88.27,84.37,89.83,15.62,5.6,84.38,Muito alta,-20.8339,-43.81325,18.29,3113206
3120508,312050,Cristina,MG,Sudeste,2025,10643,4,1,1,1,3.76,9.4,9.4,9.4,13.23,23.75,34.28,40.59,44.8,55.32,40.59,42.09,15.1,57.9,Moderada,-22.20935,-45.2791,0.0,3120508
3120300,312030,Cristália,MG,Sudeste,2025,5133,2,0,0,0,3.9,0.0,0.0,0.0,99.98,88.15,76.31,69.21,64.48,52.65,69.21,47.33,16.98,52.66,Alta,-16.7087,-42.7989,32.01,3127800
3120151,312015,Crisólita,MG,Sudeste,2025,5256,4,0,0,0,7.61,0.0,0.0,0.0,99.98,76.75,53.51,39.57,30.27,7.04,39.57,92.95,33.35,7.04,Moderada,-17.242,-40.9765,22.87,3100906
3120607,312060,Crucilândia,MG,Sudeste,2025,5674,2,0,0,0,3.52,0.0,0.0,0.0,99.98,90.08,80.17,74.23,70.27,60.37,74.23,39.62,14.21,60.38,Alta,-20.41015,-44.3575,18.78,3132206
3120706,312070,Cruzeiro da Fortaleza,MG,Sudeste,2025,3616,4,0,0,0,11.06,0.0,0.0,0.0,99.98,75.32,50.66,35.87,26.01,1.35,35.87,98.64,35.39,1.35,Moderada,-18.96155,-46.67125,18.47,3166808
3120805,312080,Cruzília,MG,Sudeste,2025,15831,7,1,1,1,4.42,6.32,6.32,6.32,23.68,28.42,33.15,36.0,37.89,42.63,36.0,18.96,6.8,76.97,Moderada,-21.7479,-44.78465,0.0,3120805
3120839,312083,Cuparaque,MG,Sudeste,2025,3958,3,0,0,0,7.58,0.0,0.0,0.0,99.98,76.77,53.56,39.64,30.35,7.14,39.64,92.84,33.31,7.15,Moderada,-18.988349999999997,-41.133250000000004,25.32,3154309
3120870,312087,Curral de Dentro,MG,Sudeste,2025,7662,6,0,0,0,7.83,0.0,0.0,0.0,99.98,76.59,53.2,39.17,29.82,6.43,39.17,93.56,33.57,6.43,Moderada,-15.8574,-41.7538,26.82,3101003
3120904,312090,Curvelo,MG,Sudeste,2025,84297,30,3,2,2,3.56,3.56,2.37,2.37,38.49,43.74,49.0,52.16,54.26,59.52,52.16,21.04,7.55,74.0,Alta,-18.75365,-44.431,0.0,3120904
3115102,311510,Cássia,MG,Sudeste,2025,17491,8,1,1,1,4.57,5.72,5.72,5.72,25.9,29.37,32.84,34.92,36.31,39.78,34.92,13.88,4.98,79.05,Moderada,-20.55925,-46.9367,0.0,3115102
3119807,311980,Córrego Danta,MG,Sudeste,2025,2956,2,0,0,0,6.77,0.0,0.0,0.0,99.98,77.71,55.43,42.06,33.15,10.88,42.06,89.1,31.97,10.88,Moderada,-19.761499999999998,-45.96515,23.14,3159704
3119955,311995,Córrego Fundo,MG,Sudeste,2025,6333,2,0,0,0,3.16,0.0,0.0,0.0,99.98,91.81,83.63,78.72,75.45,67.28,78.72,32.71,11.74,67.29,Muito alta,-20.45055,-45.53615,8.55,3126109
3120003,312000,Córrego Novo,MG,Sudeste,2025,2900,1,0,0,0,3.45,0.0,0.0,0.0,99.98,90.49,80.99,75.29,71.5,62.0,75.29,37.98,13.63,62.01,Muito alta,-19.8338,-42.443349999999995,14.57,3107802
3119906,311990,Córrego do Bom Jesus,MG,Sudeste,2025,4462,1,0,0,0,2.24,0.0,0.0,0.0,99.98,95.64,91.3,88.7,86.96,82.62,88.7,17.36,6.23,82.64,Muito alta,-22.62585,-45.9951,7.12,3110608
3117836,311783,Cônego Marinho,MG,Sudeste,2025,7433,4,0,0,0,5.38,0.0,0.0,0.0,99.98,81.37,62.76,51.6,44.15,25.54,51.6,74.44,26.71,25.55,Alta,-15.04165,-44.5792,37.2,3142254
3121001,312100,Datas,MG,Sudeste,2025,5635,0,1,0,0,0.0,17.75,0.0,0.0,4.24,28.17,52.11,66.47,76.05,99.98,66.47,95.75,34.36,4.24,Alta,-18.47385,-43.6532,0.0,3121001
3121100,312110,Delfim Moreira,MG,Sudeste,2025,8133,7,0,0,0,8.61,0.0,0.0,0.0,99.98,76.12,52.25,37.93,28.39,4.52,37.93,95.46,34.25,4.52,Moderada,-22.51175,-45.2936,13.16,3132404
3121209,312120,Delfinópolis,MG,Sudeste,2025,8851,8,1,1,1,9.04,11.3,11.3,11.3,9.94,8.38,6.81,5.87,5.25,3.68,5.87,6.26,2.25,91.17,Baixa,-20.3687,-46.7876,0.0,3121209
3121258,312125,Delta,MG,Sudeste,2025,11143,3,0,0,0,2.69,0.0,0.0,0.0,99.98,93.82,87.65,83.95,81.48,75.32,83.95,24.66,8.85,75.33,Muito alta,-19.928350000000002,-47.8052,20.27,3118205
3121308,312130,Descoberto,MG,Sudeste,2025,5070,2,0,0,0,3.94,0.0,0.0,0.0,99.98,87.94,75.89,68.67,63.85,51.8,68.67,48.18,17.29,51.81,Alta,-21.4435,-42.97295,16.58,3162906
3121407,312140,Desterro de Entre Rios,MG,Sudeste,2025,7941,4,0,0,0,5.04,0.0,0.0,0.0,99.98,82.71,65.43,55.06,48.15,30.87,55.06,69.11,24.8,30.88,Alta,-20.636850000000003,-44.2791,19.54,3123908
3121506,312150,Desterro do Melo,MG,Sudeste,2025,3060,1,0,0,0,3.27,0.0,0.0,0.0,99.98,91.27,82.55,77.32,73.84,65.12,77.32,34.86,12.51,65.13,Muito alta,-21.13395,-43.512,14.51,3102100
3121605,312160,Diamantina,MG,Sudeste,2025,49493,18,2,2,2,3.64,4.04,4.04,4.04,35.33,40.98,46.63,50.02,52.28,57.92,50.02,22.6,8.11,73.27,Alta,-17.9095,-43.653,0.0,3121605
3121704,312170,Diogo de Vasconcelos,MG,Sudeste,2025,3581,2,0,0,0,5.59,0.0,0.0,0.0,99.98,80.64,61.29,49.68,41.94,22.6,49.68,77.38,27.77,22.6,Moderada,-20.4874,-43.17175,17.96,3128204
3121803,312180,Dionísio,MG,Sudeste,2025,6689,2,1,1,1,2.99,14.95,14.95,14.95,6.25,22.24,38.24,47.84,54.24,70.24,47.84,63.99,22.96,36.0,Moderada,-19.8312,-42.6691,0.0,3121803
3122009,312200,Divino,MG,Sudeste,2025,21428,8,1,1,1,3.73,4.67,4.67,4.67,32.02,37.99,43.96,47.54,49.93,55.9,47.54,23.87,8.57,72.94,Moderada,-20.579050000000002,-42.212,0.0,3122009
3122108,312210,Divino das Laranjeiras,MG,Sudeste,2025,4147,3,1,1,1,7.23,24.11,24.11,24.11,1.78,3.42,5.07,6.06,6.72,8.36,6.06,6.59,2.36,92.41,Baixa,-18.6999,-41.4855,0.0,3122108
3122207,312220,Divinolândia de Minas,MG,Sudeste,2025,6583,4,0,0,0,6.08,0.0,0.0,0.0,99.98,79.14,58.29,45.79,37.45,16.6,45.79,83.38,29.92,16.61,Moderada,-18.80055,-42.557050000000004,10.43,3171808
3121902,312190,Divinésia,MG,Sudeste,2025,4481,3,0,0,0,6.69,0.0,0.0,0.0,99.98,77.83,55.68,42.39,33.53,11.38,42.39,88.6,31.79,11.38,Moderada,-20.9865,-42.9957,12.96,3148301
3122306,312230,Divinópolis,MG,Sudeste,2025,243583,58,10,10,2,2.38,4.11,4.11,0.82,34.81,46.23,57.66,64.51,69.08,80.51,64.51,45.7,16.4,54.29,Alta,-20.112299999999998,-44.9375,0.0,3122306
3122355,312235,Divisa Alegre,MG,Sudeste,2025,6541,3,0,0,0,4.59,0.0,0.0,0.0,99.98,84.87,69.75,60.69,54.64,39.53,60.69,60.46,21.69,39.53,Alta,-15.71845,-41.379099999999994,17.77,3101003
3122405,312240,Divisa Nova,MG,Sudeste,2025,6002,3,1,0,0,5.0,16.66,0.0,0.0,4.99,11.63,18.27,22.26,24.91,31.56,22.26,26.57,9.53,73.43,Baixa,-21.51585,-46.24895,0.0,3122405
3122454,312245,Divisópolis,MG,Sudeste,2025,10659,4,1,0,0,3.75,9.38,0.0,0.0,13.34,23.86,34.39,40.71,44.92,55.45,40.71,42.11,15.11,57.88,Moderada,-15.7714,-40.93315,0.0,3122454
3122470,312247,Dom Bosco,MG,Sudeste,2025,3763,2,0,0,0,5.31,0.0,0.0,0.0,99.98,81.65,63.33,52.33,45.0,26.67,52.33,73.31,26.3,26.68,Alta,-16.742449999999998,-46.311899999999994,27.18,3108206
3122504,312250,Dom Cavati,MG,Sudeste,2025,4967,2,0,0,0,4.03,0.0,0.0,0.0,99.98,87.59,75.2,67.77,62.81,50.42,67.77,49.56,17.78,50.43,Alta,-19.3872,-42.082300000000004,17.69,3130903
3122603,312260,Dom Joaquim,MG,Sudeste,2025,5074,2,1,1,1,3.94,19.71,19.71,19.71,3.28,15.43,27.57,34.86,39.71,51.86,34.86,48.57,17.43,51.42,Moderada,-18.93495,-43.25695,0.0,3122603
3122702,312270,Dom Silvério,MG,Sudeste,2025,5355,4,1,1,0,7.47,18.67,18.67,0.0,3.7,4.64,5.58,6.15,6.52,7.47,6.15,3.77,1.35,93.72,Baixa,-20.119500000000002,-42.9647,0.0,3122702
3122801,312280,Dom Viçoso,MG,Sudeste,2025,3184,2,0,0,0,6.28,0.0,0.0,0.0,99.98,78.63,57.27,44.46,35.91,14.56,44.46,85.42,30.65,14.56,Moderada,-22.2316,-45.1542,13.09,3120508
3122900,312290,Dona Euzébia,MG,Sudeste,2025,6250,4,0,0,0,6.4,0.0,0.0,0.0,99.98,78.34,56.7,43.71,35.05,13.41,43.71,86.57,31.06,13.41,Moderada,-21.324350000000003,-42.802350000000004,15.72,3115300
3123007,312300,Dores de Campos,MG,Sudeste,2025,10359,4,0,0,0,3.86,0.0,0.0,0.0,99.98,88.29,76.59,69.58,64.9,53.2,69.58,46.78,16.78,53.21,Alta,-21.101349999999996,-43.98715,7.04,3152709
3123106,312310,Dores de Guanhães,MG,Sudeste,2025,5114,2,0,0,0,3.91,0.0,0.0,0.0,99.98,88.11,76.23,69.11,64.36,52.49,69.11,47.5,17.04,52.5,Alta,-19.0441,-42.91545,22.68,3125903
3123205,312320,Dores do Indaiá,MG,Sudeste,2025,12730,4,1,1,1,3.14,7.86,7.86,7.86,17.9,30.3,42.7,50.15,55.11,67.51,50.15,49.61,17.8,50.38,Alta,-19.50535,-45.5353,0.0,3123205
3123304,312330,Dores do Turvo,MG,Sudeste,2025,5192,3,0,0,0,5.78,0.0,0.0,0.0,99.98,79.94,59.9,47.87,39.86,19.82,47.87,80.17,28.76,19.82,Moderada,-21.022750000000002,-43.1697,15.29,3165701
3123403,312340,Doresópolis,MG,Sudeste,2025,1498,2,0,0,0,13.35,0.0,0.0,0.0,99.98,75.1,50.22,35.3,25.35,0.47,35.3,99.52,35.71,0.47,Moderada,-20.284799999999997,-45.888549999999995,20.63,3105103
3123502,312350,Douradoquara,MG,Sudeste,2025,1869,1,0,0,0,5.35,0.0,0.0,0.0,99.98,81.49,63.0,51.91,44.52,26.03,51.91,73.95,26.54,26.03,Alta,-18.4371,-47.611450000000005,14.78,3100104
3123528,312352,Durandé,MG,Sudeste,2025,8065,4,0,0,0,4.96,0.0,0.0,0.0,99.98,83.04,66.1,55.94,49.16,32.22,55.94,67.76,24.31,32.23,Alta,-20.1513,-41.807050000000004,23.5,3137700
3123601,312360,Elói Mendes,MG,Sudeste,2025,27429,12,1,1,1,4.37,3.65,3.65,3.65,38.13,39.49,40.85,41.66,42.21,43.56,41.66,5.44,1.95,82.48,Moderada,-21.60255,-45.58085,0.0,3123601
3123700,312370,Engenheiro Caldas,MG,Sudeste,2025,14501,3,0,0,0,2.07,0.0,0.0,0.0,99.98,96.28,92.57,90.34,88.86,85.16,90.34,14.83,5.32,85.17,Muito alta,-19.120199999999997,-42.02645,22.24,3133204
3123809,312380,Engenheiro Navarro,MG,Sudeste,2025,6373,3,1,0,0,4.71,15.69,0.0,0.0,5.73,13.61,21.5,26.23,29.38,37.26,26.23,31.54,11.32,68.46,Moderada,-17.3023,-43.99665,0.0,3123809
3123858,312385,Entre Folhas,MG,Sudeste,2025,5295,3,0,0,0,5.67,0.0,0.0,0.0,99.98,80.34,60.69,48.9,41.04,21.4,48.9,78.59,28.2,21.4,Moderada,-19.65495,-42.2431,10.48,3113404
3123908,312390,Entre Rios de Minas,MG,Sudeste,2025,15157,4,1,1,1,2.64,6.6,6.6,6.6,22.9,36.26,49.61,57.63,62.97,76.32,57.63,53.42,19.17,46.57,Alta,-20.70245,-44.10485,0.0,3123908
3124005,312400,Ervália,MG,Sudeste,2025,21091,10,1,1,1,4.74,4.74,4.74,4.74,31.59,32.86,34.12,34.88,35.39,36.65,34.88,5.06,1.82,82.15,Moderada,-20.869500000000002,-42.60455,0.0,3124005
3124104,312410,Esmeraldas,MG,Sudeste,2025,93103,17,1,1,1,1.83,1.07,1.07,1.07,50.12,59.53,68.94,74.58,78.35,87.76,74.58,37.64,13.51,61.9,Alta,-19.758650000000003,-44.3159,0.0,3124104
3124203,312420,Espera Feliz,MG,Sudeste,2025,24844,2,1,1,0,0.81,4.03,4.03,0.0,35.49,50.76,66.03,75.19,81.3,96.57,75.19,61.08,21.92,38.9,Muito alta,-20.589199999999998,-41.945499999999996,0.0,3124203
3124302,312430,Espinosa,MG,Sudeste,2025,31375,9,1,1,1,2.87,3.19,3.19,3.19,40.51,48.38,56.24,60.95,64.1,71.96,60.95,31.45,11.28,68.55,Alta,-14.90545,-43.00135,0.0,3124302
3124401,312440,Espírito Santo do Dourado,MG,Sudeste,2025,7132,2,0,0,0,2.8,0.0,0.0,0.0,99.98,93.3,86.62,82.61,79.94,73.25,82.61,26.73,9.59,73.27,Muito alta,-22.0015,-45.9878,21.64,3151701
3124500,312450,Estiva,MG,Sudeste,2025,11880,6,1,1,1,5.05,8.42,8.42,8.42,16.44,19.99,23.53,25.66,27.08,30.62,25.66,14.18,5.09,80.81,Moderada,-22.454700000000003,-46.01755,0.0,3124500
3124609,312460,Estrela Dalva,MG,Sudeste,2025,2189,1,0,0,0,4.57,0.0,0.0,0.0,99.98,84.96,69.93,60.92,54.91,39.89,60.92,60.1,21.56,39.89,Alta,-21.7163,-42.4683,13.54,3151107
3124708,312470,Estrela do Indaiá,MG,Sudeste,2025,2711,3,1,1,1,11.07,36.89,36.89,36.89,0.41,0.64,0.86,1.0,1.09,1.31,1.0,0.9,0.32,98.74,Baixa,-19.567300000000003,-45.7924,0.0,3124708
3124807,312480,Estrela do Sul,MG,Sudeste,2025,6897,3,0,0,0,4.35,0.0,0.0,0.0,99.98,86.01,72.03,63.65,58.06,44.09,63.65,55.9,20.06,44.09,Alta,-18.7392,-47.73755,25.61,3143104
3124906,312490,Eugenópolis,MG,Sudeste,2025,11096,8,1,1,1,7.21,9.01,9.01,9.01,14.7,13.16,11.61,10.69,10.07,8.53,10.69,6.17,2.22,88.03,Baixa,-20.994,-42.21055,0.0,3124906
3125002,312500,Ewbank da Câmara,MG,Sudeste,2025,3986,2,0,0,0,5.02,0.0,0.0,0.0,99.98,82.81,65.63,55.33,48.46,31.29,55.33,68.7,24.65,31.29,Alta,-21.5674,-43.556200000000004,10.84,3160702
3125101,312510,Extrema,MG,Sudeste,2025,59336,22,2,2,1,3.71,3.37,3.37,1.69,39.58,43.79,48.01,50.54,52.22,56.44,50.54,16.86,6.05,76.19,Alta,-22.81345,-46.272400000000005,0.0,3125101
3125200,312520,Fama,MG,Sudeste,2025,2676,1,0,0,0,3.74,0.0,0.0,0.0,99.98,88.93,77.88,71.24,66.82,55.77,71.24,44.21,15.86,55.78,Alta,-21.463099999999997,-45.811350000000004,12.54,3147204
3125309,312530,Faria Lemos,MG,Sudeste,2025,3230,2,0,0,0,6.19,0.0,0.0,0.0,99.98,78.85,57.73,45.05,36.6,15.47,45.05,84.51,30.32,15.48,Moderada,-20.787149999999997,-42.049499999999995,10.4,3113305
3125606,312560,Felisburgo,MG,Sudeste,2025,6575,3,1,1,1,4.56,15.21,15.21,15.21,6.14,14.61,23.08,28.17,31.56,40.03,28.17,33.89,12.16,66.1,Moderada,-16.660800000000002,-40.73495,0.0,3125606
3125705,312570,Felixlândia,MG,Sudeste,2025,14280,8,0,0,0,5.6,0.0,0.0,0.0,99.98,80.56,61.14,49.48,41.72,22.29,49.48,77.69,27.88,22.3,Moderada,-18.687649999999998,-44.94715,44.45,3169356
3125408,312540,Felício dos Santos,MG,Sudeste,2025,5251,3,0,0,0,5.71,0.0,0.0,0.0,99.98,80.18,60.38,48.49,40.57,20.77,48.49,79.21,28.42,20.77,Moderada,-18.1475,-43.22895,15.76,3125507
3125804,312580,Fernandes Tourinho,MG,Sudeste,2025,2814,2,0,0,0,7.11,0.0,0.0,0.0,99.98,77.2,54.42,40.76,31.65,8.87,40.76,91.11,32.69,8.87,Moderada,-19.1074,-42.1008,28.66,3168408
3125903,312590,Ferros,MG,Sudeste,2025,9603,1,1,0,1,1.04,10.41,0.0,10.41,11.25,32.21,53.16,65.73,74.11,95.06,65.73,83.81,30.07,16.18,Alta,-19.2461,-42.94525,0.0,3125903
3125952,312595,Fervedouro,MG,Sudeste,2025,10705,4,1,1,1,3.74,9.34,9.34,9.34,13.5,24.08,34.65,41.0,45.23,55.81,41.0,42.31,15.18,57.68,Moderada,-20.6783,-42.348,0.0,3125952
3126000,312600,Florestal,MG,Sudeste,2025,8469,2,0,0,0,2.36,0.0,0.0,0.0,99.98,95.19,90.41,87.53,85.62,80.83,87.53,19.15,6.87,80.84,Muito alta,-19.859299999999998,-44.44085,17.21,3124104
3126109,312610,Formiga,MG,Sudeste,2025,70897,17,3,3,2,2.4,4.23,4.23,2.82,34.05,45.59,57.13,64.05,68.66,80.2,64.05,46.15,16.56,53.84,Alta,-20.52685,-45.54605,0.0,3126109
3126208,312620,Formoso,MG,Sudeste,2025,8095,2,1,1,1,2.47,12.35,12.35,12.35,8.69,26.21,43.73,54.24,61.25,78.77,54.24,70.08,25.14,29.91,Alta,-15.0648,-46.08595,0.0,3126208
3126307,312630,Fortaleza de Minas,MG,Sudeste,2025,3453,1,0,0,0,2.9,0.0,0.0,0.0,99.98,92.86,85.73,81.45,78.6,71.48,81.45,28.5,10.23,71.49,Muito alta,-20.89405,-46.77345,14.92,3152907
3126406,312640,Fortuna de Minas,MG,Sudeste,2025,3230,3,0,0,0,9.29,0.0,0.0,0.0,99.98,75.78,51.58,37.06,27.38,3.18,37.06,96.8,34.74,3.18,Moderada,-19.5327,-44.48975,22.67,3167202
3126505,312650,Francisco Badaró,MG,Sudeste,2025,7053,6,1,0,0,8.51,14.18,0.0,0.0,6.89,6.36,5.83,5.52,5.3,4.77,5.52,2.12,0.76,94.24,Baixa,-16.98905,-42.296800000000005,0.0,3126505
3126604,312660,Francisco Dumont,MG,Sudeste,2025,4547,4,0,0,0,8.8,0.0,0.0,0.0,99.98,76.02,52.06,37.69,28.11,4.15,37.69,95.84,34.39,4.15,Moderada,-17.43245,-44.27355,32.76,3123809
3126703,312670,Francisco Sá,MG,Sudeste,2025,23753,11,1,1,1,4.63,4.21,4.21,4.21,34.14,35.25,36.36,37.02,37.47,38.57,37.02,4.43,1.59,83.84,Moderada,-16.44915,-43.4471,0.0,3126703
3126752,312675,Franciscópolis,MG,Sudeste,2025,5023,3,0,0,0,5.97,0.0,0.0,0.0,99.98,79.42,58.85,46.51,38.28,17.72,46.51,82.27,29.52,17.72,Moderada,-17.9994,-41.9739,20.69,3139201
3126802,312680,Frei Gaspar,MG,Sudeste,2025,5731,3,0,0,0,5.23,0.0,0.0,0.0,99.98,81.94,63.9,53.08,45.86,27.82,53.08,72.16,25.89,27.83,Alta,-18.141849999999998,-41.5103,34.12,3132701
3126901,312690,Frei Inocêncio,MG,Sudeste,2025,8301,6,1,1,1,7.23,12.05,12.05,12.05,9.01,8.85,8.7,8.6,8.54,8.38,8.6,0.63,0.23,93.12,Baixa,-18.52045,-41.86965,0.0,3126901
3126950,312695,Frei Lagonegro,MG,Sudeste,2025,3481,1,0,0,0,2.87,0.0,0.0,0.0,99.98,92.95,85.92,81.7,78.89,71.85,81.7,28.13,10.09,71.87,Muito alta,-18.1484,-42.751999999999995,13.45,3116803
3127008,312700,Fronteira,MG,Sudeste,2025,14946,7,0,0,0,4.68,0.0,0.0,0.0,99.98,84.42,68.86,59.52,53.29,37.73,59.52,62.25,22.34,37.74,Alta,-20.2192,-49.165549999999996,19.76,3127107
3127057,312705,Fronteira dos Vales,MG,Sudeste,2025,4389,2,0,0,0,4.56,0.0,0.0,0.0,99.98,85.01,70.04,61.06,55.07,40.1,61.06,59.88,21.49,40.11,Alta,-16.8896,-40.8374,19.26,3136009
3127073,312707,Fruta de Leite,MG,Sudeste,2025,4538,4,0,0,0,8.81,0.0,0.0,0.0,99.98,76.01,52.05,37.67,28.08,4.11,37.67,95.87,34.4,4.11,Moderada,-16.1298,-42.524100000000004,39.64,3155603
3127107,312710,Frutal,MG,Sudeste,2025,61275,13,2,2,2,2.12,3.26,3.26,3.26,40.14,51.19,62.24,68.87,73.29,84.35,68.87,44.21,15.86,55.78,Alta,-20.1074,-49.01845,0.0,3127107
3127206,312720,Funilândia,MG,Sudeste,2025,4934,3,0,0,0,6.08,0.0,0.0,0.0,99.98,79.12,58.27,45.75,37.41,16.55,45.75,83.43,29.94,16.55,Moderada,-19.36695,-44.07155,18.52,3141108
3127305,312730,Galiléia,MG,Sudeste,2025,6244,5,0,0,0,8.01,0.0,0.0,0.0,99.98,76.46,52.93,38.82,29.41,5.89,38.82,94.09,33.76,5.89,Moderada,-18.8929,-41.529650000000004,21.96,3122108
3127339,312733,Gameleiras,MG,Sudeste,2025,4847,3,0,0,0,6.19,0.0,0.0,0.0,99.98,78.86,57.75,45.07,36.63,15.51,45.07,84.47,30.31,15.51,Moderada,-14.983,-43.26115,29.21,3124302
3127354,312735,Glaucilândia,MG,Sudeste,2025,2991,2,0,0,0,6.69,0.0,0.0,0.0,99.98,77.85,55.71,42.43,33.57,11.43,42.43,88.55,31.77,11.44,Moderada,-16.8991,-43.6345,45.2,3143302
3127370,312737,Goiabeira,MG,Sudeste,2025,2859,3,0,0,0,10.49,0.0,0.0,0.0,99.98,75.48,50.97,36.27,26.46,1.96,36.27,98.03,35.17,1.96,Moderada,-19.04395,-41.22395,20.28,3154309
3127388,312738,Goianá,MG,Sudeste,2025,4214,4,0,0,0,9.49,0.0,0.0,0.0,99.98,75.72,51.45,36.9,27.19,2.93,36.9,97.06,34.83,2.93,Moderada,-21.56315,-43.19325,9.87,3155405
3127503,312750,Gonzaga,MG,Sudeste,2025,5235,2,0,0,0,3.82,0.0,0.0,0.0,99.98,88.49,77.01,70.11,65.52,54.03,70.11,45.95,16.49,54.04,Alta,-18.87135,-42.4848,19.88,3171808
3127404,312740,Gonçalves,MG,Sudeste,2025,4922,2,0,0,0,4.06,0.0,0.0,0.0,99.98,87.39,74.8,67.24,62.21,49.61,67.24,50.37,18.07,49.62,Alta,-22.6841,-45.82355,11.36,3147303
3127602,312760,Gouveia,MG,Sudeste,2025,11536,6,1,1,1,5.2,8.67,8.67,8.67,15.9,19.02,22.14,24.01,25.26,28.38,24.01,12.48,4.48,81.85,Baixa,-18.50235,-43.87005,0.0,3127602
3127701,312770,Governador Valadares,MG,Sudeste,2025,266561,68,10,9,4,2.55,3.75,3.38,1.5,37.35,47.44,57.52,63.57,67.6,77.69,63.57,40.33,14.47,59.66,Alta,-18.7944,-41.9397,0.0,3127701
3127909,312790,Grupiara,MG,Sudeste,2025,1428,1,0,0,0,7.0,0.0,0.0,0.0,99.98,77.37,54.76,41.19,32.14,9.53,41.19,90.45,32.46,9.53,Moderada,-18.493850000000002,-47.76445,30.91,5215504
3127800,312780,Grão Mogol,MG,Sudeste,2025,14037,6,1,1,1,4.27,7.12,7.12,7.12,20.09,26.52,32.95,36.81,39.38,45.81,36.81,25.72,9.23,73.43,Moderada,-16.4746,-42.9737,0.0,3127800
3128006,312800,Guanhães,MG,Sudeste,2025,33517,15,2,1,1,4.48,5.97,2.98,2.98,24.84,29.03,33.23,35.74,37.42,41.61,35.74,16.77,6.02,78.11,Moderada,-18.855800000000002,-42.809250000000006,0.0,3128006
3128105,312810,Guapé,MG,Sudeste,2025,14076,7,1,1,1,4.97,7.1,7.1,7.1,20.23,23.18,26.14,27.91,29.09,32.04,27.91,11.81,4.24,81.42,Moderada,-20.74265,-45.92115,0.0,3128105
3128204,312820,Guaraciaba,MG,Sudeste,2025,9901,6,1,1,1,6.06,10.1,10.1,10.1,11.56,12.88,14.2,14.99,15.52,16.84,14.99,5.28,1.89,88.19,Baixa,-20.563499999999998,-43.01965,0.0,3128204
3128253,312825,Guaraciama,MG,Sudeste,2025,5224,3,0,0,0,5.74,0.0,0.0,0.0,99.98,80.05,60.11,48.15,40.18,20.25,48.15,79.73,28.61,20.25,Moderada,-17.061799999999998,-43.60105,36.27,3107307
3128402,312840,Guarani,MG,Sudeste,2025,7731,3,0,0,0,3.88,0.0,0.0,0.0,99.98,88.21,76.43,69.37,64.66,52.88,69.37,47.1,16.9,52.89,Alta,-21.365000000000002,-43.05485,16.68,3155405
3128303,312830,Guaranésia,MG,Sudeste,2025,19646,10,1,1,1,5.09,5.09,5.09,5.09,29.9,29.95,29.99,30.02,30.04,30.08,30.02,0.18,0.06,85.35,Moderada,-21.27955,-46.80515,0.0,3128303
3128501,312850,Guarará,MG,Sudeste,2025,3091,1,0,0,0,3.24,0.0,0.0,0.0,99.98,91.42,82.87,77.73,74.31,65.75,77.73,34.23,12.28,65.76,Muito alta,-21.76285,-43.0185,9.48,3106903
3128600,312860,Guarda-Mor,MG,Sudeste,2025,6687,3,1,1,1,4.49,14.95,14.95,14.95,6.23,15.03,23.84,29.12,32.64,41.45,29.12,35.22,12.64,64.78,Moderada,-17.7524,-47.1074,0.0,3128600
3128709,312870,Guaxupé,MG,Sudeste,2025,52744,10,2,2,1,1.9,3.79,3.79,1.9,37.07,49.53,62.0,69.48,74.47,86.93,69.48,49.87,17.89,50.13,Alta,-21.28465,-46.682649999999995,0.0,3128709
3128808,312880,Guidoval,MG,Sudeste,2025,7285,3,0,0,0,4.12,0.0,0.0,0.0,99.98,87.19,74.39,66.72,61.6,48.81,66.72,51.18,18.36,48.82,Alta,-21.18365,-42.7843,16.87,3142205
3128907,312890,Guimarânia,MG,Sudeste,2025,8880,5,0,0,0,5.63,0.0,0.0,0.0,99.98,80.43,60.89,49.16,41.34,21.79,49.16,78.19,28.06,21.8,Moderada,-18.7954,-46.74435,37.43,3166808
3129004,312900,Guiricema,MG,Sudeste,2025,7803,4,0,0,0,5.13,0.0,0.0,0.0,99.98,82.36,64.74,54.16,47.11,29.49,54.16,70.49,25.29,29.5,Alta,-21.0187,-42.701,15.25,3142205
3129103,312910,Gurinhatã,MG,Sudeste,2025,5154,3,1,1,1,5.82,19.4,19.4,19.4,3.39,7.4,11.4,13.8,15.4,19.4,13.8,16.01,5.75,83.02,Baixa,-19.05825,-49.8642,0.0,3129103
3129202,312920,Heliodora,MG,Sudeste,2025,6278,3,0,0,0,4.78,0.0,0.0,0.0,99.98,83.93,67.88,58.25,51.83,35.77,58.25,64.21,23.04,35.78,Alta,-22.0464,-45.5456,13.19,3113602
3129301,312930,Iapu,MG,Sudeste,2025,12583,2,0,0,0,1.59,0.0,0.0,0.0,99.98,97.59,95.21,93.77,92.82,90.43,93.77,9.55,3.43,90.45,Muito alta,-19.35155,-42.24425,22.64,3106309
3129400,312940,Ibertioga,MG,Sudeste,2025,5346,1,1,0,0,1.87,18.71,0.0,0.0,3.64,24.53,45.41,57.94,66.3,87.18,57.94,83.54,29.98,16.45,Alta,-21.4456,-43.95625,0.0,3129400
3129608,312960,Ibiaí,MG,Sudeste,2025,6172,4,1,0,0,6.48,16.2,0.0,0.0,5.39,7.24,9.1,10.22,10.96,12.82,10.22,7.43,2.67,89.53,Baixa,-16.834850000000003,-44.8143,0.0,3129608
3129657,312965,Ibiracatu,MG,Sudeste,2025,5113,4,0,0,0,7.82,0.0,0.0,0.0,99.98,76.61,53.23,39.21,29.86,6.48,39.21,93.5,33.55,6.48,Moderada,-15.65105,-44.153850000000006,23.52,3149150
3129707,312970,Ibiraci,MG,Sudeste,2025,10996,6,1,1,1,5.46,9.09,9.09,9.09,14.49,17.02,19.56,21.08,22.09,24.63,21.08,10.14,3.64,83.64,Baixa,-20.39015,-47.1057,0.0,3129707
3129806,312980,Ibirité,MG,Sudeste,2025,179582,29,1,1,1,1.61,0.56,0.56,0.56,51.16,60.9,70.64,76.49,80.39,90.13,76.49,38.97,13.98,60.25,Muito alta,-20.0236,-44.067350000000005,0.0,3129806
3129905,312990,Ibitiúra de Minas,MG,Sudeste,2025,3440,2,0,0,0,5.81,0.0,0.0,0.0,99.98,79.85,59.72,47.64,39.59,19.46,47.64,80.52,28.89,19.46,Moderada,-22.0672,-46.39995,18.04,3102605
3130002,313000,Ibituruna,MG,Sudeste,2025,2733,1,0,0,0,3.66,0.0,0.0,0.0,99.98,89.35,78.71,72.33,68.08,57.44,72.33,42.54,15.26,57.45,Alta,-21.174,-44.79259999999999,18.22,3108008
3129509,312950,Ibiá,MG,Sudeste,2025,22554,7,1,1,1,3.1,4.43,4.43,4.43,33.21,41.99,50.76,56.03,59.54,68.32,56.03,35.11,12.6,64.88,Alta,-19.61135,-46.58625,0.0,3129509
3130051,313005,Icaraí de Minas,MG,Sudeste,2025,10914,7,1,0,0,6.41,9.16,0.0,0.0,14.16,13.96,13.76,13.64,13.56,13.35,13.64,0.81,0.29,90.25,Baixa,-16.237099999999998,-44.8699,0.0,3130051
3130101,313010,Igarapé,MG,Sudeste,2025,49120,14,1,1,0,2.85,2.04,2.04,0.0,46.51,52.96,59.41,63.29,65.87,72.32,63.29,25.81,9.26,72.87,Alta,-20.05855,-44.323899999999995,0.0,3130101
3130200,313020,Igaratinga,MG,Sudeste,2025,11345,6,0,0,0,5.29,0.0,0.0,0.0,99.98,81.74,63.49,52.54,45.24,27.0,52.54,72.99,26.19,27.0,Alta,-19.97595,-44.714349999999996,18.09,3133808
3130309,313030,Iguatama,MG,Sudeste,2025,6782,4,1,1,0,5.9,14.74,14.74,0.0,6.5,9.49,12.48,14.28,15.48,18.47,14.28,11.97,4.3,85.13,Baixa,-20.13785,-45.761250000000004,0.0,3130309
3130408,313040,Ijaci,MG,Sudeste,2025,7358,5,0,0,0,6.8,0.0,0.0,0.0,99.98,77.66,55.33,41.94,33.01,10.68,41.94,89.3,32.04,10.68,Moderada,-21.174100000000003,-44.928200000000004,14.07,3138203
3130507,313050,Ilicínea,MG,Sudeste,2025,13248,6,1,1,1,4.53,7.55,7.55,7.55,18.6,24.09,29.58,32.88,35.07,40.57,32.88,21.97,7.88,76.05,Moderada,-20.9322,-45.8121,0.0,3130507
3130556,313055,Imbé de Minas,MG,Sudeste,2025,7244,4,0,0,0,5.52,0.0,0.0,0.0,99.98,80.88,61.78,50.31,42.67,23.57,50.31,76.41,27.42,23.57,Alta,-19.6357,-41.97515,17.06,3130903
3130606,313060,Inconfidentes,MG,Sudeste,2025,7537,2,0,0,0,2.65,0.0,0.0,0.0,99.98,93.99,88.0,84.41,82.01,76.02,84.41,23.96,8.6,76.03,Muito alta,-22.3434,-46.2798,13.32,3146008
3130655,313065,Indaiabira,MG,Sudeste,2025,6328,5,0,0,0,7.9,0.0,0.0,0.0,99.98,76.53,53.07,39.0,29.61,6.16,39.0,93.83,33.67,6.16,Moderada,-15.5705,-42.12885,27.78,3162708
3130705,313070,Indianópolis,MG,Sudeste,2025,6311,4,0,0,0,6.34,0.0,0.0,0.0,99.98,78.49,57.0,44.11,35.51,14.02,44.11,85.96,30.85,14.02,Moderada,-18.96815,-47.8638,33.74,3156403
3130804,313080,Ingaí,MG,Sudeste,2025,2632,3,0,0,0,11.4,0.0,0.0,0.0,99.98,75.26,50.55,35.72,25.83,1.11,35.72,98.87,35.48,1.11,Moderada,-21.42765,-44.9492,19.38,3138203
3130903,313090,Inhapim,MG,Sudeste,2025,22925,11,1,1,1,4.8,4.36,4.36,4.36,33.49,33.93,34.37,34.63,34.8,35.24,34.63,1.74,0.62,83.27,Moderada,-19.48435,-41.9487,0.0,3130903
3131000,313100,Inhaúma,MG,Sudeste,2025,6465,2,0,0,0,3.09,0.0,0.0,0.0,99.98,92.11,84.23,79.51,76.36,68.48,79.51,31.5,11.3,68.49,Muito alta,-19.500349999999997,-44.4242,14.93,3167202
3131109,313110,Inimutaba,MG,Sudeste,2025,7615,3,0,0,0,3.94,0.0,0.0,0.0,99.98,87.97,75.96,68.76,63.96,51.95,68.76,48.03,17.24,51.96,Alta,-18.74295,-44.273250000000004,16.65,3120904
3131158,313115,Ipaba,MG,Sudeste,2025,17587,3,0,0,0,1.71,0.0,0.0,0.0,99.98,97.29,94.6,92.98,91.9,89.21,92.98,10.77,3.86,89.23,Muito alta,-19.39165,-42.35525,17.12,3106309
3131208,313120,Ipanema,MG,Sudeste,2025,20181,9,2,2,2,4.46,9.91,9.91,9.91,11.81,19.31,26.8,31.3,34.29,41.79,31.3,29.98,10.76,69.69,Moderada,-19.75245,-41.749449999999996,0.0,3131208
3131307,313130,Ipatinga,MG,Sudeste,2025,235311,22,7,4,1,0.93,2.97,1.7,0.42,41.77,55.23,68.7,76.77,82.16,95.62,76.77,53.85,19.32,46.14,Muito alta,-19.44175,-42.604150000000004,0.0,3131307
3131406,313140,Ipiaçu,MG,Sudeste,2025,3807,2,0,0,0,5.25,0.0,0.0,0.0,99.98,81.86,63.73,52.86,45.61,27.48,52.86,72.5,26.01,27.49,Alta,-18.70745,-49.937200000000004,23.49,5209937
3131505,313150,Ipuiúna,MG,Sudeste,2025,9283,1,0,0,0,1.08,0.0,0.0,0.0,99.98,98.67,97.36,96.58,96.05,94.74,96.58,5.24,1.88,94.76,Muito alta,-22.00205,-46.15305,23.16,3110301
3131604,313160,Iraí de Minas,MG,Sudeste,2025,7467,4,0,0,0,5.36,0.0,0.0,0.0,99.98,81.46,62.93,51.82,44.41,25.88,51.82,74.1,26.59,25.89,Alta,-19.04905,-47.46725,16.04,3149200
3131703,313170,Itabira,MG,Sudeste,2025,118053,32,4,2,2,2.71,3.39,1.69,1.69,39.42,48.31,57.21,62.54,66.1,75.0,62.54,35.58,12.77,64.42,Alta,-19.604100000000003,-43.30015,0.0,3131703
3131802,313180,Itabirinha,MG,Sudeste,2025,10548,5,1,1,1,4.74,9.48,9.48,9.48,12.8,18.78,24.75,28.34,30.73,36.71,28.34,23.91,8.58,74.24,Moderada,-18.551499999999997,-41.2393,0.0,3131802
3131901,313190,Itabirito,MG,Sudeste,2025,56369,11,1,1,1,1.95,1.77,1.77,1.77,47.66,57.37,67.08,72.91,76.79,86.5,72.91,38.84,13.94,61.15,Alta,-20.25225,-43.797200000000004,0.0,3131901
3132008,313200,Itacambira,MG,Sudeste,2025,4227,2,0,0,0,4.73,0.0,0.0,0.0,99.98,84.19,68.39,58.91,52.59,36.8,58.91,63.18,22.67,36.8,Alta,-16.9109,-43.3434,52.52,3126703
3132107,313210,Itacarambi,MG,Sudeste,2025,17502,5,1,1,1,2.86,5.71,5.71,5.71,25.92,37.49,49.06,56.0,60.63,72.2,56.0,46.28,16.6,53.72,Alta,-15.206150000000001,-44.20795,0.0,3132107
3132206,313220,Itaguara,MG,Sudeste,2025,14415,6,1,1,1,4.16,6.94,6.94,6.94,21.4,28.03,34.67,38.65,41.31,47.94,38.65,26.55,9.53,73.09,Moderada,-20.3716,-44.53295,0.0,3132206
3132305,313230,Itaipé,MG,Sudeste,2025,10482,5,1,0,1,4.77,9.54,0.0,9.54,12.6,18.46,24.32,27.84,30.18,36.04,27.84,23.44,8.41,74.61,Moderada,-17.417949999999998,-41.664950000000005,0.0,3132305
3132404,313240,Itajubá,MG,Sudeste,2025,96855,23,2,2,2,2.37,2.06,2.06,2.06,46.44,54.99,63.53,68.66,72.08,80.63,68.66,34.19,12.27,65.8,Alta,-22.439500000000002,-45.39505,0.0,3132404
3132503,313250,Itamarandiba,MG,Sudeste,2025,34210,17,2,2,2,4.97,5.85,5.85,5.85,25.22,26.95,28.68,29.71,30.4,32.13,29.71,6.91,2.48,82.94,Moderada,-17.8482,-42.8787,0.0,3132503
3132602,313260,Itamarati de Minas,MG,Sudeste,2025,3710,3,0,0,0,8.09,0.0,0.0,0.0,99.98,76.44,52.91,38.79,29.37,5.83,38.79,94.15,33.78,5.83,Moderada,-21.427999999999997,-42.83785,22.11,3115300
3132701,313270,Itambacuri,MG,Sudeste,2025,21210,12,2,2,2,5.66,9.43,9.43,9.43,12.98,15.11,17.24,18.52,19.37,21.5,18.52,8.53,3.06,85.19,Baixa,-18.18575,-41.8299,0.0,3132701
3132800,313280,Itambé do Mato Dentro,MG,Sudeste,2025,2168,2,0,0,0,9.23,0.0,0.0,0.0,99.98,75.83,51.67,37.18,27.51,3.36,37.18,96.63,34.67,3.36,Moderada,-19.41055,-43.3562,19.95,3147501
3132909,313290,Itamogi,MG,Sudeste,2025,11092,5,1,1,1,4.51,9.02,9.02,9.02,14.67,21.24,27.82,31.77,34.4,40.98,31.77,26.31,9.44,72.53,Moderada,-21.08345,-47.041650000000004,0.0,3132909
3133006,313300,Itamonte,MG,Sudeste,2025,15245,7,1,1,1,4.59,6.56,6.56,6.56,23.05,27.12,31.19,33.63,35.26,39.33,33.63,16.28,5.84,78.67,Moderada,-22.2931,-44.7436,0.0,3133006
3133105,313310,Itanhandu,MG,Sudeste,2025,15751,6,3,3,1,3.81,19.05,19.05,6.35,3.54,16.23,28.93,36.54,41.62,54.32,36.54,50.78,18.22,49.21,Moderada,-22.329349999999998,-44.90945,0.0,3133105
3133204,313320,Itanhomi,MG,Sudeste,2025,11264,3,1,1,1,2.66,8.88,8.88,8.88,15.06,30.25,45.43,54.54,60.62,75.8,54.54,60.74,21.8,39.25,Alta,-19.14785,-41.8168,0.0,3133204
3133303,313330,Itaobim,MG,Sudeste,2025,19263,17,1,1,1,8.83,5.19,5.19,5.19,29.42,23.09,16.76,12.96,10.42,4.09,12.96,25.33,9.09,73.45,Baixa,-16.57855,-41.51825,0.0,3133303
3133402,313340,Itapagipe,MG,Sudeste,2025,14014,5,0,0,0,3.57,0.0,0.0,0.0,99.98,89.8,79.62,73.51,69.44,59.25,73.51,40.73,14.61,59.26,Alta,-19.759999999999998,-49.44445,45.84,3111101
3133501,313350,Itapecerica,MG,Sudeste,2025,21456,11,1,1,1,5.13,4.66,4.66,4.66,32.09,31.44,30.78,30.39,30.13,29.47,30.39,2.62,0.94,83.55,Moderada,-20.455,-45.10205,0.0,3133501
3133600,313360,Itapeva,MG,Sudeste,2025,13561,4,0,0,0,2.95,0.0,0.0,0.0,99.98,92.69,85.39,81.01,78.09,70.8,81.01,29.19,10.47,70.81,Muito alta,-22.70715,-46.216300000000004,13.15,3125101
3133709,313370,Itatiaiuçu,MG,Sudeste,2025,13779,8,0,0,0,5.81,0.0,0.0,0.0,99.98,79.86,59.75,47.68,39.63,19.51,47.68,80.47,28.87,19.52,Moderada,-20.20565,-44.45375,19.29,3133808
3133907,313390,Itaverava,MG,Sudeste,2025,5747,2,0,0,0,3.48,0.0,0.0,0.0,99.98,90.34,80.69,74.91,71.05,61.41,74.91,38.57,13.84,61.42,Alta,-20.67595,-43.594300000000004,15.65,3137908
3133758,313375,Itaú de Minas,MG,Sudeste,2025,14634,8,1,1,1,5.47,6.83,6.83,6.83,22.1,22.7,23.31,23.67,23.91,24.52,23.67,2.42,0.87,85.66,Baixa,-20.73575,-46.76835,0.0,3133758
3133808,313380,Itaúna,MG,Sudeste,2025,103272,23,2,2,1,2.23,1.94,1.94,0.97,46.96,55.93,64.91,70.29,73.88,82.86,70.29,35.9,12.88,64.09,Alta,-20.08025,-44.581500000000005,0.0,3133808
3134004,313400,Itinga,MG,Sudeste,2025,13954,6,1,0,0,4.3,7.17,0.0,0.0,19.83,26.18,32.52,36.32,38.86,45.2,36.32,25.36,9.1,73.48,Moderada,-16.60085,-41.85485,0.0,3134004
3134103,313410,Itueta,MG,Sudeste,2025,6234,3,0,0,0,4.81,0.0,0.0,0.0,99.98,83.72,67.46,57.7,51.19,34.93,57.7,65.05,23.34,34.94,Alta,-19.373150000000003,-41.10735,18.34,3154309
3134202,313420,Ituiutaba,MG,Sudeste,2025,106775,16,8,4,3,1.5,7.49,3.75,2.81,18.7,36.87,55.03,65.92,73.19,91.35,65.92,72.64,26.07,27.34,Alta,-18.982,-49.5343,0.0,3134202
3134301,313430,Itumirim,MG,Sudeste,2025,6876,2,0,0,0,2.91,0.0,0.0,0.0,99.98,92.82,85.66,81.36,78.5,71.33,81.36,28.65,10.28,71.35,Muito alta,-21.28,-44.828900000000004,19.94,3138203
3134400,313440,Iturama,MG,Sudeste,2025,40259,9,3,2,0,2.24,7.45,4.97,0.0,18.83,34.8,50.77,60.35,66.74,82.71,60.35,63.88,22.92,36.1,Alta,-19.71335,-50.38765,0.0,3134400
3134509,313450,Itutinga,MG,Sudeste,2025,4366,1,0,0,0,2.29,0.0,0.0,0.0,99.98,95.49,90.99,88.29,86.49,82.0,88.29,17.99,6.45,82.01,Muito alta,-21.3447,-44.7083,16.94,3114600
3134608,313460,Jaboticatubas,MG,Sudeste,2025,21407,5,1,1,1,2.34,4.67,4.67,4.67,31.93,44.27,56.61,64.02,68.96,81.3,64.02,49.36,17.71,50.63,Alta,-19.4247,-43.71505,0.0,3134608
3134707,313470,Jacinto,MG,Sudeste,2025,11115,6,1,1,1,5.4,9.0,9.0,9.0,14.74,17.4,20.06,21.66,22.72,25.38,21.66,10.64,3.82,83.3,Baixa,-16.18975,-40.31645,0.0,3134707
3134905,313490,Jacutinga,MG,Sudeste,2025,26888,8,1,1,1,2.98,3.72,3.72,3.72,37.59,45.81,54.04,58.97,62.26,70.49,58.97,32.9,11.81,67.09,Alta,-22.2848,-46.6038,0.0,3134905
3134806,313480,Jacuí,MG,Sudeste,2025,7668,4,1,0,0,5.22,13.04,0.0,0.0,7.86,12.93,18.0,21.05,23.07,28.15,21.05,20.28,7.28,77.81,Baixa,-21.02785,-46.752700000000004,0.0,3134806
3135001,313500,Jaguaraçu,MG,Sudeste,2025,3181,2,0,0,0,6.29,0.0,0.0,0.0,99.98,78.61,57.24,44.42,35.87,14.5,44.42,85.48,30.67,14.51,Moderada,-19.626800000000003,-42.71635,14.18,3168705
3135076,313507,Jampruca,MG,Sudeste,2025,4266,2,0,0,0,4.69,0.0,0.0,0.0,99.98,84.4,68.82,59.47,53.24,37.66,59.47,62.32,22.36,37.67,Alta,-18.47965,-41.7504,13.37,3126901
3135100,313510,Janaúba,MG,Sudeste,2025,73555,18,5,5,1,2.45,6.8,6.8,1.36,22.13,36.38,50.64,59.19,64.89,79.14,59.19,57.01,20.46,42.98,Alta,-15.728200000000001,-43.4123,0.0,3135100
3135209,313520,Januária,MG,Sudeste,2025,67123,25,2,2,1,3.72,2.98,2.98,1.49,41.72,45.31,48.9,51.05,52.49,56.08,51.05,14.36,5.15,77.27,Alta,-15.32055,-44.8615,0.0,3135209
3135308,313530,Japaraíba,MG,Sudeste,2025,4706,2,0,0,0,4.25,0.0,0.0,0.0,99.98,86.58,73.18,65.14,59.78,46.38,65.14,53.6,19.23,46.39,Alta,-20.13935,-45.532250000000005,10.63,3104205
3135357,313535,Japonvar,MG,Sudeste,2025,8385,6,1,0,0,7.16,11.93,0.0,0.0,9.14,9.02,8.91,8.84,8.8,8.69,8.84,0.45,0.16,93.12,Baixa,-15.9334,-44.3201,0.0,3135357
3135050,313505,Jaíba,MG,Sudeste,2025,39639,15,1,1,1,3.78,2.52,2.52,2.52,44.26,46.9,49.53,51.11,52.17,54.8,51.11,10.54,3.78,79.16,Alta,-15.250699999999998,-43.68915,0.0,3135050
3135407,313540,Jeceaba,MG,Sudeste,2025,6476,1,1,1,1,1.54,15.44,15.44,15.44,5.89,27.15,48.4,61.16,69.66,90.92,61.16,85.03,30.51,14.96,Alta,-20.559649999999998,-44.044349999999994,0.0,3135407
3135456,313545,Jenipapo de Minas,MG,Sudeste,2025,6072,4,0,0,0,6.59,0.0,0.0,0.0,99.98,78.05,56.11,42.95,34.18,12.24,42.95,87.74,31.48,12.24,Moderada,-17.18665,-42.21335,23.69,3126505
3135506,313550,Jequeri,MG,Sudeste,2025,12636,8,0,0,0,6.33,0.0,0.0,0.0,99.98,78.52,57.05,44.18,35.59,14.13,44.18,85.86,30.81,14.13,Moderada,-20.47515,-42.621849999999995,29.34,3100302
3135605,313560,Jequitaí,MG,Sudeste,2025,6379,5,0,0,0,7.84,0.0,0.0,0.0,99.98,76.57,53.16,39.11,29.75,6.34,39.11,93.65,33.6,6.34,Moderada,-17.20085,-44.4786,36.68,3170800
3135704,313570,Jequitibá,MG,Sudeste,2025,6142,3,0,0,0,4.88,0.0,0.0,0.0,99.98,83.41,66.85,56.91,50.28,33.71,56.91,66.27,23.78,33.72,Alta,-19.2078,-43.99965,37.01,3141108
3135803,313580,Jequitinhonha,MG,Sudeste,2025,24516,10,1,1,1,4.08,4.08,4.08,4.08,35.02,38.62,42.21,44.37,45.8,49.4,44.37,14.38,5.16,77.74,Moderada,-16.40185,-41.054249999999996,0.0,3135803
3135902,313590,Jesuânia,MG,Sudeste,2025,5320,3,0,0,0,5.64,0.0,0.0,0.0,99.98,80.41,60.83,49.09,41.26,21.68,49.09,78.3,28.09,21.69,Moderada,-22.0064,-45.285650000000004,9.16,3137809
3136108,313610,Joanésia,MG,Sudeste,2025,4246,2,0,0,0,4.71,0.0,0.0,0.0,99.98,84.29,68.6,59.18,52.9,37.21,59.18,62.77,22.52,37.22,Alta,-19.226599999999998,-42.7072,24.44,3119401
3136405,313640,Joaquim Felício,MG,Sudeste,2025,3868,4,0,0,0,10.34,0.0,0.0,0.0,99.98,75.52,51.05,36.37,26.58,2.12,36.37,97.86,35.12,2.12,Moderada,-17.6306,-44.12715,39.04,3123809
3136009,313600,Joaíma,MG,Sudeste,2025,14035,7,1,1,1,4.99,7.13,7.13,7.13,20.07,23.0,25.94,27.7,28.87,31.81,27.7,11.74,4.21,81.44,Moderada,-16.79745,-40.9906,0.0,3136009
3136504,313650,Jordânia,MG,Sudeste,2025,10541,6,1,1,1,5.69,9.49,9.49,9.49,12.76,14.83,16.89,18.13,18.96,21.02,18.13,8.26,2.96,85.44,Baixa,-15.87725,-40.31699999999999,0.0,3136504
3136579,313657,Josenópolis,MG,Sudeste,2025,3557,3,0,0,0,8.43,0.0,0.0,0.0,99.98,76.24,52.5,38.26,28.77,5.03,38.26,94.96,34.07,5.03,Moderada,-16.5198,-42.551,31.99,3171600
3136520,313652,José Gonçalves de Minas,MG,Sudeste,2025,3963,2,0,0,0,5.05,0.0,0.0,0.0,99.98,82.66,65.33,54.93,48.0,30.68,54.93,69.31,24.87,30.68,Alta,-16.907449999999997,-42.6549,16.26,3106507
3136553,313655,José Raydan,MG,Sudeste,2025,4349,3,0,0,0,6.9,0.0,0.0,0.0,99.98,77.49,54.99,41.49,32.49,10.0,41.49,89.98,32.29,10.0,Moderada,-18.25745,-42.48955,20.95,3158201
3136207,313620,João Monlevade,MG,Sudeste,2025,83791,14,2,2,1,1.67,2.39,2.39,1.19,44.95,56.1,67.26,73.95,78.42,89.57,73.95,44.62,16.01,55.37,Alta,-19.8395,-43.1562,0.0,3136207
3136306,313630,João Pinheiro,MG,Sudeste,2025,48725,17,2,2,2,3.49,4.1,4.1,4.1,34.82,41.42,48.01,51.96,54.6,61.19,51.96,26.37,9.46,71.44,Alta,-17.64275,-45.967650000000006,0.0,3136306
3136652,313665,Juatuba,MG,Sudeste,2025,33249,14,0,0,0,4.21,0.0,0.0,0.0,99.98,86.72,73.45,65.49,60.19,46.92,65.49,53.06,19.04,46.93,Alta,-19.95505,-44.3545,11.94,3130101
3136702,313670,Juiz de Fora,MG,Sudeste,2025,567730,61,29,24,6,1.07,5.11,4.23,1.06,29.8,46.05,62.3,72.06,78.56,94.81,72.06,65.02,23.33,34.97,Alta,-21.76475,-43.4205,0.0,3136702
3136801,313680,Juramento,MG,Sudeste,2025,3798,4,0,0,0,10.53,0.0,0.0,0.0,99.98,75.46,50.94,36.23,26.42,1.9,36.23,98.08,35.19,1.9,Moderada,-16.85005,-43.566950000000006,46.37,3126703
3136900,313690,Juruaia,MG,Sudeste,2025,11652,6,1,1,0,5.15,8.58,8.58,0.0,16.16,19.39,22.62,24.56,25.85,29.08,24.56,12.92,4.64,81.54,Baixa,-21.22895,-46.51665,0.0,3136900
3136959,313695,Juvenília,MG,Sudeste,2025,5937,2,1,0,0,3.37,16.84,0.0,0.0,4.9,19.48,34.06,42.81,48.64,63.22,42.81,58.32,20.93,41.67,Moderada,-14.405850000000001,-44.060249999999996,0.0,3136959
3137007,313700,Ladainha,MG,Sudeste,2025,14263,5,1,0,1,3.51,7.01,0.0,7.01,20.77,30.75,40.74,46.73,50.72,60.71,46.73,39.94,14.33,60.05,Moderada,-17.606450000000002,-41.838350000000005,0.0,3137007
3137106,313710,Lagamar,MG,Sudeste,2025,6622,6,1,0,0,9.06,15.1,0.0,0.0,6.16,5.53,4.9,4.52,4.27,3.64,4.52,2.51,0.9,94.7,Baixa,-18.029600000000002,-46.748549999999994,0.0,3137106
3137403,313740,Lagoa Dourada,MG,Sudeste,2025,13152,5,0,0,0,3.8,0.0,0.0,0.0,99.98,88.61,77.24,70.42,65.87,54.5,70.42,45.49,16.32,54.51,Alta,-20.89405,-44.06225,21.76,3123908
3137502,313750,Lagoa Formosa,MG,Sudeste,2025,19614,8,1,1,0,4.08,5.1,5.1,0.0,29.85,34.74,39.63,42.57,44.53,49.42,42.57,19.57,7.02,75.64,Moderada,-18.76095,-46.3013,0.0,3137502
3137536,313753,Lagoa Grande,MG,Sudeste,2025,9235,4,1,0,0,4.33,10.83,0.0,0.0,10.57,19.05,27.54,32.62,36.02,44.5,32.62,33.93,12.17,66.07,Moderada,-17.7497,-46.5037,0.0,3137536
3137601,313760,Lagoa Santa,MG,Sudeste,2025,81299,21,3,3,1,2.58,3.69,3.69,1.23,37.78,47.64,57.49,63.41,67.35,77.2,63.41,39.42,14.14,60.57,Alta,-19.6261,-43.8851,0.0,3137601
3137205,313720,Lagoa da Prata,MG,Sudeste,2025,53927,16,1,1,1,2.97,1.85,1.85,1.85,47.3,53.14,58.98,62.48,64.81,70.65,62.48,23.35,8.38,74.61,Alta,-20.000700000000002,-45.49365,0.0,3137205
3137304,313730,Lagoa dos Patos,MG,Sudeste,2025,3237,3,0,0,0,9.27,0.0,0.0,0.0,99.98,75.79,51.61,37.09,27.42,3.23,37.09,96.75,34.72,3.23,Moderada,-17.01315,-44.660799999999995,25.68,3129608
3137700,313770,Lajinha,MG,Sudeste,2025,21502,1,1,1,1,0.47,4.65,4.65,4.65,32.18,48.61,65.03,74.89,81.46,97.88,74.89,65.7,23.57,34.29,Alta,-20.120350000000002,-41.58435,0.0,3137700
3137809,313780,Lambari,MG,Sudeste,2025,21010,3,1,1,1,1.43,4.76,4.76,4.76,31.5,46.64,61.78,70.86,76.91,92.05,70.86,60.55,21.72,39.44,Alta,-21.9952,-45.37365,0.0,3137809
3137908,313790,Lamim,MG,Sudeste,2025,3213,1,1,0,0,3.11,31.12,0.0,0.0,0.83,17.69,34.54,44.66,51.4,68.26,44.66,67.44,24.2,32.55,Moderada,-20.77395,-43.4863,0.0,3137908
3138005,313800,Laranjal,MG,Sudeste,2025,6018,4,1,1,0,6.65,16.62,16.62,0.0,5.04,6.73,8.41,9.42,10.09,11.78,9.42,6.73,2.42,90.39,Baixa,-21.3525,-42.4563,0.0,3138005
3138104,313810,Lassance,MG,Sudeste,2025,7398,4,0,0,0,5.41,0.0,0.0,0.0,99.98,81.3,62.61,51.4,43.92,25.24,51.4,74.74,26.82,25.24,Alta,-17.8761,-44.6994,51.22,3170800
3138203,313820,Lavras,MG,Sudeste,2025,110682,22,8,7,2,1.99,7.23,6.32,1.81,19.48,36.12,52.77,62.76,69.42,86.07,62.76,66.59,23.9,33.39,Alta,-21.2666,-45.0208,0.0,3138203
3138302,313830,Leandro Ferreira,MG,Sudeste,2025,3272,1,0,0,0,3.06,0.0,0.0,0.0,99.98,92.28,84.58,79.96,76.88,69.18,79.96,30.8,11.05,69.19,Muito alta,-19.66805,-45.03805,18.67,3151404
3138351,313835,Leme do Prado,MG,Sudeste,2025,4364,2,0,0,0,4.58,0.0,0.0,0.0,99.98,84.88,69.78,60.72,54.68,39.58,60.72,60.4,21.67,39.59,Alta,-17.0622,-42.72665,24.21,3169703
3138401,313840,Leopoldina,MG,Sudeste,2025,52739,18,1,1,1,3.41,1.9,1.9,1.9,47.12,50.96,54.81,57.12,58.66,62.5,57.12,15.38,5.52,81.2,Alta,-21.54665,-42.66015,0.0,3138401
3138500,313850,Liberdade,MG,Sudeste,2025,4744,2,0,0,0,4.22,0.0,0.0,0.0,99.98,86.7,73.42,65.46,60.15,46.87,65.46,53.11,19.06,46.88,Alta,-22.01095,-44.33255,23.75,3107505
3138609,313860,Lima Duarte,MG,Sudeste,2025,17782,7,1,1,1,3.94,5.62,5.62,5.62,26.53,32.9,39.27,43.09,45.63,52.0,43.09,25.47,9.14,72.66,Moderada,-21.8,-43.86645,0.0,3138609
3138625,313862,Limeira do Oeste,MG,Sudeste,2025,9191,3,0,0,0,3.26,0.0,0.0,0.0,99.98,91.28,82.58,77.36,73.88,65.18,77.36,34.81,12.49,65.19,Muito alta,-19.4132,-50.665099999999995,33.7,3170438
3138658,313865,Lontra,MG,Sudeste,2025,8963,5,1,0,0,5.58,11.16,0.0,0.0,10.12,13.26,16.4,18.28,19.53,22.67,18.28,12.55,4.5,83.48,Baixa,-15.84105,-44.26765,0.0,3138658
3138674,313867,Luisburgo,MG,Sudeste,2025,7239,4,0,0,0,5.53,0.0,0.0,0.0,99.98,80.86,61.73,50.25,42.6,23.48,50.25,76.5,27.45,23.48,Alta,-20.43495,-42.070949999999996,17.07,3139508
3138682,313868,Luislândia,MG,Sudeste,2025,6323,3,0,0,0,4.74,0.0,0.0,0.0,99.98,84.14,68.3,58.8,52.46,36.62,58.8,63.36,22.74,36.62,Alta,-16.19725,-44.60295,15.28,3108602
3138708,313870,Luminárias,MG,Sudeste,2025,5744,3,0,0,0,5.22,0.0,0.0,0.0,99.98,81.98,63.97,53.17,45.97,27.97,53.17,72.02,25.84,27.97,Alta,-21.52535,-44.9025,27.58,3120805
3138807,313880,Luz,MG,Sudeste,2025,18336,5,1,1,1,2.73,5.45,5.45,5.45,27.82,39.54,51.25,58.27,62.96,74.67,58.27,46.85,16.81,53.14,Alta,-19.864199999999997,-45.701049999999995,0.0,3138807
3138906,313890,Machacalis,MG,Sudeste,2025,6556,4,1,1,1,6.1,15.25,15.25,15.25,6.09,8.65,11.21,12.75,13.77,16.33,12.75,10.25,3.68,86.73,Baixa,-17.0839,-40.71125,0.0,3138906
3139003,313900,Machado,MG,Sudeste,2025,38809,15,1,1,1,3.87,2.58,2.58,2.58,43.96,46.25,48.54,49.91,50.83,53.11,49.91,9.15,3.28,79.96,Moderada,-21.6772,-45.9098,0.0,3139003
3139102,313910,Madre de Deus de Minas,MG,Sudeste,2025,5360,2,0,0,0,3.73,0.0,0.0,0.0,99.98,88.97,77.95,71.34,66.93,55.91,71.34,44.07,15.81,55.92,Alta,-21.491500000000002,-44.3403,18.3,3150307
3139201,313920,Malacacheta,MG,Sudeste,2025,17691,8,1,1,1,4.52,5.65,5.65,5.65,26.42,29.99,33.57,35.71,37.14,40.71,35.71,14.29,5.13,79.3,Moderada,-17.85685,-42.099599999999995,0.0,3139201
3139250,313925,Mamonas,MG,Sudeste,2025,6082,2,0,0,0,3.29,0.0,0.0,0.0,99.98,91.2,82.42,77.15,73.64,64.85,77.15,35.13,12.6,64.87,Muito alta,-15.014700000000001,-42.94475,13.58,3124302
3139300,313930,Manga,MG,Sudeste,2025,19148,7,1,1,1,3.66,5.22,5.22,5.22,29.15,36.25,43.35,47.61,50.45,57.55,47.61,28.4,10.19,70.79,Moderada,-14.672049999999999,-44.10825,0.0,3139300
3139409,313940,Manhuaçu,MG,Sudeste,2025,97328,27,3,2,1,2.77,3.08,2.05,1.03,41.14,49.3,57.47,62.36,65.63,73.79,62.36,32.65,11.72,67.34,Alta,-20.1833,-42.08525,0.0,3139409
3139508,313950,Manhumirim,MG,Sudeste,2025,20939,9,1,1,1,4.3,4.78,4.78,4.78,31.39,34.85,38.31,40.39,41.77,45.23,40.39,13.84,4.97,78.71,Moderada,-20.35085,-41.933899999999994,0.0,3139508
3139607,313960,Mantena,MG,Sudeste,2025,27350,13,2,2,2,4.75,7.31,7.31,7.31,19.24,23.52,27.8,30.37,32.09,36.37,30.37,17.12,6.14,78.99,Moderada,-18.682299999999998,-41.09075,0.0,3139607
3139805,313980,Mar de Espanha,MG,Sudeste,2025,13180,3,1,1,1,2.28,7.59,7.59,7.59,18.51,34.43,50.36,59.91,66.29,82.21,59.91,63.7,22.86,36.28,Alta,-21.864449999999998,-43.01455,0.0,3139805
3139706,313970,Maravilhas,MG,Sudeste,2025,7532,3,0,0,0,3.98,0.0,0.0,0.0,99.98,87.78,75.57,68.25,63.36,51.16,68.25,48.82,17.52,51.17,Alta,-19.51435,-44.666650000000004,23.93,3151404
3139904,313990,Maria da Fé,MG,Sudeste,2025,14567,7,1,1,1,4.81,6.86,6.86,6.86,21.92,25.23,28.54,30.53,31.85,35.16,30.53,13.25,4.75,80.63,Moderada,-22.31925,-45.31185,0.0,3139904
3140001,314000,Mariana,MG,Sudeste,2025,64506,25,1,1,1,3.88,1.55,1.55,1.55,48.59,49.68,50.77,51.43,51.86,52.95,51.43,4.36,1.57,83.41,Alta,-20.3355,-43.3283,0.0,3140001
3140100,314010,Marilac,MG,Sudeste,2025,4323,2,0,0,0,4.63,0.0,0.0,0.0,99.98,84.66,69.34,60.15,54.02,38.7,60.15,61.28,21.99,38.71,Alta,-18.50095,-42.055949999999996,19.76,3126901
3140209,314020,Maripá de Minas,MG,Sudeste,2025,3567,2,0,0,0,5.61,0.0,0.0,0.0,99.98,80.54,61.1,49.44,41.66,22.22,49.44,77.76,27.9,22.23,Moderada,-21.691499999999998,-42.9642,12.6,3162906
3140308,314030,Marliéria,MG,Sudeste,2025,4796,3,0,0,0,6.26,0.0,0.0,0.0,99.98,78.7,57.41,44.64,36.13,14.84,44.64,85.14,30.55,14.85,Moderada,-19.68275,-42.64555,15.03,3168705
3140407,314040,Marmelópolis,MG,Sudeste,2025,3314,2,0,0,0,6.04,0.0,0.0,0.0,99.98,79.26,58.54,46.11,37.83,17.11,46.11,82.88,29.74,17.11,Moderada,-22.46565,-45.1719,14.43,3171709
3140506,314050,Martinho Campos,MG,Sudeste,2025,14546,5,1,1,1,3.44,6.87,6.87,6.87,21.79,31.9,42.01,48.08,52.12,62.23,48.08,40.44,14.51,59.55,Moderada,-19.393250000000002,-45.1992,0.0,3140506
3140530,314053,Martins Soares,MG,Sudeste,2025,8797,1,0,0,0,1.14,0.0,0.0,0.0,99.98,98.55,97.12,96.26,95.69,94.26,96.26,5.73,2.05,94.27,Muito alta,-20.25445,-41.83625,14.79,3139508
3140555,314055,Mata Verde,MG,Sudeste,2025,9532,2,0,0,0,2.1,0.0,0.0,0.0,99.98,96.18,92.37,90.09,88.57,84.76,90.09,15.22,5.46,84.78,Muito alta,-15.7574,-40.72665,22.15,3122454
3140605,314060,Materlândia,MG,Sudeste,2025,3949,2,0,0,0,5.06,0.0,0.0,0.0,99.98,82.59,65.2,54.77,47.81,30.43,54.77,69.56,24.96,30.43,Alta,-18.4655,-43.019149999999996,20.58,3156809
3140704,314070,Mateus Leme,MG,Sudeste,2025,40814,15,1,1,1,3.68,2.45,2.45,2.45,44.64,47.76,50.87,52.74,53.98,57.1,52.74,12.46,4.47,79.57,Alta,-20.0319,-44.442750000000004,0.0,3140704
3171501,317150,Mathias Lobato,MG,Sudeste,2025,3053,4,0,0,0,13.1,0.0,0.0,0.0,99.98,75.12,50.25,35.33,25.39,0.52,35.33,99.46,35.69,0.52,Moderada,-18.59775,-41.919,10.05,3126901
3140803,314080,Matias Barbosa,MG,Sudeste,2025,14547,5,0,0,0,3.44,0.0,0.0,0.0,99.98,90.55,81.12,75.46,71.68,62.25,75.46,37.73,13.54,62.26,Muito alta,-21.86985,-43.30715,16.54,3136702
3140852,314085,Matias Cardoso,MG,Sudeste,2025,8922,6,0,0,0,6.72,0.0,0.0,0.0,99.98,77.79,55.6,42.29,33.41,11.22,42.29,88.76,31.85,11.22,Moderada,-14.83785,-43.75664999999999,42.06,3139300
3140902,314090,Matipó,MG,Sudeste,2025,19115,12,1,1,1,6.28,5.23,5.23,5.23,29.01,25.41,21.81,19.65,18.21,14.61,19.65,14.4,5.17,77.49,Baixa,-20.3033,-42.306,0.0,3140902
3141009,314100,Mato Verde,MG,Sudeste,2025,12210,5,0,0,0,4.1,0.0,0.0,0.0,99.98,87.27,74.56,66.94,61.86,49.15,66.94,50.83,18.24,49.16,Alta,-15.45495,-42.891850000000005,29.36,3142908
3141108,314110,Matozinhos,MG,Sudeste,2025,39529,12,1,1,1,3.04,2.53,2.53,2.53,44.19,50.53,56.86,60.66,63.19,69.52,60.66,25.33,9.09,73.79,Alta,-19.5335,-44.0725,0.0,3141108
3141207,314120,Matutina,MG,Sudeste,2025,3912,2,1,0,0,5.11,25.56,0.0,0.0,1.53,8.61,15.7,19.95,22.78,29.87,19.95,28.34,10.17,71.65,Baixa,-19.18375,-45.971900000000005,0.0,3141207
3141306,314130,Medeiros,MG,Sudeste,2025,4068,2,0,0,0,4.92,0.0,0.0,0.0,99.98,83.26,66.54,56.51,49.82,33.1,56.51,66.88,24.0,33.11,Alta,-20.0217,-46.3707,22.66,3164308
3141405,314140,Medina,MG,Sudeste,2025,20455,9,1,1,1,4.4,4.89,4.89,4.89,30.87,33.92,36.96,38.78,40.0,43.04,38.78,12.17,4.37,79.71,Moderada,-16.31015,-41.50165,0.0,3141405
3141504,314150,Mendes Pimentel,MG,Sudeste,2025,5614,3,1,1,1,5.34,17.81,17.81,17.81,4.16,9.66,15.16,18.46,20.66,26.15,18.46,21.99,7.89,77.58,Baixa,-18.60745,-41.368700000000004,0.0,3141504
3141603,314160,Mercês,MG,Sudeste,2025,10615,5,1,1,1,4.71,9.42,9.42,9.42,13.07,19.1,25.14,28.76,31.17,37.21,28.76,24.14,8.66,74.08,Moderada,-21.1774,-43.34555,0.0,3141603
3141702,314170,Mesquita,MG,Sudeste,2025,4984,3,0,0,0,6.02,0.0,0.0,0.0,99.98,79.3,58.62,46.21,37.93,17.25,46.21,82.73,29.69,17.25,Moderada,-19.25025,-42.60825,18.14,3106309
3141801,314180,Minas Novas,MG,Sudeste,2025,23843,13,1,1,1,5.45,4.19,4.19,4.19,34.25,31.87,29.5,28.08,27.13,24.75,28.08,9.5,3.41,79.41,Moderada,-17.356749999999998,-42.39345,0.0,3141801
3141900,314190,Minduri,MG,Sudeste,2025,3811,3,1,1,1,7.87,26.24,26.24,26.24,1.44,2.63,3.83,4.55,5.03,6.23,4.55,4.79,1.72,94.33,Baixa,-21.6753,-44.59985,0.0,3141900
3142007,314200,Mirabela,MG,Sudeste,2025,14071,8,1,1,1,5.69,7.11,7.11,7.11,20.21,20.43,20.65,20.78,20.87,21.09,20.78,0.88,0.32,86.91,Baixa,-16.2584,-44.14495,0.0,3142007
3142106,314210,Miradouro,MG,Sudeste,2025,8961,5,0,0,0,5.58,0.0,0.0,0.0,99.98,80.65,61.32,49.72,41.99,22.65,49.72,77.33,27.75,22.66,Moderada,-20.8544,-42.3869,19.99,3125952
3142254,314225,Miravânia,MG,Sudeste,2025,3982,4,1,0,0,10.05,25.11,0.0,0.0,1.6,1.8,1.99,2.11,2.19,2.39,2.11,0.79,0.28,97.9,Baixa,-14.7501,-44.4095,0.0,3142254
3142205,314220,Miraí,MG,Sudeste,2025,13921,5,1,1,1,3.59,7.18,7.18,7.18,19.66,29.42,39.19,45.04,48.95,58.71,45.04,39.06,14.02,60.93,Moderada,-21.1383,-42.62905,0.0,3142205
3142304,314230,Moeda,MG,Sudeste,2025,5314,2,0,0,0,3.76,0.0,0.0,0.0,99.98,88.78,77.57,70.85,66.37,55.16,70.85,44.82,16.08,55.17,Alta,-20.329500000000003,-44.004400000000004,9.84,3106408
3142403,314240,Moema,MG,Sudeste,2025,7812,4,1,1,1,5.12,12.8,12.8,12.8,8.17,13.53,18.89,22.11,24.26,29.62,22.11,21.45,7.7,76.71,Baixa,-19.8462,-45.39735,0.0,3142403
3142502,314250,Monjolos,MG,Sudeste,2025,2187,1,0,0,0,4.57,0.0,0.0,0.0,99.98,84.94,69.9,60.87,54.86,39.81,60.87,60.17,21.59,39.82,Alta,-18.39395,-44.010450000000006,19.09,3127602
3142601,314260,Monsenhor Paulo,MG,Sudeste,2025,8565,4,1,1,1,4.67,11.68,11.68,11.68,9.5,16.62,23.74,28.01,30.86,37.98,28.01,28.49,10.22,71.13,Moderada,-21.73555,-45.47965,0.0,3142601
3142700,314270,Montalvânia,MG,Sudeste,2025,14068,9,1,1,1,6.4,7.11,7.11,7.11,20.19,18.51,16.82,15.81,15.13,13.44,15.81,6.75,2.42,84.81,Baixa,-14.4764,-44.49285,0.0,3142700
3142809,314280,Monte Alegre de Minas,MG,Sudeste,2025,20708,6,1,1,1,2.9,4.83,4.83,4.83,31.14,41.22,51.3,57.35,61.38,71.46,57.35,40.32,14.47,59.68,Alta,-18.814,-48.8936,0.0,3142809
3142908,314290,Monte Azul,MG,Sudeste,2025,20497,15,1,1,1,7.32,4.88,4.88,4.88,30.95,25.22,19.48,16.05,13.75,8.02,16.05,22.92,8.22,73.55,Baixa,-15.21785,-43.012299999999996,0.0,3142908
3143005,314300,Monte Belo,MG,Sudeste,2025,13347,8,1,1,1,5.99,7.49,7.49,7.49,18.72,18.41,18.09,17.91,17.78,17.47,17.91,1.26,0.45,87.56,Baixa,-21.30555,-46.325950000000006,0.0,3143005
3143104,314310,Monte Carmelo,MG,Sudeste,2025,49500,13,3,3,3,2.63,6.06,6.06,6.06,24.48,37.51,50.54,58.35,63.57,76.59,58.35,52.11,18.7,47.88,Alta,-18.71535,-47.49565,0.0,3143104
3143153,314315,Monte Formoso,MG,Sudeste,2025,4437,4,0,0,0,9.02,0.0,0.0,0.0,99.98,75.92,51.86,37.42,27.8,3.73,37.42,96.25,34.54,3.73,Moderada,-16.87725,-41.2562,29.63,3136009
3143203,314320,Monte Santo de Minas,MG,Sudeste,2025,21294,8,1,1,1,3.76,4.7,4.7,4.7,31.72,37.64,43.56,47.12,49.49,55.41,47.12,23.69,8.5,73.14,Moderada,-21.20485,-46.95195,0.0,3143203
3143401,314340,Monte Sião,MG,Sudeste,2025,25107,1,0,0,0,0.4,0.0,0.0,0.0,99.98,99.49,98.99,98.7,98.5,98.01,98.7,1.97,0.71,98.03,Muito alta,-22.4313,-46.54485,17.38,3134905
3143302,314330,Montes Claros,MG,Sudeste,2025,437601,140,21,16,4,3.2,4.8,3.66,0.91,31.25,40.06,48.86,54.14,57.66,66.47,54.14,35.22,12.64,64.78,Alta,-16.61625,-43.939350000000005,0.0,3143302
3143450,314345,Montezuma,MG,Sudeste,2025,6951,5,0,0,0,7.19,0.0,0.0,0.0,99.98,77.13,54.28,40.57,31.43,8.58,40.57,91.4,32.8,8.58,Moderada,-15.205950000000001,-42.4566,29.87,2921807
3143500,314350,Morada Nova de Minas,MG,Sudeste,2025,9414,5,1,0,1,5.31,10.62,0.0,10.62,10.93,14.88,18.82,21.19,22.77,26.71,21.19,15.78,5.66,80.95,Baixa,-18.563000000000002,-45.40375,0.0,3143500
3143609,314360,Morro da Garça,MG,Sudeste,2025,2426,1,0,0,0,4.12,0.0,0.0,0.0,99.98,87.18,74.38,66.69,61.57,48.77,66.69,51.21,18.38,48.78,Alta,-18.62825,-44.6423,26.26,3120904
3143708,314370,Morro do Pilar,MG,Sudeste,2025,3161,2,0,0,0,6.33,0.0,0.0,0.0,99.98,78.54,57.09,44.22,35.64,14.2,44.22,85.78,30.78,14.2,Moderada,-19.2177,-43.40425,28.9,3147501
3143807,314380,Munhoz,MG,Sudeste,2025,7930,3,0,0,0,3.78,0.0,0.0,0.0,99.98,88.69,77.4,70.63,66.11,54.82,70.63,45.16,16.21,54.83,Alta,-22.6355,-46.291399999999996,17.18,3109105
3143906,314390,Muriaé,MG,Sudeste,2025,108447,40,6,6,2,3.69,5.53,5.53,1.84,27.23,34.64,42.05,46.49,49.46,56.87,46.49,29.64,10.63,70.14,Moderada,-21.0867,-42.41,0.0,3143906
3144003,314400,Mutum,MG,Sudeste,2025,28749,12,1,1,1,4.17,3.48,3.48,3.48,38.97,41.14,43.31,44.62,45.49,47.66,44.62,8.69,3.12,80.61,Moderada,-19.9322,-41.4678,0.0,3144003
3144102,314410,Muzambinho,MG,Sudeste,2025,22620,8,1,1,1,3.54,4.42,4.42,4.42,33.3,39.98,46.67,50.68,53.36,60.04,50.68,26.75,9.6,71.22,Alta,-21.36305,-46.524249999999995,0.0,3144102
3140159,314015,Mário Campos,MG,Sudeste,2025,16705,5,0,0,0,2.99,0.0,0.0,0.0,99.98,92.52,85.07,80.59,77.61,70.15,80.59,29.83,10.7,70.16,Muito alta,-20.07325,-44.167249999999996,4.84,3165537
3144201,314420,Nacip Raydan,MG,Sudeste,2025,2400,1,0,0,0,4.17,0.0,0.0,0.0,99.98,86.96,73.95,66.13,60.93,47.91,66.13,52.07,18.68,47.92,Alta,-18.47945,-42.18385,32.48,3158201
3144300,314430,Nanuque,MG,Sudeste,2025,35263,4,2,2,2,1.13,5.67,5.67,5.67,26.3,43.3,60.3,70.51,77.31,94.31,70.51,68.01,24.4,31.97,Alta,-17.73555,-40.5052,0.0,3144300
3144359,314435,Naque,MG,Sudeste,2025,6443,5,0,0,0,7.76,0.0,0.0,0.0,99.98,76.62,53.27,39.25,29.91,6.55,39.25,93.43,33.52,6.55,Moderada,-19.1751,-42.32655,14.68,3106309
3144375,314437,Natalândia,MG,Sudeste,2025,3642,1,0,0,0,2.75,0.0,0.0,0.0,99.98,93.57,87.16,83.31,80.74,74.33,83.31,25.65,9.2,74.34,Muito alta,-16.5383,-46.47,28.51,3108206
3144409,314440,Natércia,MG,Sudeste,2025,4805,4,0,0,0,8.32,0.0,0.0,0.0,99.98,76.32,52.67,38.47,29.01,5.35,38.47,94.63,33.96,5.35,Moderada,-22.145400000000002,-45.490449999999996,11.68,3149101
3144508,314450,Nazareno,MG,Sudeste,2025,8407,4,1,0,1,4.76,11.89,0.0,11.89,9.17,15.95,22.72,26.79,29.5,36.28,26.79,27.1,9.73,72.23,Moderada,-21.2169,-44.599450000000004,0.0,3144508
3144607,314460,Nepomuceno,MG,Sudeste,2025,25757,8,1,1,1,3.11,3.88,3.88,3.88,36.62,44.53,52.45,57.2,60.37,68.28,57.2,31.66,11.36,68.33,Alta,-21.211399999999998,-45.26885,0.0,3144607
3144656,314465,Ninheira,MG,Sudeste,2025,10965,5,0,0,0,4.56,0.0,0.0,0.0,99.98,85.0,70.02,61.04,55.04,40.06,61.04,59.92,21.5,40.07,Alta,-15.313400000000001,-41.622299999999996,28.0,2931806
3144672,314467,Nova Belém,MG,Sudeste,2025,3126,4,0,0,0,12.8,0.0,0.0,0.0,99.98,75.13,50.29,35.38,25.44,0.59,35.38,99.39,35.66,0.59,Moderada,-18.48875,-41.1053,7.46,3200169
3144706,314470,Nova Era,MG,Sudeste,2025,17813,5,1,1,1,2.81,5.61,5.61,5.61,26.64,38.27,49.91,56.89,61.55,73.18,56.89,46.54,16.7,53.45,Alta,-19.69625,-43.00925,0.0,3144706
3144805,314480,Nova Lima,MG,Sudeste,2025,120959,22,9,6,3,1.82,7.44,4.96,2.48,18.85,36.11,53.37,63.72,70.62,87.88,63.72,69.04,24.77,30.95,Alta,-20.075049999999997,-43.89205,0.0,3144805
3144904,314490,Nova Módica,MG,Sudeste,2025,3726,1,0,0,0,2.68,0.0,0.0,0.0,99.98,93.85,87.71,84.03,81.58,75.44,84.03,24.54,8.8,75.46,Muito alta,-18.439,-41.521950000000004,24.74,3141504
3145000,314500,Nova Ponte,MG,Sudeste,2025,15220,4,1,1,1,2.63,6.57,6.57,6.57,22.98,36.37,49.77,57.8,63.16,76.56,57.8,53.58,19.23,46.41,Alta,-19.24495,-47.71145,0.0,3145000
3145059,314505,Nova Porteirinha,MG,Sudeste,2025,6746,1,0,0,0,1.48,0.0,0.0,0.0,99.98,97.85,95.73,94.45,93.6,91.47,94.45,8.51,3.05,91.49,Muito alta,-15.71725,-43.27465,14.78,3135100
3145109,314510,Nova Resende,MG,Sudeste,2025,16919,9,1,1,1,5.32,5.91,5.91,5.91,25.0,25.39,25.79,26.02,26.18,26.57,26.02,1.56,0.56,85.4,Moderada,-21.0785,-46.42215,0.0,3145109
3145208,314520,Nova Serrana,MG,Sudeste,2025,114791,25,2,1,1,2.18,1.74,0.87,0.87,47.87,56.81,65.75,71.11,74.69,83.63,71.11,35.76,12.83,64.24,Alta,-19.859099999999998,-45.0002,0.0,3145208
3136603,313660,Nova União,MG,Sudeste,2025,6107,2,0,0,0,3.27,0.0,0.0,0.0,99.98,91.24,82.49,77.24,73.74,65.0,77.24,34.98,12.55,65.01,Muito alta,-19.6328,-43.58095,27.07,3134608
3145307,314530,Novo Cruzeiro,MG,Sudeste,2025,27268,10,1,1,1,3.67,3.67,3.67,3.67,38.05,42.86,47.66,50.54,52.46,57.26,50.54,19.21,6.89,74.99,Alta,-17.3701,-41.96165,0.0,3145307
3145356,314535,Novo Oriente de Minas,MG,Sudeste,2025,10503,6,0,0,0,5.71,0.0,0.0,0.0,99.98,80.2,60.41,48.54,40.63,20.84,48.54,79.14,28.4,20.84,Moderada,-17.24005,-41.21145,33.1,3100906
3145372,314537,Novorizonte,MG,Sudeste,2025,4612,4,0,0,0,8.67,0.0,0.0,0.0,99.98,76.08,52.17,37.83,28.27,4.36,37.83,95.62,34.31,4.36,Moderada,-16.0043,-42.4063,27.63,3155603
3145406,314540,Olaria,MG,Sudeste,2025,1986,1,0,0,0,5.04,0.0,0.0,0.0,99.98,82.72,65.46,55.1,48.19,30.93,55.1,69.05,24.78,30.93,Alta,-21.9088,-43.97585,14.85,3107505
3145455,314545,Olhos-d'Água,MG,Sudeste,2025,5530,3,0,0,0,5.42,0.0,0.0,0.0,99.98,81.25,62.51,51.27,43.78,25.04,51.27,74.94,26.89,25.04,Alta,-17.54955,-43.547349999999994,18.56,3107307
3145604,314560,Oliveira,MG,Sudeste,2025,40576,15,1,1,1,3.7,2.46,2.46,2.46,44.55,47.56,50.57,52.37,53.57,56.58,52.37,12.03,4.32,79.25,Alta,-20.7538,-44.69445,0.0,3145604
3145703,314570,Oliveira Fortes,MG,Sudeste,2025,2058,1,0,0,0,4.86,0.0,0.0,0.0,99.98,83.51,67.04,57.16,50.57,34.11,57.16,65.88,23.64,34.11,Alta,-21.32815,-43.5275,17.3,3160702
3145505,314550,Olímpio Noronha,MG,Sudeste,2025,2618,1,0,0,0,3.82,0.0,0.0,0.0,99.98,88.51,77.03,70.15,65.56,54.08,70.15,45.9,16.47,54.09,Alta,-22.08645,-45.2866,13.52,3114105
3145802,314580,Onça de Pitangui,MG,Sudeste,2025,3024,1,0,0,0,3.31,0.0,0.0,0.0,99.98,91.11,82.24,76.92,73.37,64.49,76.92,35.49,12.73,64.51,Muito alta,-19.69795,-44.7379,19.28,3151404
3145851,314585,Oratórios,MG,Sudeste,2025,5102,2,0,0,0,3.92,0.0,0.0,0.0,99.98,88.05,76.13,68.97,64.2,52.27,68.97,47.71,17.12,52.28,Alta,-20.4253,-42.7932,12.36,3152105
3145877,314587,Orizânia,MG,Sudeste,2025,8828,3,0,0,0,3.4,0.0,0.0,0.0,99.98,90.67,81.37,75.78,72.06,62.75,75.78,37.23,13.36,62.76,Muito alta,-20.51345,-42.2166,7.31,3122009
3145901,314590,Ouro Branco,MG,Sudeste,2025,40638,21,2,2,2,5.17,4.92,4.92,4.92,30.66,30.18,29.71,29.42,29.23,28.76,29.42,1.9,0.68,84.2,Moderada,-20.5265,-43.689949999999996,0.0,3145901
3146008,314600,Ouro Fino,MG,Sudeste,2025,33285,11,1,1,1,3.3,3.0,3.0,3.0,41.57,47.32,53.07,56.52,58.82,64.57,56.52,22.99,8.25,76.03,Alta,-22.2669,-46.37945,0.0,3146008
3146107,314610,Ouro Preto,MG,Sudeste,2025,77914,26,3,1,1,3.34,3.85,1.28,1.28,36.78,43.54,50.31,54.36,57.07,63.83,54.36,27.05,9.71,71.35,Alta,-20.3966,-43.66675,0.0,3146107
3146206,314620,Ouro Verde de Minas,MG,Sudeste,2025,5847,6,0,0,0,10.26,0.0,0.0,0.0,99.98,75.53,51.08,36.41,26.62,2.17,36.41,97.81,35.1,2.17,Moderada,-18.03425,-41.295100000000005,28.47,3104700
3146255,314625,Padre Carvalho,MG,Sudeste,2025,5045,2,0,0,0,3.96,0.0,0.0,0.0,99.98,87.86,75.74,68.47,63.62,51.5,68.47,48.48,17.4,51.51,Alta,-16.308799999999998,-42.59675,44.24,3127800
3146305,314630,Padre Paraíso,MG,Sudeste,2025,17463,9,1,1,1,5.15,5.73,5.73,5.73,25.83,26.62,27.4,27.87,28.19,28.97,27.87,3.14,1.13,84.47,Moderada,-17.05435,-41.5317,0.0,3146305
3146552,314655,Pai Pedro,MG,Sudeste,2025,5616,2,0,0,0,3.56,0.0,0.0,0.0,99.98,89.85,79.72,73.64,69.58,59.45,73.64,40.53,14.54,59.46,Alta,-15.34755,-43.12135,18.57,3142908
3146404,314640,Paineiras,MG,Sudeste,2025,4253,3,0,0,0,7.05,0.0,0.0,0.0,99.98,77.28,54.59,40.97,31.89,9.19,40.97,90.79,32.58,9.19,Moderada,-18.90285,-45.44185,22.8,3100203
3146503,314650,Pains,MG,Sudeste,2025,8353,3,1,1,1,3.59,11.97,11.97,11.97,9.1,21.51,33.92,41.36,46.32,58.73,41.36,49.63,17.81,50.36,Moderada,-20.39795,-45.6953,0.0,3146503
3146602,314660,Paiva,MG,Sudeste,2025,1495,1,0,0,0,6.69,0.0,0.0,0.0,99.98,77.84,55.7,42.41,33.56,11.42,42.41,88.57,31.78,11.42,Moderada,-21.2937,-43.4242,15.29,3141603
3146701,314670,Palma,MG,Sudeste,2025,5699,4,1,0,1,7.02,17.55,0.0,17.55,4.47,5.71,6.95,7.69,8.19,9.42,7.69,4.95,1.78,92.3,Baixa,-21.44165,-42.32275,0.0,3146701
3146750,314675,Palmópolis,MG,Sudeste,2025,6342,3,0,0,0,4.73,0.0,0.0,0.0,99.98,84.19,68.41,58.94,52.62,36.83,58.94,63.15,22.66,36.84,Alta,-16.7797,-40.36725,30.1,3160306
3146909,314690,Papagaios,MG,Sudeste,2025,14202,7,0,0,0,4.93,0.0,0.0,0.0,99.98,83.2,66.42,56.36,49.65,32.87,56.36,67.12,24.08,32.87,Alta,-19.373350000000002,-44.702650000000006,30.38,3151404
3147006,314700,Paracatu,MG,Sudeste,2025,99005,18,7,4,2,1.82,7.07,4.04,2.02,20.52,37.36,54.21,64.32,71.06,87.9,64.32,67.38,24.18,32.6,Alta,-17.107750000000003,-46.87025,0.0,3147006
3147204,314720,Paraguaçu,MG,Sudeste,2025,22452,8,1,1,1,3.56,4.45,4.45,4.45,33.1,39.67,46.24,50.18,52.81,59.38,50.18,26.28,9.43,71.36,Alta,-21.56515,-45.75985,0.0,3147204
3147303,314730,Paraisópolis,MG,Sudeste,2025,21076,8,1,1,1,3.8,4.74,4.74,4.74,31.54,37.31,43.08,46.54,48.85,54.62,46.54,23.08,8.28,73.32,Moderada,-22.582,-45.8201,0.0,3147303
3147402,314740,Paraopeba,MG,Sudeste,2025,24899,4,0,0,0,1.61,0.0,0.0,0.0,99.98,97.56,95.14,93.69,92.73,90.31,93.69,9.68,3.47,90.32,Muito alta,-19.27955,-44.4461,9.06,3109907
3147105,314710,Pará de Minas,MG,Sudeste,2025,102844,27,2,2,1,2.63,1.94,1.94,0.97,46.94,54.37,61.79,66.25,69.22,76.65,66.25,29.71,10.66,69.48,Alta,-19.840049999999998,-44.6077,0.0,3147105
3147600,314760,Passa Quatro,MG,Sudeste,2025,15847,9,1,1,1,5.68,6.31,6.31,6.31,23.71,23.08,22.46,22.08,21.83,21.2,22.08,2.51,0.9,84.88,Baixa,-22.40325,-44.9561,0.0,3147600
3147709,314770,Passa Tempo,MG,Sudeste,2025,8716,4,1,1,1,4.59,11.47,11.47,11.47,9.73,17.16,24.6,29.06,32.04,39.47,29.06,29.74,10.67,70.11,Moderada,-20.65095,-44.47835,0.0,3147709
3147808,314780,Passa Vinte,MG,Sudeste,2025,2311,2,0,0,0,8.65,0.0,0.0,0.0,99.98,76.09,52.21,37.88,28.32,4.43,37.88,95.55,34.28,4.43,Moderada,-22.1692,-44.2695,19.01,3159308
3147501,314750,Passabém,MG,Sudeste,2025,1609,1,1,1,1,6.22,62.15,62.15,62.15,0.0,3.83,7.66,9.96,11.5,15.33,9.96,15.33,5.5,84.67,Baixa,-19.35985,-43.17375,0.0,3147501
3147907,314790,Passos,MG,Sudeste,2025,116951,30,2,2,2,2.57,1.71,1.71,1.71,48.0,55.38,62.75,67.18,70.13,77.51,67.18,29.51,10.59,69.34,Alta,-20.7202,-46.621700000000004,0.0,3147907
3147956,314795,Patis,MG,Sudeste,2025,4825,3,0,0,0,6.22,0.0,0.0,0.0,99.98,78.81,57.63,44.92,36.45,15.28,44.92,84.71,30.39,15.28,Moderada,-16.08585,-44.1024,19.72,3142007
3148004,314800,Patos de Minas,MG,Sudeste,2025,169173,36,7,7,5,2.13,4.14,4.14,2.96,34.54,46.96,59.38,66.83,71.8,84.22,66.83,49.69,17.83,50.31,Alta,-18.6346,-46.41275,0.0,3148004
3148103,314810,Patrocínio,MG,Sudeste,2025,94357,17,4,4,2,1.8,4.24,4.24,2.12,34.0,47.53,61.06,69.18,74.59,88.12,69.18,54.12,19.42,45.87,Alta,-18.98305,-47.06985,0.0,3148103
3148202,314820,Patrocínio do Muriaé,MG,Sudeste,2025,5754,4,0,0,0,6.95,0.0,0.0,0.0,99.98,77.44,54.89,41.36,32.35,9.8,41.36,90.18,32.36,9.8,Moderada,-21.170099999999998,-42.251000000000005,18.92,3143906
3148301,314830,Paula Cândido,MG,Sudeste,2025,8757,4,1,0,0,4.57,11.42,0.0,0.0,9.78,17.31,24.84,29.36,32.37,39.9,29.36,30.12,10.81,69.77,Moderada,-20.870449999999998,-42.9839,0.0,3148301
3148400,314840,Paulistas,MG,Sudeste,2025,4402,3,0,0,0,6.82,0.0,0.0,0.0,99.98,77.61,55.23,41.81,32.86,10.48,41.81,89.5,32.11,10.48,Moderada,-18.46265,-42.8655,8.04,3162807
3148509,314850,Pavão,MG,Sudeste,2025,8143,4,0,0,0,4.91,0.0,0.0,0.0,99.98,83.28,66.59,56.57,49.89,33.19,56.57,66.79,23.97,33.2,Alta,-17.46835,-41.0895,33.11,3113701
3148707,314870,Pedra Azul,MG,Sudeste,2025,25045,8,1,1,1,3.19,3.99,3.99,3.99,35.85,43.53,51.21,55.82,58.89,66.58,55.82,30.73,11.03,69.26,Alta,-15.9542,-41.1849,0.0,3148707
3148756,314875,Pedra Bonita,MG,Sudeste,2025,7599,4,0,0,0,5.26,0.0,0.0,0.0,99.98,81.82,63.66,52.76,45.5,27.34,52.76,72.64,26.07,27.34,Alta,-20.4695,-42.376850000000005,12.1,3157906
3149002,314900,Pedra Dourada,MG,Sudeste,2025,2916,2,0,0,0,6.86,0.0,0.0,0.0,99.98,77.55,55.12,41.66,32.68,10.25,41.66,89.73,32.2,10.25,Moderada,-20.8278,-42.1537,12.04,3169208
3148806,314880,Pedra do Anta,MG,Sudeste,2025,3366,3,0,0,0,8.91,0.0,0.0,0.0,99.98,75.96,51.95,37.54,27.93,3.91,37.54,96.07,34.47,3.91,Moderada,-20.59395,-42.721199999999996,14.57,3168507
3148905,314890,Pedra do Indaiá,MG,Sudeste,2025,4247,3,0,0,0,7.06,0.0,0.0,0.0,99.98,77.26,54.53,40.9,31.81,9.08,40.9,90.9,32.62,9.08,Moderada,-20.283,-45.23255,21.5,3160405
3149101,314910,Pedralva,MG,Sudeste,2025,10891,4,1,0,1,3.67,9.18,0.0,9.18,14.11,24.87,35.63,42.09,46.39,57.15,42.09,43.04,15.45,56.95,Moderada,-22.2469,-45.46125,0.0,3149101
3149150,314915,Pedras de Maria da Cruz,MG,Sudeste,2025,10601,8,1,0,0,7.55,9.43,0.0,0.0,12.92,11.51,10.1,9.25,8.68,7.27,9.25,5.65,2.03,89.25,Baixa,-15.56955,-44.35655,0.0,3149150
3149200,314920,Pedrinópolis,MG,Sudeste,2025,3398,1,1,0,0,2.94,29.43,0.0,0.0,1.04,18.51,35.97,46.45,53.44,70.9,46.45,69.86,25.07,30.13,Moderada,-19.18595,-47.5154,0.0,3149200
3149309,314930,Pedro Leopoldo,MG,Sudeste,2025,65174,19,2,2,1,2.92,3.07,3.07,1.53,41.25,48.77,56.28,60.79,63.8,71.32,60.79,30.07,10.79,69.93,Alta,-19.6297,-44.05785,0.0,3149309
3149408,314940,Pedro Teixeira,MG,Sudeste,2025,1857,2,0,0,0,10.77,0.0,0.0,0.0,99.98,75.39,50.81,36.06,26.22,1.63,36.06,98.35,35.29,1.63,Moderada,-21.7352,-43.7285,15.96,3138609
3149507,314950,Pequeri,MG,Sudeste,2025,3461,2,0,0,0,5.78,0.0,0.0,0.0,99.98,79.93,59.88,47.85,39.83,19.78,47.85,80.2,28.78,19.78,Moderada,-21.821399999999997,-43.125,10.23,3106903
3149606,314960,Pequi,MG,Sudeste,2025,4265,3,0,0,0,7.03,0.0,0.0,0.0,99.98,77.31,54.63,41.03,31.96,9.28,41.03,90.7,32.55,9.28,Moderada,-19.61955,-44.63565,24.69,3147105
3149705,314970,Perdigão,MG,Sudeste,2025,13118,6,0,0,0,4.57,0.0,0.0,0.0,99.98,84.93,69.87,60.84,54.82,39.76,60.84,60.22,21.61,39.77,Alta,-19.921100000000003,-45.053399999999996,8.86,3145208
3149804,314980,Perdizes,MG,Sudeste,2025,17992,6,2,1,1,3.33,11.12,5.56,5.56,10.14,23.59,37.03,45.1,50.48,63.92,45.1,53.78,19.3,46.21,Moderada,-19.43275,-47.152100000000004,0.0,3149804
3149903,314990,Perdões,MG,Sudeste,2025,22075,11,1,1,1,4.98,4.53,4.53,4.53,32.78,32.54,32.31,32.17,32.08,31.84,32.17,0.93,0.33,84.09,Moderada,-21.0545,-45.063100000000006,0.0,3149903
3149952,314995,Periquito,MG,Sudeste,2025,6624,4,0,0,0,6.04,0.0,0.0,0.0,99.98,79.25,58.53,46.09,37.8,17.07,46.09,82.91,29.75,17.07,Moderada,-19.08585,-42.2414,27.95,3106309
3150000,315000,Pescador,MG,Sudeste,2025,3559,2,0,0,0,5.62,0.0,0.0,0.0,99.98,80.49,61.0,49.31,41.51,22.02,49.31,77.96,27.97,22.03,Moderada,-18.342599999999997,-41.554950000000005,33.87,3132701
3148608,314860,Peçanha,MG,Sudeste,2025,17863,3,1,1,1,1.68,5.6,5.6,5.6,26.82,42.49,58.17,67.57,73.84,89.52,67.57,62.7,22.5,37.29,Alta,-18.54045,-42.5361,0.0,3148608
3150109,315010,Piau,MG,Sudeste,2025,2854,1,0,0,0,3.5,0.0,0.0,0.0,99.98,90.17,80.36,74.48,70.55,60.74,74.48,39.24,14.08,60.75,Alta,-21.51005,-43.310649999999995,16.23,3155405
3150158,315015,Piedade de Caratinga,MG,Sudeste,2025,8966,4,0,0,0,4.46,0.0,0.0,0.0,99.98,85.42,70.87,62.13,56.31,41.75,62.13,58.23,20.89,41.76,Alta,-19.7638,-42.04675,13.62,3113404
3150208,315020,Piedade de Ponte Nova,MG,Sudeste,2025,4054,3,0,0,0,7.4,0.0,0.0,0.0,99.98,76.94,53.9,40.08,30.87,7.83,40.08,92.16,33.07,7.83,Moderada,-20.2408,-42.7207,13.92,3154903
3150307,315030,Piedade do Rio Grande,MG,Sudeste,2025,4694,3,1,0,0,6.39,21.3,0.0,0.0,2.6,5.33,8.05,9.68,10.77,13.5,9.68,10.9,3.91,87.99,Baixa,-21.48755,-44.16345,0.0,3150307
3150406,315040,Piedade dos Gerais,MG,Sudeste,2025,5199,4,0,0,0,7.69,0.0,0.0,0.0,99.98,76.66,53.34,39.35,30.02,6.7,39.35,93.29,33.47,6.7,Moderada,-20.4865,-44.24665,22.58,3135407
3150505,315050,Pimenta,MG,Sudeste,2025,8817,3,1,1,1,3.4,11.34,11.34,11.34,9.87,23.07,36.27,44.19,49.47,62.66,44.19,52.79,18.94,47.2,Moderada,-20.5125,-45.8417,0.0,3150505
3150539,315053,Pingo-d'Água,MG,Sudeste,2025,4864,2,0,0,0,4.11,0.0,0.0,0.0,99.98,87.21,74.44,66.78,61.67,48.9,66.78,51.09,18.33,48.9,Alta,-19.7424,-42.42355,6.46,3107802
3150570,315057,Pintópolis,MG,Sudeste,2025,7228,1,0,0,0,1.38,0.0,0.0,0.0,99.98,98.11,96.23,95.11,94.35,92.48,95.11,7.5,2.69,92.5,Muito alta,-16.0564,-45.2394,39.26,3170529
3150604,315060,Piracema,MG,Sudeste,2025,6905,4,0,0,0,5.79,0.0,0.0,0.0,99.98,79.9,59.81,47.76,39.72,19.64,47.76,80.34,28.83,19.64,Moderada,-20.52065,-44.4298,15.34,3147709
3150703,315070,Pirajuba,MG,Sudeste,2025,5814,1,0,0,0,1.72,0.0,0.0,0.0,99.98,97.24,94.51,92.86,91.77,89.03,92.86,10.95,3.93,89.05,Muito alta,-19.9433,-48.660650000000004,32.94,3117306
3150802,315080,Piranga,MG,Sudeste,2025,17358,1,1,0,1,0.58,5.76,0.0,5.76,25.69,43.63,61.57,72.33,79.51,97.45,72.33,71.76,25.75,28.22,Alta,-20.625149999999998,-43.298249999999996,0.0,3150802
3151008,315100,Piranguinho,MG,Sudeste,2025,9518,1,0,0,0,1.05,0.0,0.0,0.0,99.98,98.73,97.49,96.74,96.24,94.99,96.74,4.99,1.79,95.01,Muito alta,-22.38075,-45.5917,13.08,3108909
3150901,315090,Piranguçu,MG,Sudeste,2025,6320,3,0,0,0,4.75,0.0,0.0,0.0,99.98,84.11,68.25,58.73,52.38,36.51,58.73,63.47,22.77,36.52,Alta,-22.556449999999998,-45.5061,14.02,3108909
3151107,315110,Pirapetinga,MG,Sudeste,2025,11454,4,1,1,1,3.49,8.73,8.73,8.73,15.71,27.04,38.38,45.18,49.71,61.05,45.18,45.34,16.27,54.65,Moderada,-21.66215,-42.350899999999996,0.0,3151107
3151206,315120,Pirapora,MG,Sudeste,2025,57713,20,4,2,2,3.47,6.93,3.47,3.47,21.41,31.49,41.57,47.62,51.65,61.73,47.62,40.32,14.47,59.68,Moderada,-17.3793,-44.8675,0.0,3151206
3151305,315130,Piraúba,MG,Sudeste,2025,12006,7,0,0,0,5.83,0.0,0.0,0.0,99.98,79.82,59.66,47.56,39.49,19.33,47.56,80.65,28.94,19.34,Moderada,-21.25835,-43.0225,15.76,3155801
3151404,315140,Pitangui,MG,Sudeste,2025,27834,11,1,1,1,3.95,3.59,3.59,3.59,38.34,41.67,45.0,47.0,48.33,51.66,47.0,13.32,4.78,77.99,Moderada,-19.588749999999997,-44.8809,0.0,3151404
3151503,315150,Piumhi,MG,Sudeste,2025,38007,15,2,2,1,3.95,5.26,5.26,2.63,28.86,34.57,40.28,43.7,45.99,51.7,43.7,22.83,8.19,73.81,Moderada,-20.458750000000002,-46.0614,0.0,3151503
3151602,315160,Planura,MG,Sudeste,2025,11533,5,0,0,0,4.34,0.0,0.0,0.0,99.98,86.09,72.2,63.87,58.32,44.43,63.87,55.56,19.93,44.43,Alta,-20.070300000000003,-48.63585,33.51,3117306
3151909,315190,Pocrane,MG,Sudeste,2025,8438,4,1,1,1,4.74,11.85,11.85,11.85,9.24,16.11,22.97,27.08,29.83,36.69,27.08,27.45,9.85,71.94,Moderada,-19.5572,-41.5577,0.0,3151909
3152006,315200,Pompéu,MG,Sudeste,2025,32441,10,1,1,1,3.08,3.08,3.08,3.08,41.12,48.02,54.92,59.06,61.82,68.71,59.06,27.59,9.9,72.41,Alta,-19.142699999999998,-44.9285,0.0,3152006
3152105,315210,Ponte Nova,MG,Sudeste,2025,59638,14,2,2,2,2.35,3.35,3.35,3.35,39.71,50.06,60.41,66.62,70.76,81.12,66.62,41.41,14.86,58.58,Alta,-20.4208,-42.91175,0.0,3152105
3152131,315213,Ponto Chique,MG,Sudeste,2025,3797,4,0,0,0,10.53,0.0,0.0,0.0,99.98,75.46,50.93,36.22,26.41,1.88,36.22,98.1,35.2,1.89,Moderada,-16.6035,-44.9578,29.92,3129608
3152170,315217,Ponto dos Volantes,MG,Sudeste,2025,11059,7,0,0,0,6.33,0.0,0.0,0.0,99.98,78.53,57.07,44.2,35.62,14.16,44.2,85.82,30.79,14.17,Moderada,-16.841949999999997,-41.5167,23.67,3146305
3152204,315220,Porteirinha,MG,Sudeste,2025,38692,17,2,2,1,4.39,5.17,5.17,2.58,29.44,32.89,36.34,38.41,39.79,43.24,38.41,13.8,4.95,79.12,Moderada,-15.7316,-43.04415,0.0,3152204
3152303,315230,Porto Firme,MG,Sudeste,2025,10840,6,0,0,0,5.54,0.0,0.0,0.0,99.98,80.82,61.66,50.16,42.5,23.34,50.16,76.65,27.5,23.34,Alta,-20.66625,-43.07695,12.89,3128204
3152402,315240,Poté,MG,Sudeste,2025,13649,7,1,1,1,5.13,7.33,7.33,7.33,19.22,21.78,24.33,25.86,26.88,29.44,25.86,10.21,3.66,82.44,Moderada,-17.808999999999997,-41.796400000000006,0.0,3152402
3152501,315250,Pouso Alegre,MG,Sudeste,2025,162133,27,6,6,2,1.67,3.7,3.7,1.23,37.71,50.69,63.67,71.46,76.65,89.62,71.46,51.91,18.63,48.08,Alta,-22.262549999999997,-45.9405,0.0,3152501
3152600,315260,Pouso Alto,MG,Sudeste,2025,6779,3,1,1,0,4.43,14.75,14.75,0.0,6.48,15.5,24.51,29.92,33.53,42.54,29.92,36.06,12.94,63.93,Moderada,-22.1772,-44.9303,0.0,3152600
3151701,315170,Poço Fundo,MG,Sudeste,2025,16824,7,1,1,1,4.16,5.94,5.94,5.94,24.93,30.69,36.46,39.91,42.22,47.98,39.91,23.05,8.27,74.49,Moderada,-21.80705,-45.996399999999994,0.0,3151701
3151800,315180,Poços de Caldas,MG,Sudeste,2025,172339,41,11,10,2,2.38,6.38,5.8,1.16,23.51,37.77,52.03,60.58,66.29,80.54,60.58,57.03,20.46,42.96,Alta,-21.821350000000002,-46.544650000000004,0.0,3151800
3152709,315270,Prados,MG,Sudeste,2025,9369,3,1,0,1,3.2,10.67,0.0,10.67,10.82,24.71,38.6,46.94,52.49,66.38,46.94,55.56,19.93,44.43,Moderada,-21.1152,-44.053349999999995,0.0,3152709
3152808,315280,Prata,MG,Sudeste,2025,29745,9,1,1,1,3.03,3.36,3.36,3.36,39.67,47.17,54.67,59.17,62.17,69.66,59.17,29.99,10.76,70.0,Alta,-19.2774,-48.91065,0.0,3152808
3153004,315300,Pratinha,MG,Sudeste,2025,3691,1,1,0,0,2.71,27.09,0.0,0.0,1.33,19.76,38.19,49.25,56.62,75.05,49.25,73.72,26.45,26.27,Moderada,-19.7628,-46.398250000000004,0.0,3153004
3152907,315290,Pratápolis,MG,Sudeste,2025,8534,5,1,1,1,5.86,11.72,11.72,11.72,9.41,11.78,14.14,15.57,16.51,18.88,15.57,9.48,3.4,86.09,Baixa,-20.7835,-46.8549,0.0,3152907
3153103,315310,Presidente Bernardes,MG,Sudeste,2025,4847,4,1,0,0,8.25,20.63,0.0,0.0,2.89,3.56,4.23,4.63,4.9,5.56,4.63,2.67,0.96,95.24,Baixa,-20.777549999999998,-43.15665,0.0,3153103
3153202,315320,Presidente Juscelino,MG,Sudeste,2025,3471,1,0,0,0,2.88,0.0,0.0,0.0,99.98,92.91,85.84,81.59,78.77,71.69,81.59,28.29,10.15,71.71,Muito alta,-18.71035,-44.086,32.45,3127602
3153301,315330,Presidente Kubitschek,MG,Sudeste,2025,3162,2,0,0,0,6.33,0.0,0.0,0.0,99.98,78.55,57.11,44.25,35.67,14.23,44.25,85.75,30.77,14.24,Moderada,-18.6256,-43.58485,18.35,3121001
3153400,315340,Presidente Olegário,MG,Sudeste,2025,19192,8,1,1,1,4.17,5.21,5.21,5.21,29.26,33.91,38.57,41.36,43.22,47.87,41.36,18.61,6.68,76.18,Moderada,-18.166150000000002,-46.3825,0.0,3153400
3153608,315360,Prudente de Morais,MG,Sudeste,2025,12052,6,0,0,0,4.98,0.0,0.0,0.0,99.98,82.98,65.98,55.79,48.99,31.99,55.79,67.99,24.4,31.99,Alta,-19.4695,-44.109849999999994,8.12,3141108
3153707,315370,Quartel Geral,MG,Sudeste,2025,3232,1,0,0,0,3.09,0.0,0.0,0.0,99.98,92.1,84.22,79.49,76.34,68.46,79.49,31.52,11.31,68.47,Muito alta,-19.259050000000002,-45.593149999999994,28.05,3123205
3153806,315380,Queluzito,MG,Sudeste,2025,1796,1,0,0,0,5.57,0.0,0.0,0.0,99.98,80.69,61.39,49.81,42.09,22.8,49.81,77.19,27.7,22.8,Moderada,-20.73155,-43.89515,11.95,3118304
3153905,315390,Raposos,MG,Sudeste,2025,16796,4,1,0,0,2.38,5.95,0.0,0.0,24.88,38.78,52.68,61.02,66.59,80.49,61.02,55.61,19.95,44.38,Alta,-19.9782,-43.7809,0.0,3153905
3154002,315400,Raul Soares,MG,Sudeste,2025,23874,9,1,1,1,3.77,4.19,4.19,4.19,34.28,39.49,44.69,47.81,49.89,55.09,47.81,20.8,7.46,74.38,Moderada,-20.02395,-42.3574,0.0,3154002
3154101,315410,Recreio,MG,Sudeste,2025,11383,4,1,1,1,3.51,8.79,8.79,8.79,15.44,26.72,38.01,44.78,49.3,60.58,44.78,45.14,16.2,54.85,Moderada,-21.51995,-42.4375,0.0,3154101
3154150,315415,Reduto,MG,Sudeste,2025,8246,5,0,0,0,6.06,0.0,0.0,0.0,99.98,79.18,58.38,45.9,37.58,16.78,45.9,83.2,29.85,16.79,Moderada,-20.23295,-41.93915,13.12,3139508
3154200,315420,Resende Costa,MG,Sudeste,2025,11544,5,1,1,1,4.33,8.66,8.66,8.66,15.92,23.07,30.22,34.51,37.37,44.52,34.51,28.59,10.26,70.97,Moderada,-20.86375,-44.30045,0.0,3154200
3154309,315430,Resplendor,MG,Sudeste,2025,17629,6,1,1,1,3.4,5.67,5.67,5.67,26.28,35.37,44.45,49.91,53.54,62.63,49.91,36.35,13.04,63.64,Moderada,-19.21495,-41.156800000000004,0.0,3154309
3154408,315440,Ressaquinha,MG,Sudeste,2025,4640,5,0,0,0,10.78,0.0,0.0,0.0,99.98,75.39,50.8,36.04,26.21,1.62,36.04,98.37,35.3,1.62,Moderada,-21.082900000000002,-43.77045,10.79,3113206
3154457,315445,Riachinho,MG,Sudeste,2025,6830,6,0,0,0,8.78,0.0,0.0,0.0,99.98,76.03,52.07,37.7,28.12,4.16,37.7,95.82,34.38,4.17,Moderada,-16.273049999999998,-45.96575,37.47,3108206
3154507,315450,Riacho dos Machados,MG,Sudeste,2025,8858,6,1,0,0,6.77,11.29,0.0,0.0,10.0,10.21,10.43,10.56,10.64,10.86,10.56,0.86,0.31,92.14,Baixa,-16.0475,-42.98765,0.0,3154507
3154705,315470,Ribeirão Vermelho,MG,Sudeste,2025,4217,2,1,1,1,4.74,23.71,23.71,23.71,1.9,10.59,19.27,24.48,27.95,36.64,24.48,34.73,12.46,65.26,Baixa,-21.143500000000003,-45.0854,0.0,3154705
3154606,315460,Ribeirão das Neves,MG,Sudeste,2025,346971,72,4,2,1,2.08,1.15,0.58,0.29,49.94,58.72,67.51,72.78,76.3,85.08,72.78,35.15,12.61,63.95,Alta,-19.7753,-44.06975,0.0,3154606
3154804,315480,Rio Acima,MG,Sudeste,2025,10698,3,1,0,0,2.8,9.35,0.0,0.0,13.43,28.38,43.34,52.31,58.3,73.25,52.31,59.83,21.47,40.16,Alta,-20.09945,-43.76685,0.0,3154804
3154903,315490,Rio Casca,MG,Sudeste,2025,12851,7,1,1,1,5.45,7.78,7.78,7.78,18.04,19.73,21.42,22.44,23.12,24.81,22.44,6.77,2.43,84.69,Baixa,-20.13145,-42.65575,0.0,3154903
3155009,315500,Rio Doce,MG,Sudeste,2025,2545,2,0,0,0,7.86,0.0,0.0,0.0,99.98,76.55,53.11,39.05,29.68,6.25,39.05,93.74,33.63,6.25,Moderada,-20.2105,-42.893550000000005,12.55,3122702
3155207,315520,Rio Espera,MG,Sudeste,2025,5447,1,1,0,0,1.84,18.36,0.0,0.0,3.86,24.78,45.71,58.27,66.64,87.56,58.27,83.7,30.03,16.28,Alta,-20.8592,-43.4952,0.0,3155207
3155306,315530,Rio Manso,MG,Sudeste,2025,5746,3,0,0,0,5.22,0.0,0.0,0.0,99.98,82.0,64.01,53.22,46.02,28.04,53.22,71.94,25.81,28.04,Alta,-20.2557,-44.348299999999995,21.42,3109006
3155405,315540,Rio Novo,MG,Sudeste,2025,8683,4,1,0,0,4.61,11.52,0.0,0.0,9.68,17.01,24.34,28.74,31.67,39.01,28.74,29.33,10.52,70.47,Moderada,-21.4811,-43.1569,0.0,3155405
3155504,315550,Rio Paranaíba,MG,Sudeste,2025,15297,5,1,1,1,3.27,6.54,6.54,6.54,23.1,33.6,44.1,50.4,54.6,65.11,50.4,42.0,15.07,57.99,Alta,-19.2473,-46.3113,0.0,3155504
3155603,315560,Rio Pardo de Minas,MG,Sudeste,2025,29103,16,1,1,1,5.5,3.44,3.44,3.44,39.2,35.4,31.59,29.31,27.79,23.98,29.31,15.22,5.46,75.51,Moderada,-15.773900000000001,-42.50315,0.0,3155603
3155702,315570,Rio Piracicaba,MG,Sudeste,2025,15036,3,1,1,1,2.0,6.65,6.65,6.65,22.67,38.49,54.31,63.8,70.13,85.95,63.8,63.27,22.7,36.71,Alta,-19.961100000000002,-43.155249999999995,0.0,3155702
3155801,315580,Rio Pomba,MG,Sudeste,2025,17885,7,1,1,1,3.91,5.59,5.59,5.59,26.89,33.27,39.65,43.48,46.03,52.41,43.48,25.53,9.16,72.66,Moderada,-21.235300000000002,-43.1725,0.0,3155801
3155900,315590,Rio Preto,MG,Sudeste,2025,5235,3,1,1,1,5.73,19.1,19.1,19.1,3.5,7.75,12.0,14.55,16.25,20.5,14.55,17.0,6.1,82.06,Baixa,-22.05155,-43.8565,0.0,3155900
3156007,315600,Rio Vermelho,MG,Sudeste,2025,12770,5,1,1,1,3.92,7.83,7.83,7.83,17.93,26.53,35.14,40.3,43.74,52.34,40.3,34.41,12.35,65.58,Moderada,-18.24875,-43.069900000000004,0.0,3156007
3155108,315510,Rio do Prado,MG,Sudeste,2025,4649,4,0,0,0,8.6,0.0,0.0,0.0,99.98,76.12,52.26,37.95,28.4,4.54,37.95,95.44,34.25,4.54,Moderada,-16.68515,-40.558949999999996,18.94,3125606
3156106,315610,Ritápolis,MG,Sudeste,2025,5122,2,0,0,0,3.9,0.0,0.0,0.0,99.98,88.12,76.26,69.14,64.4,52.54,69.14,47.44,17.02,52.55,Alta,-20.9738,-44.37305,14.37,3154200
3156205,315620,Rochedo de Minas,MG,Sudeste,2025,2374,1,0,0,0,4.21,0.0,0.0,0.0,99.98,86.71,73.44,65.48,60.17,46.9,65.48,53.08,19.05,46.91,Alta,-21.63755,-43.0364,6.02,3162906
3156304,315630,Rodeiro,MG,Sudeste,2025,9168,4,0,0,0,4.36,0.0,0.0,0.0,99.98,85.95,71.91,63.49,57.87,43.83,63.49,56.15,20.15,43.84,Alta,-21.2133,-42.841499999999996,18.08,3169901
3156403,315640,Romaria,MG,Sudeste,2025,3430,2,1,0,0,5.83,29.15,0.0,0.0,1.08,5.64,10.2,12.93,14.75,19.31,12.93,18.24,6.54,81.76,Baixa,-18.90685,-47.54965,0.0,3156403
3156452,315645,Rosário da Limeira,MG,Sudeste,2025,4926,2,0,0,0,4.06,0.0,0.0,0.0,99.98,87.4,74.82,67.28,62.25,49.67,67.28,50.31,18.05,49.68,Alta,-20.98305,-42.5026,15.01,3143906
3156502,315650,Rubelita,MG,Sudeste,2025,5460,5,0,0,0,9.16,0.0,0.0,0.0,99.98,75.88,51.77,37.3,27.66,3.55,37.3,96.43,34.6,3.55,Moderada,-16.363999999999997,-42.194100000000006,31.62,3157005
3156601,315660,Rubim,MG,Sudeste,2025,10602,4,1,1,1,3.77,9.43,9.43,9.43,12.94,23.45,33.96,40.27,44.47,54.98,40.27,42.04,15.08,57.95,Moderada,-16.44115,-40.511,0.0,3156601
3156700,315670,Sabará,MG,Sudeste,2025,134576,20,2,2,1,1.49,1.49,1.49,0.74,48.75,59.41,70.08,76.47,80.74,91.4,76.47,42.65,15.3,57.34,Muito alta,-19.8461,-43.790350000000004,0.0,3156700
3156809,315680,Sabinópolis,MG,Sudeste,2025,14309,7,1,1,1,4.89,6.99,6.99,6.99,21.0,24.14,27.28,29.16,30.41,33.55,29.16,12.55,4.5,81.06,Moderada,-18.648449999999997,-43.048950000000005,0.0,3156809
3156908,315690,Sacramento,MG,Sudeste,2025,28076,10,1,1,1,3.56,3.56,3.56,3.56,38.47,43.71,48.95,52.09,54.19,59.43,52.09,20.97,7.52,74.0,Alta,-19.855800000000002,-47.230450000000005,0.0,3156908
3157005,315700,Salinas,MG,Sudeste,2025,41736,13,3,3,2,3.11,7.19,7.19,4.79,19.6,31.74,43.87,51.15,56.0,68.14,51.15,48.54,17.42,51.45,Alta,-16.08545,-42.1345,0.0,3157005
3157104,315710,Salto da Divisa,MG,Sudeste,2025,6126,3,1,1,1,4.9,16.32,16.32,16.32,5.26,12.32,19.38,23.61,26.44,33.49,23.61,28.24,10.13,71.76,Baixa,-16.12745,-40.043099999999995,0.0,3157104
3157203,315720,Santa Bárbara,MG,Sudeste,2025,31916,11,1,1,1,3.45,3.13,3.13,3.13,40.75,46.06,51.38,54.57,56.7,62.02,54.57,21.27,7.63,76.05,Alta,-20.05455,-43.45295,0.0,3157203
3157252,315725,Santa Bárbara do Leste,MG,Sudeste,2025,8785,2,0,0,0,2.28,0.0,0.0,0.0,99.98,95.53,91.09,88.42,86.64,82.19,88.42,17.79,6.38,82.21,Muito alta,-19.9523,-42.094750000000005,25.71,3139409
3157278,315727,Santa Bárbara do Monte Verde,MG,Sudeste,2025,3218,2,0,0,0,6.22,0.0,0.0,0.0,99.98,78.82,57.66,44.96,36.49,15.33,44.96,84.65,30.37,15.33,Moderada,-21.969749999999998,-43.7184,16.89,3155900
3157302,315730,Santa Bárbara do Tugúrio,MG,Sudeste,2025,4245,1,0,0,0,2.36,0.0,0.0,0.0,99.98,95.21,90.43,87.57,85.66,80.88,87.57,19.1,6.85,80.9,Muito alta,-21.2427,-43.52565,20.03,3141603
3157336,315733,Santa Cruz de Minas,MG,Sudeste,2025,8339,4,0,0,0,4.8,0.0,0.0,0.0,99.98,83.81,67.64,57.93,51.46,35.29,57.93,64.69,23.21,35.3,Alta,-21.12125,-44.214600000000004,15.36,3162500
3157377,315737,Santa Cruz de Salinas,MG,Sudeste,2025,3919,3,0,0,0,7.66,0.0,0.0,0.0,99.98,76.7,53.41,39.44,30.12,6.84,39.44,93.14,33.42,6.84,Moderada,-16.0454,-41.7742,31.7,3102704
3157401,315740,Santa Cruz do Escalvado,MG,Sudeste,2025,4728,2,0,0,0,4.23,0.0,0.0,0.0,99.98,86.66,73.34,65.34,60.01,46.69,65.34,53.29,19.12,46.7,Alta,-20.229750000000003,-42.811,19.55,3154903
3157500,315750,Santa Efigênia de Minas,MG,Sudeste,2025,4038,3,0,0,0,7.43,0.0,0.0,0.0,99.98,76.91,53.83,39.99,30.76,7.68,39.99,92.3,33.12,7.68,Moderada,-18.8684,-42.3949,28.64,3171808
3157609,315760,Santa Fé de Minas,MG,Sudeste,2025,3528,3,0,0,0,8.5,0.0,0.0,0.0,99.98,76.19,52.4,38.12,28.6,4.81,38.12,95.17,34.15,4.81,Moderada,-16.7331,-45.56015,42.89,3164209
3157658,315765,Santa Helena de Minas,MG,Sudeste,2025,6056,4,0,0,0,6.61,0.0,0.0,0.0,99.98,78.02,56.06,42.88,34.1,12.13,42.88,87.85,31.52,12.14,Moderada,-16.9115,-40.656099999999995,20.05,3138906
3157708,315770,Santa Juliana,MG,Sudeste,2025,16820,3,1,1,1,1.78,5.95,5.95,5.95,24.91,40.77,56.62,66.14,72.48,88.33,66.14,63.42,22.76,36.57,Alta,-19.37865,-47.509299999999996,0.0,3157708
3157807,315780,Santa Luzia,MG,Sudeste,2025,230382,32,2,2,1,1.39,0.87,0.87,0.43,50.57,61.03,71.49,77.76,81.95,92.41,77.76,41.84,15.01,58.03,Muito alta,-19.726399999999998,-43.85055,0.0,3157807
3157906,315790,Santa Margarida,MG,Sudeste,2025,16989,2,1,1,1,1.18,5.89,5.89,5.89,25.04,42.26,59.49,69.82,76.71,93.93,69.82,68.89,24.72,31.1,Alta,-20.436,-42.266400000000004,0.0,3157906
3158003,315800,Santa Maria de Itabira,MG,Sudeste,2025,10718,3,1,1,1,2.8,9.33,9.33,9.33,13.57,28.51,43.46,52.42,58.4,73.34,52.42,59.77,21.45,40.22,Alta,-19.441699999999997,-43.05445,0.0,3158003
3158102,315810,Santa Maria do Salto,MG,Sudeste,2025,4777,2,0,0,0,4.19,0.0,0.0,0.0,99.98,86.84,73.7,65.82,60.56,47.42,65.82,52.56,18.86,47.43,Alta,-16.2922,-40.117000000000004,19.95,3157104
3158201,315820,Santa Maria do Suaçuí,MG,Sudeste,2025,12817,2,1,1,1,1.56,7.8,7.8,7.8,18.0,36.18,54.35,65.26,72.53,90.7,65.26,72.7,26.09,27.29,Alta,-18.20825,-42.298100000000005,0.0,3158201
3159209,315920,Santa Rita de Caldas,MG,Sudeste,2025,8561,6,0,0,0,7.01,0.0,0.0,0.0,99.98,77.36,54.75,41.18,32.13,9.51,41.18,90.47,32.46,9.52,Moderada,-22.02005,-46.26175,16.19,3110301
3159407,315940,Santa Rita de Ibitipoca,MG,Sudeste,2025,3331,1,0,0,0,3.0,0.0,0.0,0.0,99.98,92.51,85.03,80.54,77.55,70.08,80.54,29.9,10.73,70.09,Muito alta,-21.59045,-43.95,16.12,3129400
3159308,315930,Santa Rita de Jacutinga,MG,Sudeste,2025,4826,3,1,1,1,6.22,20.72,20.72,20.72,2.85,5.96,9.07,10.94,12.18,15.29,10.94,12.44,4.46,86.61,Baixa,-22.11195,-44.095600000000005,0.0,3159308
3159357,315935,Santa Rita de Minas,MG,Sudeste,2025,6969,4,0,0,0,5.74,0.0,0.0,0.0,99.98,80.07,60.15,48.2,40.24,20.32,48.2,79.66,28.58,20.32,Moderada,-19.87655,-42.122749999999996,21.05,3113404
3159506,315950,Santa Rita do Itueto,MG,Sudeste,2025,5984,3,0,0,0,5.01,0.0,0.0,0.0,99.98,82.83,65.67,55.38,48.51,31.36,55.38,68.62,24.62,31.36,Alta,-19.4065,-41.38665,24.54,3151909
3159605,315960,Santa Rita do Sapucaí,MG,Sudeste,2025,42517,12,1,1,1,2.82,2.35,2.35,2.35,45.13,52.03,58.94,63.08,65.85,72.75,63.08,27.63,9.91,71.81,Alta,-22.2413,-45.6861,0.0,3159605
3159704,315970,Santa Rosa da Serra,MG,Sudeste,2025,3487,1,1,0,0,2.87,28.68,0.0,0.0,1.18,18.89,36.59,47.21,54.29,72.0,47.21,70.81,25.41,29.17,Moderada,-19.55765,-46.00965,0.0,3159704
3159803,315980,Santa Vitória,MG,Sudeste,2025,21914,7,1,1,1,3.19,4.56,4.56,4.56,32.65,41.13,49.61,54.69,58.08,66.56,54.69,33.91,12.17,66.09,Alta,-18.977899999999998,-50.3535,0.0,3159803
3158300,315830,Santana da Vargem,MG,Sudeste,2025,6756,3,0,0,0,4.44,0.0,0.0,0.0,99.98,85.55,71.13,62.47,56.7,42.27,62.47,57.71,20.71,42.28,Alta,-21.267049999999998,-45.49385,15.25,3169406
3158409,315840,Santana de Cataguases,MG,Sudeste,2025,3548,2,0,0,0,5.64,0.0,0.0,0.0,99.98,80.42,60.86,49.12,41.3,21.74,49.12,78.24,28.08,21.74,Moderada,-21.278399999999998,-42.546,12.39,3115300
3158508,315850,Santana de Pirapama,MG,Sudeste,2025,7030,5,0,0,0,7.11,0.0,0.0,0.0,99.98,77.19,54.41,40.73,31.62,8.83,40.73,91.15,32.71,8.83,Moderada,-18.89015,-43.919399999999996,43.43,3127602
3158607,315860,Santana do Deserto,MG,Sudeste,2025,3815,1,0,0,0,2.62,0.0,0.0,0.0,99.98,94.16,88.34,84.85,82.52,76.7,84.85,23.28,8.35,76.71,Muito alta,-21.93935,-43.181799999999996,13.99,3300951
3158706,315870,Santana do Garambéu,MG,Sudeste,2025,2171,1,0,0,0,4.61,0.0,0.0,0.0,99.98,84.76,69.53,60.39,54.3,39.08,60.39,60.9,21.85,39.08,Alta,-21.63725,-44.060900000000004,19.74,3150307
3158805,315880,Santana do Jacaré,MG,Sudeste,2025,4246,3,0,0,0,7.07,0.0,0.0,0.0,99.98,77.25,54.51,40.87,31.78,9.05,40.87,90.94,32.63,9.05,Moderada,-20.87995,-45.07385,14.52,3159902
3158904,315890,Santana do Manhuaçu,MG,Sudeste,2025,9264,1,0,0,0,1.08,0.0,0.0,0.0,99.98,98.67,97.35,96.56,96.04,94.72,96.56,5.26,1.89,94.74,Muito alta,-20.04935,-41.8953,24.8,3139409
3158953,315895,Santana do Paraíso,MG,Sudeste,2025,49025,12,0,0,0,2.45,0.0,0.0,0.0,99.98,94.77,89.55,86.42,84.34,79.12,86.42,20.86,7.48,79.14,Muito alta,-19.39425,-42.545500000000004,8.11,3131307
3159001,315900,Santana do Riacho,MG,Sudeste,2025,5654,3,0,0,0,5.31,0.0,0.0,0.0,99.98,81.69,63.39,52.41,45.1,26.8,52.41,73.18,26.26,26.8,Alta,-19.1832,-43.6399,27.99,3134608
3159100,315910,Santana dos Montes,MG,Sudeste,2025,3490,2,0,0,0,5.73,0.0,0.0,0.0,99.98,80.11,60.24,48.32,40.37,20.5,48.32,79.48,28.52,20.5,Moderada,-20.78815,-43.66275,18.41,3137908
3159902,315990,Santo Antônio do Amparo,MG,Sudeste,2025,17657,6,1,1,1,3.4,5.66,5.66,5.66,26.35,35.46,44.56,50.02,53.67,62.77,50.02,36.42,13.07,63.57,Alta,-20.918149999999997,-44.940200000000004,0.0,3159902
3160009,316000,Santo Antônio do Aventureiro,MG,Sudeste,2025,3896,2,0,0,0,5.13,0.0,0.0,0.0,99.98,82.33,64.67,54.08,47.02,29.37,54.08,70.62,25.34,29.37,Alta,-21.74975,-42.8116,10.09,3101508
3160108,316010,Santo Antônio do Grama,MG,Sudeste,2025,4352,3,0,0,0,6.89,0.0,0.0,0.0,99.98,77.5,55.02,41.53,32.53,10.05,41.53,89.93,32.27,10.05,Moderada,-20.3228,-42.6154,19.53,3100302
3160207,316020,Santo Antônio do Itambé,MG,Sudeste,2025,3969,2,0,0,0,5.04,0.0,0.0,0.0,99.98,82.7,65.41,55.04,48.12,30.84,55.04,69.14,24.81,30.84,Alta,-18.495849999999997,-43.26745,14.57,3167103
3160306,316030,Santo Antônio do Jacinto,MG,Sudeste,2025,10324,5,1,0,0,4.84,9.69,0.0,0.0,12.17,17.72,23.27,26.6,28.82,34.37,26.6,22.2,7.97,75.53,Moderada,-16.52735,-40.2649,0.0,3160306
3160405,316040,Santo Antônio do Monte,MG,Sudeste,2025,28456,12,1,1,1,4.22,3.51,3.51,3.51,38.81,40.82,42.83,44.04,44.84,46.85,44.04,8.04,2.89,80.92,Moderada,-20.0938,-45.27515,0.0,3160405
3160454,316045,Santo Antônio do Retiro,MG,Sudeste,2025,6729,5,0,0,0,7.43,0.0,0.0,0.0,99.98,76.9,53.82,39.98,30.74,7.66,39.98,92.32,33.13,7.67,Moderada,-15.26465,-42.663650000000004,37.76,3142908
3160504,316050,Santo Antônio do Rio Abaixo,MG,Sudeste,2025,1856,2,0,0,0,10.78,0.0,0.0,0.0,99.98,75.39,50.8,36.04,26.21,1.62,36.04,98.37,35.3,1.62,Moderada,-19.23575,-43.24615,15.75,3147501
3160603,316060,Santo Hipólito,MG,Sudeste,2025,2692,1,0,0,0,3.71,0.0,0.0,0.0,99.98,89.05,78.11,71.55,67.17,56.24,71.55,43.74,15.7,56.25,Alta,-18.3915,-44.16115,33.09,3127602
3160702,316070,Santos Dumont,MG,Sudeste,2025,43218,20,1,1,1,4.63,2.31,2.31,2.31,45.29,43.62,41.96,40.96,40.29,38.63,40.96,6.66,2.39,81.65,Moderada,-21.482300000000002,-43.5051,0.0,3160702
3165404,316540,Sapucaí-Mirim,MG,Sudeste,2025,6469,2,0,0,0,3.09,0.0,0.0,0.0,99.98,92.12,84.26,79.54,76.4,68.53,79.54,31.45,11.28,68.55,Muito alta,-22.796,-45.83855,23.87,3147303
3165503,316550,Sardoá,MG,Sudeste,2025,5140,2,0,0,0,3.89,0.0,0.0,0.0,99.98,88.18,76.38,69.3,64.58,52.77,69.3,47.21,16.94,52.78,Alta,-18.7819,-42.4029,26.69,3171808
3165537,316553,Sarzedo,MG,Sudeste,2025,39974,11,1,1,0,2.75,2.5,2.5,0.0,44.37,51.85,59.33,63.81,66.8,74.28,63.81,29.9,10.73,70.09,Alta,-20.06125,-44.122749999999996,0.0,3165537
3165560,316556,Sem-Peixe,MG,Sudeste,2025,2420,2,0,0,0,8.26,0.0,0.0,0.0,99.98,76.36,52.75,38.58,29.13,5.51,38.58,94.47,33.9,5.51,Moderada,-20.079900000000002,-42.81885,15.85,3122702
3165578,316557,Senador Amaral,MG,Sudeste,2025,6517,2,0,0,0,3.07,0.0,0.0,0.0,99.98,92.23,84.48,79.83,76.73,68.98,79.83,31.0,11.12,68.99,Muito alta,-22.5587,-46.2166,16.25,3109105
3165602,316560,Senador Cortes,MG,Sudeste,2025,2335,2,0,0,0,8.57,0.0,0.0,0.0,99.98,76.14,52.31,38.0,28.47,4.63,38.0,95.35,34.21,4.63,Moderada,-21.7607,-42.91505,15.45,3139805
3165701,316570,Senador Firmino,MG,Sudeste,2025,7977,5,1,0,0,6.27,12.54,0.0,0.0,8.49,10.04,11.59,12.52,13.13,14.68,12.52,6.19,2.22,88.99,Baixa,-20.89925,-43.10485,0.0,3165701
3165800,316580,Senador José Bento,MG,Sudeste,2025,2149,2,0,0,0,9.31,0.0,0.0,0.0,99.98,75.77,51.56,37.04,27.35,3.14,37.04,96.84,34.75,3.14,Moderada,-22.1577,-46.1482,10.84,3108305
3165909,316590,Senador Modestino Gonçalves,MG,Sudeste,2025,4006,2,0,0,0,4.99,0.0,0.0,0.0,99.98,82.92,65.86,55.62,48.8,31.74,55.62,68.25,24.49,31.74,Alta,-17.835749999999997,-43.2577,30.49,3125507
3166006,316600,Senhora de Oliveira,MG,Sudeste,2025,5577,1,0,0,0,1.79,0.0,0.0,0.0,99.98,97.04,94.1,92.34,91.16,88.22,92.34,11.76,4.22,88.24,Muito alta,-20.802799999999998,-43.345749999999995,13.1,3116308
3166105,316610,Senhora do Porto,MG,Sudeste,2025,3066,2,0,0,0,6.52,0.0,0.0,0.0,99.98,78.15,56.32,43.22,34.49,12.65,43.22,87.33,31.33,12.66,Moderada,-18.912100000000002,-43.0921,17.52,3122603
3166204,316620,Senhora dos Remédios,MG,Sudeste,2025,10657,3,0,0,0,2.82,0.0,0.0,0.0,99.98,93.22,86.47,82.41,79.71,72.95,82.41,27.03,9.7,72.96,Muito alta,-21.04065,-43.6105,21.14,3102100
3166303,316630,Sericita,MG,Sudeste,2025,7552,2,0,0,0,2.65,0.0,0.0,0.0,99.98,94.03,88.08,84.51,82.13,76.18,84.51,23.8,8.54,76.19,Muito alta,-20.4981,-42.45725,21.05,3157906
3166402,316640,Seritinga,MG,Sudeste,2025,1866,1,0,0,0,5.36,0.0,0.0,0.0,99.98,81.44,62.9,51.77,44.35,25.81,51.77,74.17,26.61,25.82,Alta,-21.9178,-44.4728,17.81,3101201
3166501,316650,Serra Azul de Minas,MG,Sudeste,2025,3808,1,0,0,0,2.63,0.0,0.0,0.0,99.98,94.14,88.3,84.79,82.45,76.61,84.79,23.37,8.39,76.62,Muito alta,-18.3906,-43.218999999999994,22.28,3156007
3166600,316660,Serra da Saudade,MG,Sudeste,2025,856,1,0,0,0,11.68,0.0,0.0,0.0,99.98,75.22,50.47,35.61,25.71,0.95,35.61,99.03,35.53,0.95,Moderada,-19.37985,-45.7892,20.03,3162104
3166808,316680,Serra do Salitre,MG,Sudeste,2025,12286,4,1,1,0,3.26,8.14,8.14,0.0,17.07,29.12,41.18,48.41,53.23,65.28,48.41,48.21,17.3,51.78,Moderada,-19.127200000000002,-46.68435,0.0,3166808
3166709,316670,Serra dos Aimorés,MG,Sudeste,2025,6859,5,0,0,0,7.29,0.0,0.0,0.0,99.98,77.02,54.06,40.28,31.09,8.13,40.28,91.85,32.96,8.13,Moderada,-17.75525,-40.26055,26.0,3144300
3166907,316690,Serrania,MG,Sudeste,2025,7811,3,1,1,1,3.84,12.8,12.8,12.8,8.15,19.48,30.82,37.62,42.16,53.49,37.62,45.34,16.27,54.65,Moderada,-21.57095,-46.080799999999996,0.0,3166907
3167004,316700,Serranos,MG,Sudeste,2025,2036,1,0,0,0,4.91,0.0,0.0,0.0,99.98,83.29,66.6,56.59,49.91,33.23,56.59,66.76,23.95,33.23,Alta,-21.82835,-44.54325,17.05,3101201
3166956,316695,Serranópolis de Minas,MG,Sudeste,2025,4497,4,0,0,0,8.89,0.0,0.0,0.0,99.98,75.98,51.98,37.58,27.98,3.98,37.58,96.0,34.45,3.99,Moderada,-15.870449999999998,-42.8719,23.25,3154507
3167103,316710,Serro,MG,Sudeste,2025,22624,8,1,1,1,3.54,4.42,4.42,4.42,33.32,40.01,46.71,50.72,53.4,60.1,50.72,26.78,9.61,71.18,Alta,-18.5184,-43.4036,0.0,3167103
3167202,316720,Sete Lagoas,MG,Sudeste,2025,238909,66,3,3,1,2.76,1.26,1.26,0.42,49.56,55.69,61.83,65.51,67.96,74.1,65.51,24.54,8.8,72.98,Alta,-19.445999999999998,-44.294,0.0,3167202
3165552,316555,Setubinha,MG,Sudeste,2025,9985,4,0,0,0,4.01,0.0,0.0,0.0,99.98,87.69,75.39,68.01,63.09,50.8,68.01,49.18,17.65,50.81,Alta,-17.60655,-42.136300000000006,28.1,3139201
3167301,316730,Silveirânia,MG,Sudeste,2025,2399,2,0,0,0,8.34,0.0,0.0,0.0,99.98,76.29,52.6,38.39,28.91,5.22,38.39,94.76,34.0,5.22,Moderada,-21.146,-43.20375,10.44,3155801
3167400,316740,Silvianópolis,MG,Sudeste,2025,6348,2,0,0,0,3.15,0.0,0.0,0.0,99.98,91.83,83.67,78.78,75.52,67.37,78.78,32.62,11.7,67.38,Muito alta,-22.0353,-45.80305,14.34,3113602
3167608,316760,Simonésia,MG,Sudeste,2025,20431,10,0,0,0,4.89,0.0,0.0,0.0,99.98,83.36,66.75,56.78,50.13,33.51,56.78,66.47,23.85,33.52,Alta,-19.99845,-41.9638,24.15,3139409
3167509,316750,Simão Pereira,MG,Sudeste,2025,3084,2,0,0,0,6.49,0.0,0.0,0.0,99.98,78.18,56.38,43.3,34.58,12.78,43.3,87.2,31.29,12.78,Moderada,-21.965,-43.2966,11.52,3300951
3167707,316770,Sobrália,MG,Sudeste,2025,5140,5,0,0,0,9.73,0.0,0.0,0.0,99.98,75.66,51.34,36.74,27.01,2.69,36.74,97.29,34.91,2.69,Moderada,-19.22315,-42.153,27.23,3168408
3167806,316780,Soledade de Minas,MG,Sudeste,2025,5733,2,0,0,0,3.49,0.0,0.0,0.0,99.98,90.29,80.6,74.78,70.9,61.21,74.78,38.77,13.91,61.22,Alta,-22.03025,-45.034949999999995,9.14,3115508
3160801,316080,São Bento Abade,MG,Sudeste,2025,4846,4,0,0,0,8.25,0.0,0.0,0.0,99.98,76.37,52.76,38.6,29.16,5.55,38.6,94.44,33.89,5.55,Moderada,-21.56605,-45.070350000000005,18.78,3113909
3160900,316090,São Brás do Suaçuí,MG,Sudeste,2025,4161,1,0,0,0,2.4,0.0,0.0,0.0,99.98,95.0,90.02,87.03,85.04,80.06,87.03,19.92,7.15,80.07,Muito alta,-20.62625,-43.97625,10.25,3135407
3160959,316095,São Domingos das Dores,MG,Sudeste,2025,5793,3,0,0,0,5.18,0.0,0.0,0.0,99.98,82.14,64.31,53.6,46.47,28.63,53.6,71.35,25.6,28.64,Alta,-19.51525,-42.0308,9.27,3130903
3161007,316100,São Domingos do Prata,MG,Sudeste,2025,17783,2,1,1,1,1.12,5.62,5.62,5.62,26.55,43.52,60.5,70.69,77.48,94.45,70.69,67.91,24.37,32.08,Alta,-19.87405,-42.899249999999995,0.0,3161007
3161106,316110,São Francisco,MG,Sudeste,2025,54223,20,1,1,1,3.69,1.84,1.84,1.84,47.37,49.74,52.1,53.52,54.47,56.83,53.52,9.46,3.39,82.98,Alta,-15.8584,-44.834450000000004,0.0,3161106
3161205,316120,São Francisco de Paula,MG,Sudeste,2025,6281,3,0,0,0,4.78,0.0,0.0,0.0,99.98,83.95,67.91,58.29,51.88,35.85,58.29,64.14,23.01,35.85,Alta,-20.6936,-44.9944,18.82,3114006
3161304,316130,São Francisco de Sales,MG,Sudeste,2025,5858,3,0,0,0,5.12,0.0,0.0,0.0,99.98,82.39,64.79,54.23,47.2,29.6,54.23,70.38,25.25,29.61,Alta,-19.774549999999998,-49.868300000000005,33.94,3111101
3161403,316140,São Francisco do Glória,MG,Sudeste,2025,4848,3,0,0,0,6.19,0.0,0.0,0.0,99.98,78.87,57.76,45.1,36.65,15.54,45.1,84.44,30.3,15.55,Moderada,-20.798650000000002,-42.28135,15.07,3125952
3161056,316105,São Félix de Minas,MG,Sudeste,2025,3244,2,0,0,0,6.17,0.0,0.0,0.0,99.98,78.93,57.87,45.24,36.82,15.76,45.24,84.22,30.22,15.76,Moderada,-18.56805,-41.4478,9.42,3141504
3161502,316150,São Geraldo,MG,Sudeste,2025,10524,5,0,0,0,4.75,0.0,0.0,0.0,99.98,84.09,68.19,58.66,52.3,36.4,58.66,63.58,22.81,36.41,Alta,-20.90645,-42.8269,13.02,3172004
3161601,316160,São Geraldo da Piedade,MG,Sudeste,2025,3200,2,0,0,0,6.25,0.0,0.0,0.0,99.98,78.71,57.43,44.67,36.16,14.88,44.67,85.1,30.54,14.88,Moderada,-18.889000000000003,-42.31155,37.7,3171808
3161650,316165,São Geraldo do Baixio,MG,Sudeste,2025,3158,2,0,0,0,6.33,0.0,0.0,0.0,99.98,78.51,57.04,44.15,35.56,14.09,44.15,85.89,30.82,14.09,Moderada,-18.92445,-41.36215,17.98,3115706
3161700,316170,São Gonçalo do Abaeté,MG,Sudeste,2025,7515,3,0,0,0,3.99,0.0,0.0,0.0,99.98,87.74,75.51,68.16,63.27,51.03,68.16,48.95,17.56,51.04,Alta,-18.177100000000003,-45.59485,47.41,3143500
3161809,316180,São Gonçalo do Pará,MG,Sudeste,2025,12275,6,0,0,0,4.89,0.0,0.0,0.0,99.98,83.39,66.8,56.85,50.21,33.62,56.85,66.36,23.81,33.63,Alta,-19.972949999999997,-44.824749999999995,19.46,3122306
3161908,316190,São Gonçalo do Rio Abaixo,MG,Sudeste,2025,12475,6,1,0,0,4.81,8.02,0.0,0.0,17.5,21.88,26.26,28.89,30.64,35.02,28.89,17.52,6.29,78.73,Moderada,-19.7966,-43.3133,0.0,3161908
3125507,312550,São Gonçalo do Rio Preto,MG,Sudeste,2025,3099,2,1,0,0,6.45,32.27,0.0,0.0,0.74,3.81,6.87,8.72,9.94,13.01,8.72,12.28,4.41,87.72,Baixa,-18.0901,-43.365300000000005,0.0,3125507
3162005,316200,São Gonçalo do Sapucaí,MG,Sudeste,2025,24497,9,1,1,1,3.67,4.08,4.08,4.08,35.0,40.53,46.06,49.38,51.59,57.12,49.38,22.11,7.94,73.43,Moderada,-21.903950000000002,-45.590900000000005,0.0,3162005
3162104,316210,São Gotardo,MG,Sudeste,2025,43851,15,2,2,2,3.42,4.56,4.56,4.56,32.69,40.12,47.56,52.02,54.99,62.43,52.02,29.74,10.67,69.77,Alta,-19.36705,-45.9797,0.0,3162104
3162922,316292,São Joaquim de Bicas,MG,Sudeste,2025,37017,10,0,0,0,2.7,0.0,0.0,0.0,99.98,93.79,87.6,83.88,81.4,75.21,83.88,24.77,8.89,75.22,Muito alta,-20.064500000000002,-44.24205,8.57,3130101
3162948,316294,São José da Barra,MG,Sudeste,2025,8145,3,0,0,0,3.68,0.0,0.0,0.0,99.98,89.23,78.48,72.03,67.73,56.97,72.03,43.01,15.43,56.98,Alta,-20.76305,-46.2434,17.47,3101904
3162955,316295,São José da Lapa,MG,Sudeste,2025,28087,9,0,0,0,3.2,0.0,0.0,0.0,99.98,91.57,83.15,78.11,74.74,66.33,78.11,33.66,12.08,66.34,Muito alta,-19.6934,-43.9883,5.66,3171204
3163003,316300,São José da Safira,MG,Sudeste,2025,3849,2,0,0,0,5.2,0.0,0.0,0.0,99.98,82.1,64.23,53.5,46.35,28.47,53.5,71.51,25.66,28.47,Alta,-18.32375,-42.129599999999996,21.94,3158201
3163102,316310,São José da Varginha,MG,Sudeste,2025,4698,3,0,0,0,6.39,0.0,0.0,0.0,99.98,78.37,56.77,43.8,35.16,13.55,43.8,86.43,31.01,13.55,Moderada,-19.69945,-44.5695,16.14,3147105
3163201,316320,São José do Alegre,MG,Sudeste,2025,4252,3,0,0,0,7.06,0.0,0.0,0.0,99.98,77.28,54.57,40.94,31.86,9.15,40.94,90.83,32.59,9.16,Moderada,-22.3178,-45.51025,9.36,3149101
3163300,316330,São José do Divino,MG,Sudeste,2025,3482,2,0,0,0,5.74,0.0,0.0,0.0,99.98,80.04,60.1,48.13,40.15,20.21,48.13,79.77,28.62,20.22,Moderada,-18.401049999999998,-41.373949999999994,21.94,3131802
3163409,316340,São José do Goiabal,MG,Sudeste,2025,5482,3,0,0,0,5.47,0.0,0.0,0.0,99.98,81.08,62.18,50.84,43.28,24.38,50.84,75.61,27.13,24.38,Alta,-19.939149999999998,-42.6667,12.01,3121803
3163508,316350,São José do Jacuri,MG,Sudeste,2025,6282,4,0,0,0,6.37,0.0,0.0,0.0,99.98,78.42,56.85,43.91,35.28,13.71,43.91,86.27,30.95,13.72,Moderada,-18.242150000000002,-42.6627,18.37,3116803
3163607,316360,São José do Mantimento,MG,Sudeste,2025,2844,2,0,0,0,7.03,0.0,0.0,0.0,99.98,77.31,54.64,41.04,31.97,9.3,41.04,90.68,32.54,9.3,Moderada,-20.022100000000002,-41.765299999999996,21.83,3137700
3162203,316220,São João Batista do Glória,MG,Sudeste,2025,7959,4,1,1,1,5.03,12.56,12.56,12.56,8.42,14.08,19.74,23.13,25.39,31.05,23.13,22.64,8.12,75.87,Baixa,-20.53455,-46.4349,0.0,3162203
3162807,316280,São João Evangelista,MG,Sudeste,2025,15613,11,1,1,1,7.05,6.4,6.4,6.4,23.37,19.83,16.29,14.17,12.75,9.21,14.17,14.16,5.08,80.65,Baixa,-18.49625,-42.79795,0.0,3162807
3162906,316290,São João Nepomuceno,MG,Sudeste,2025,26529,3,1,1,1,1.13,3.77,3.77,3.77,37.21,51.51,65.81,74.38,80.1,94.4,74.38,57.19,20.52,42.8,Alta,-21.5878,-43.013450000000006,0.0,3162906
3162252,316225,São João da Lagoa,MG,Sudeste,2025,4962,3,0,0,0,6.05,0.0,0.0,0.0,99.98,79.23,58.48,46.03,37.73,16.98,46.03,83.0,29.78,16.98,Moderada,-16.85185,-44.32315,27.96,3118809
3162302,316230,São João da Mata,MG,Sudeste,2025,3012,2,0,0,0,6.64,0.0,0.0,0.0,99.98,77.95,55.92,42.71,33.89,11.87,42.71,88.12,31.62,11.87,Moderada,-21.954349999999998,-45.94055,17.36,3151701
3162401,316240,São João da Ponte,MG,Sudeste,2025,24197,16,1,1,1,6.61,4.13,4.13,4.13,34.57,28.94,23.31,19.93,17.68,12.04,19.93,22.53,8.08,71.65,Baixa,-15.9116,-43.9148,0.0,3162401
3162450,316245,São João das Missões,MG,Sudeste,2025,13547,5,1,0,0,3.69,7.38,0.0,0.0,19.06,28.49,37.91,43.56,47.33,56.76,43.56,37.7,13.53,62.3,Moderada,-14.8799,-44.2451,0.0,3162450
3162500,316250,São João del Rei,MG,Sudeste,2025,94468,21,4,4,2,2.22,4.23,4.23,2.12,34.03,46.28,58.52,65.86,70.76,83.0,65.86,48.97,17.57,51.02,Alta,-21.240099999999998,-44.2901,0.0,3162500
3162559,316255,São João do Manhuaçu,MG,Sudeste,2025,11676,3,0,0,0,2.57,0.0,0.0,0.0,99.98,94.35,88.71,85.33,83.07,77.44,85.33,22.55,8.09,77.45,Muito alta,-20.37975,-42.1475,13.88,3157906
3162575,316257,São João do Manteninha,MG,Sudeste,2025,5479,3,1,1,0,5.48,18.25,18.25,0.0,3.93,9.02,14.12,17.17,19.21,24.3,17.17,20.37,7.31,78.99,Baixa,-18.740699999999997,-41.1524,0.0,3162575
3162609,316260,São João do Oriente,MG,Sudeste,2025,7099,5,0,0,0,7.04,0.0,0.0,0.0,99.98,77.29,54.6,40.99,31.92,9.23,40.99,90.76,32.56,9.23,Moderada,-19.350749999999998,-42.17245,27.77,3130903
3162658,316265,São João do Pacuí,MG,Sudeste,2025,4050,1,0,0,0,2.47,0.0,0.0,0.0,99.98,94.69,89.4,86.23,84.11,78.82,86.23,21.16,7.59,78.83,Muito alta,-16.551949999999998,-44.543,15.66,3118809
3162708,316270,São João do Paraíso,MG,Sudeste,2025,24706,8,1,1,1,3.24,4.05,4.05,4.05,35.31,42.9,50.49,55.05,58.09,65.68,55.05,30.37,10.9,69.62,Alta,-15.36455,-41.982150000000004,0.0,3162708
3163706,316370,São Lourenço,MG,Sudeste,2025,46868,13,2,2,1,2.77,4.27,4.27,2.13,33.91,43.88,53.86,59.84,63.84,73.81,59.84,39.9,14.32,60.09,Alta,-22.1128,-45.04395,0.0,3163706
3163805,316380,São Miguel do Anta,MG,Sudeste,2025,6410,4,0,0,0,6.24,0.0,0.0,0.0,99.98,78.75,57.51,44.77,36.28,15.04,44.77,84.94,30.48,15.04,Moderada,-20.7483,-42.7216,16.26,3171303
3163904,316390,São Pedro da União,MG,Sudeste,2025,4973,3,1,0,1,6.03,20.11,0.0,20.11,3.12,6.63,10.13,12.24,13.64,17.14,12.24,14.02,5.03,84.97,Baixa,-21.103949999999998,-46.6607,0.0,3163904
3164100,316410,São Pedro do Suaçuí,MG,Sudeste,2025,5143,4,0,0,0,7.78,0.0,0.0,0.0,99.98,76.62,53.26,39.24,29.9,6.53,39.24,93.45,33.53,6.54,Moderada,-18.37155,-42.5817,19.39,3148608
3164001,316400,São Pedro dos Ferros,MG,Sudeste,2025,7132,4,0,0,0,5.61,0.0,0.0,0.0,99.98,80.53,61.08,49.4,41.62,22.17,49.4,77.81,27.92,22.17,Moderada,-20.0738,-42.56555,11.39,3154903
3164209,316420,São Romão,MG,Sudeste,2025,10562,7,1,1,1,6.63,9.47,9.47,9.47,12.87,12.64,12.4,12.26,12.17,11.94,12.26,0.93,0.33,90.9,Baixa,-16.36675,-45.434349999999995,0.0,3164209
3164308,316430,São Roque de Minas,MG,Sudeste,2025,7370,3,1,1,1,4.07,13.57,13.57,13.57,7.36,17.9,28.44,34.77,38.98,49.52,34.77,42.16,15.13,57.83,Moderada,-20.182850000000002,-46.5036,0.0,3164308
3164407,316440,São Sebastião da Bela Vista,MG,Sudeste,2025,6778,2,0,0,0,2.95,0.0,0.0,0.0,99.98,92.68,85.37,80.99,78.06,70.76,80.99,29.22,10.49,70.77,Muito alta,-22.1672,-45.77045,11.97,3159605
3164431,316443,São Sebastião da Vargem Alegre,MG,Sudeste,2025,3239,2,0,0,0,6.17,0.0,0.0,0.0,99.98,78.92,57.85,45.21,36.79,15.72,45.21,84.26,30.23,15.73,Moderada,-21.0154,-42.60095,13.97,3142205
3164472,316447,São Sebastião do Anta,MG,Sudeste,2025,6415,2,0,0,0,3.12,0.0,0.0,0.0,99.98,91.99,83.99,79.19,75.99,67.99,79.19,31.99,11.48,68.01,Muito alta,-19.51005,-41.947,2.86,3130903
3164506,316450,São Sebastião do Maranhão,MG,Sudeste,2025,10218,4,0,0,0,3.91,0.0,0.0,0.0,99.98,88.08,76.17,69.03,64.27,52.36,69.03,47.62,17.09,52.37,Alta,-18.05405,-42.5618,31.37,3100609
3164605,316460,São Sebastião do Oeste,MG,Sudeste,2025,9527,8,0,0,0,8.4,0.0,0.0,0.0,99.98,76.25,52.52,38.28,28.79,5.06,38.28,94.92,34.06,5.06,Moderada,-20.2431,-45.02935,17.42,3122306
3164704,316470,São Sebastião do Paraíso,MG,Sudeste,2025,75179,28,3,2,1,3.72,3.99,2.66,1.33,35.88,40.94,45.99,49.02,51.04,56.09,49.02,20.21,7.25,74.4,Moderada,-20.89835,-47.01905,0.0,3164704
3164803,316480,São Sebastião do Rio Preto,MG,Sudeste,2025,1229,1,0,0,0,8.14,0.0,0.0,0.0,99.98,76.44,52.9,38.77,29.36,5.82,38.77,94.17,33.79,5.82,Moderada,-19.2945,-43.2381,9.92,3147501
3164902,316490,São Sebastião do Rio Verde,MG,Sudeste,2025,2385,2,0,0,0,8.39,0.0,0.0,0.0,99.98,76.27,52.56,38.33,28.85,5.13,38.33,94.85,34.03,5.13,Moderada,-22.2107,-45.02235,10.18,3152600
3165008,316500,São Tiago,MG,Sudeste,2025,11559,3,1,1,1,2.6,8.65,8.65,8.65,15.98,31.25,46.53,55.69,61.8,77.08,55.69,61.1,21.92,38.89,Alta,-20.94455,-44.57755,0.0,3165008
3165107,316510,São Tomás de Aquino,MG,Sudeste,2025,6837,3,0,0,0,4.39,0.0,0.0,0.0,99.98,85.84,71.69,63.21,57.55,43.4,63.21,56.58,20.3,43.41,Alta,-20.78,-47.127700000000004,17.16,3112406
3165206,316520,São Tomé das Letras,MG,Sudeste,2025,7107,4,0,0,0,5.63,0.0,0.0,0.0,99.98,80.45,60.92,49.2,41.39,21.86,49.2,78.12,28.03,21.87,Moderada,-21.73965,-44.9667,18.83,3120805
3165305,316530,São Vicente de Minas,MG,Sudeste,2025,6928,4,1,1,1,5.77,14.43,14.43,14.43,6.64,9.94,13.25,15.23,16.55,19.85,15.23,13.21,4.74,84.06,Baixa,-21.654049999999998,-44.465149999999994,0.0,3165305
3167905,316790,Tabuleiro,MG,Sudeste,2025,4097,3,0,0,0,7.32,0.0,0.0,0.0,99.98,76.99,53.99,40.2,31.0,8.01,40.2,91.98,33.0,8.01,Moderada,-21.35885,-43.25565,16.22,3155801
3168002,316800,Taiobeiras,MG,Sudeste,2025,34537,14,1,1,1,4.05,2.9,2.9,2.9,42.29,44.19,46.1,47.24,48.0,49.9,47.24,7.61,2.73,80.7,Moderada,-15.82055,-42.093149999999994,0.0,3168002
3168051,316805,Taparuba,MG,Sudeste,2025,3508,4,0,0,0,11.4,0.0,0.0,0.0,99.98,75.26,50.53,35.69,25.8,1.08,35.69,98.91,35.49,1.08,Moderada,-19.749650000000003,-41.58755,16.95,3131208
3168101,316810,Tapira,MG,Sudeste,2025,4215,2,0,0,0,4.74,0.0,0.0,0.0,99.98,84.13,68.28,58.77,52.43,36.58,58.77,63.4,22.75,36.59,Alta,-19.912100000000002,-46.884699999999995,32.72,3104007
3168200,316820,Tapiraí,MG,Sudeste,2025,1698,0,0,0,0,0.0,0.0,0.0,0.0,99.98,99.98,99.98,99.98,99.98,99.98,99.98,0.0,0.0,100.0,Muito alta,-19.8724,-46.15515,28.2,3153004
3168309,316830,Taquaraçu de Minas,MG,Sudeste,2025,4394,3,0,0,0,6.83,0.0,0.0,0.0,99.98,77.59,55.21,41.77,32.82,10.43,41.77,89.55,32.13,10.43,Moderada,-19.63015,-43.6785,20.95,3157807
3168408,316840,Tarumirim,MG,Sudeste,2025,15104,9,1,1,1,5.96,6.62,6.62,6.62,22.8,21.56,20.33,19.59,19.09,17.86,19.59,4.94,1.77,84.06,Baixa,-19.2837,-41.901700000000005,0.0,3168408
3168507,316850,Teixeiras,MG,Sudeste,2025,12691,6,1,0,0,4.73,7.88,0.0,0.0,17.81,22.57,27.34,30.2,32.1,36.87,30.2,19.06,6.84,77.97,Moderada,-20.6278,-42.856449999999995,0.0,3168507
3168606,316860,Teófilo Otoni,MG,Sudeste,2025,142851,55,8,7,4,3.85,5.6,4.9,2.8,26.8,33.44,40.08,44.07,46.72,53.37,44.07,26.57,9.53,71.97,Moderada,-17.6871,-41.3597,0.0,3168606
3168705,316870,Timóteo,MG,Sudeste,2025,84172,18,1,1,1,2.14,1.19,1.19,1.19,49.78,58.36,66.94,72.1,75.53,84.11,72.1,34.34,12.32,64.7,Alta,-19.55285,-42.606049999999996,0.0,3168705
3168804,316880,Tiradentes,MG,Sudeste,2025,8056,6,0,0,0,7.45,0.0,0.0,0.0,99.98,76.88,53.78,39.92,30.68,7.57,39.92,92.41,33.16,7.58,Moderada,-21.12195,-44.15845,10.93,3152709
3168903,316890,Tiros,MG,Sudeste,2025,8231,3,1,0,0,3.64,12.15,0.0,0.0,8.85,21.08,33.31,40.64,45.53,57.76,40.64,48.91,17.55,51.08,Moderada,-18.8315,-45.83565,0.0,3168903
3169000,316900,Tocantins,MG,Sudeste,2025,16603,8,0,0,0,4.82,0.0,0.0,0.0,99.98,83.71,67.43,57.66,51.15,34.88,57.66,65.11,23.36,34.88,Alta,-21.18385,-43.0214,9.43,3169901
3169059,316905,Tocos do Moji,MG,Sudeste,2025,3894,2,0,0,0,5.14,0.0,0.0,0.0,99.98,82.32,64.66,54.06,46.99,29.33,54.06,70.65,25.35,29.34,Alta,-22.35755,-46.149550000000005,11.39,3108305
3169109,316910,Toledo,MG,Sudeste,2025,7625,2,0,0,0,2.62,0.0,0.0,0.0,99.98,94.16,88.33,84.84,82.51,76.68,84.84,23.3,8.36,76.7,Muito alta,-22.714550000000003,-46.3864,16.05,3125101
3169208,316920,Tombos,MG,Sudeste,2025,8653,5,1,1,1,5.78,11.56,11.56,11.56,9.66,12.19,14.73,16.25,17.26,19.8,16.25,10.14,3.64,85.44,Baixa,-20.889499999999998,-42.058499999999995,0.0,3169208
3169307,316930,Três Corações,MG,Sudeste,2025,78291,19,5,2,1,2.43,6.39,2.55,1.28,23.5,37.54,51.58,60.0,65.62,79.66,60.0,56.17,20.15,43.82,Alta,-21.70265,-45.2269,0.0,3169307
3169356,316935,Três Marias,MG,Sudeste,2025,29985,12,1,1,1,4.0,3.34,3.34,3.34,39.76,42.54,45.32,46.98,48.09,50.87,46.98,11.11,3.99,79.01,Moderada,-18.29905,-45.0459,0.0,3169356
3169406,316940,Três Pontas,MG,Sudeste,2025,57209,17,2,2,0,2.97,3.5,3.5,0.0,38.86,46.79,54.72,59.48,62.65,70.58,59.48,31.72,11.38,68.28,Alta,-21.404,-45.4867,0.0,3169406
3169505,316950,Tumiritinga,MG,Sudeste,2025,5955,4,0,0,0,6.72,0.0,0.0,0.0,99.98,77.8,55.62,42.31,33.44,11.25,42.31,88.73,31.84,11.26,Moderada,-19.037300000000002,-41.7346,15.02,3133204
3169604,316960,Tupaciguara,MG,Sudeste,2025,26583,6,1,1,1,2.26,3.76,3.76,3.76,37.3,48.6,59.91,66.69,71.21,82.52,66.69,45.22,16.22,54.78,Alta,-18.5727,-48.775999999999996,0.0,3169604
3169703,316970,Turmalina,MG,Sudeste,2025,20769,9,1,1,1,4.33,4.81,4.81,4.81,31.18,34.5,37.81,39.8,41.13,44.44,39.8,13.27,4.76,78.89,Moderada,-17.2603,-42.8211,0.0,3169703
3169802,316980,Turvolândia,MG,Sudeste,2025,5097,2,0,0,0,3.92,0.0,0.0,0.0,99.98,88.05,76.11,68.95,64.17,52.23,68.95,47.75,17.13,52.24,Alta,-21.8851,-45.8023,21.83,3151701
3170057,317005,Ubaporanga,MG,Sudeste,2025,13485,6,0,0,0,4.45,0.0,0.0,0.0,99.98,85.49,70.99,62.3,56.5,42.0,62.3,57.98,20.8,42.01,Alta,-19.668300000000002,-42.06445,9.23,3113404
3170008,317000,Ubaí,MG,Sudeste,2025,11985,11,0,0,0,9.18,0.0,0.0,0.0,99.98,75.86,51.74,37.27,27.62,3.5,37.27,96.48,34.62,3.5,Moderada,-16.36375,-44.86685,14.09,3130051
3170107,317010,Uberaba,MG,Sudeste,2025,356781,39,11,10,4,1.09,3.08,2.8,1.12,41.11,54.49,67.88,75.91,81.26,94.65,75.91,53.55,19.21,46.45,Muito alta,-19.6098,-47.970150000000004,0.0,3170107
3170206,317020,Uberlândia,MG,Sudeste,2025,761835,82,40,26,6,1.08,5.25,3.41,0.79,28.88,45.36,61.83,71.71,78.3,94.78,71.71,65.89,23.64,34.09,Alta,-19.00325,-48.363299999999995,0.0,3170206
3169901,316990,Ubá,MG,Sudeste,2025,107423,36,4,4,3,3.35,3.72,3.72,2.79,37.55,44.05,50.55,54.45,57.05,63.54,54.45,25.99,9.33,72.21,Alta,-21.1102,-42.97635,0.0,3169901
3170305,317030,Umburatiba,MG,Sudeste,2025,2742,2,0,0,0,7.29,0.0,0.0,0.0,99.98,77.01,54.05,40.27,31.08,8.11,40.27,91.87,32.96,8.11,Moderada,-17.271749999999997,-40.6657,21.44,3138906
3170404,317040,Unaí,MG,Sudeste,2025,91320,20,5,5,4,2.19,5.48,5.48,4.38,27.7,41.64,55.59,63.96,69.54,83.49,63.96,55.79,20.02,44.2,Alta,-16.386499999999998,-46.83225,0.0,3170404
3170438,317043,União de Minas,MG,Sudeste,2025,3818,2,1,1,0,5.24,26.19,26.19,0.0,1.47,8.04,14.6,18.54,21.17,27.73,18.54,26.26,9.42,73.73,Baixa,-19.40765,-50.3438,0.0,3170438
3170479,317047,Uruana de Minas,MG,Sudeste,2025,3365,4,0,0,0,11.89,0.0,0.0,0.0,99.98,75.2,50.42,35.55,25.64,0.86,35.55,99.12,35.57,0.86,Moderada,-16.0977,-46.32485,46.84,3104502
3170529,317052,Urucuia,MG,Sudeste,2025,18515,5,1,1,1,2.7,5.4,5.4,5.4,27.97,39.79,51.61,58.7,63.43,75.25,58.7,47.28,16.97,52.71,Alta,-16.0217,-45.605000000000004,0.0,3170529
3170503,317050,Urucânia,MG,Sudeste,2025,10899,2,0,0,0,1.84,0.0,0.0,0.0,99.98,96.89,93.79,91.93,90.69,87.6,91.93,12.39,4.44,87.61,Muito alta,-20.3326,-42.729,21.43,3152105
3170578,317057,Vargem Alegre,MG,Sudeste,2025,5800,3,0,0,0,5.17,0.0,0.0,0.0,99.98,82.17,64.35,53.66,46.54,28.72,53.66,71.26,25.57,28.73,Alta,-19.594749999999998,-42.331050000000005,15.0,3107802
3170602,317060,Vargem Bonita,MG,Sudeste,2025,2207,3,0,0,0,13.59,0.0,0.0,0.0,99.98,75.09,50.21,35.27,25.32,0.43,35.27,99.55,35.72,0.43,Moderada,-20.4395,-46.3418,14.34,3162203
3170651,317065,Vargem Grande do Rio Pardo,MG,Sudeste,2025,4724,4,0,0,0,8.47,0.0,0.0,0.0,99.98,76.22,52.45,38.19,28.68,4.92,38.19,95.06,34.11,4.92,Moderada,-15.331900000000001,-42.3093,35.27,3162708
3170701,317070,Varginha,MG,Sudeste,2025,143676,25,5,4,1,1.74,3.48,2.78,0.7,38.95,51.41,63.88,71.35,76.34,88.8,71.35,49.85,17.89,50.14,Alta,-21.5636,-45.40105,0.0,3170701
3170750,317075,Varjão de Minas,MG,Sudeste,2025,7305,4,0,0,0,5.48,0.0,0.0,0.0,99.98,81.05,62.13,50.77,43.2,24.27,50.77,75.71,27.17,24.27,Alta,-18.4566,-45.927899999999994,42.81,3168903
3170909,317090,Varzelândia,MG,Sudeste,2025,19210,12,1,0,1,6.25,5.21,0.0,5.21,29.29,25.71,22.12,19.97,18.54,14.95,19.97,14.34,5.15,77.38,Baixa,-15.638300000000001,-43.92065,0.0,3170909
3171006,317100,Vazante,MG,Sudeste,2025,20459,11,1,1,1,5.38,4.89,4.89,4.89,30.91,29.58,28.25,27.46,26.93,25.6,27.46,5.31,1.91,82.05,Moderada,-17.86855,-46.87425,0.0,3171006
3171030,317103,Verdelândia,MG,Sudeste,2025,7737,6,0,0,0,7.75,0.0,0.0,0.0,99.98,76.63,53.28,39.28,29.94,6.59,39.28,93.39,33.51,6.59,Moderada,-15.56945,-43.6362,29.77,3135100
3171071,317107,Veredinha,MG,Sudeste,2025,5240,3,0,0,0,5.73,0.0,0.0,0.0,99.98,80.12,60.27,48.35,40.41,20.55,48.35,79.43,28.5,20.56,Moderada,-17.48005,-42.7123,27.03,3169703
3171154,317115,Vermelho Novo,MG,Sudeste,2025,5048,1,0,0,0,1.98,0.0,0.0,0.0,99.98,96.51,93.04,90.96,89.58,86.11,90.96,13.88,4.98,86.12,Muito alta,-20.036250000000003,-42.2607,10.19,3154002
3171105,317110,Veríssimo,MG,Sudeste,2025,3478,1,0,0,0,2.88,0.0,0.0,0.0,99.98,92.94,85.89,81.66,78.85,71.8,81.66,28.18,10.11,71.81,Muito alta,-19.61695,-48.346599999999995,36.17,3117306
3171204,317120,Vespasiano,MG,Sudeste,2025,138583,22,1,1,0,1.59,0.72,0.72,0.0,50.98,60.85,70.71,76.64,80.58,90.45,76.64,39.47,14.16,59.91,Muito alta,-19.7261,-43.94685,0.0,3171204
3171402,317140,Vieiras,MG,Sudeste,2025,3781,2,0,0,0,5.29,0.0,0.0,0.0,99.98,81.73,63.48,52.53,45.23,26.98,52.53,73.0,26.19,26.98,Alta,-20.9112,-42.27895,11.63,3124906
3171600,317160,Virgem da Lapa,MG,Sudeste,2025,11774,7,1,1,1,5.95,8.49,8.49,8.49,16.35,16.76,17.16,17.4,17.56,17.97,17.4,1.62,0.58,88.17,Baixa,-16.6939,-42.311949999999996,0.0,3171600
3171808,317180,Virginópolis,MG,Sudeste,2025,10511,4,1,1,1,3.81,9.51,9.51,9.51,12.67,23.1,33.52,39.78,43.95,54.37,39.78,41.7,14.96,58.29,Moderada,-18.79585,-42.656,0.0,3171808
3171907,317190,Virgolândia,MG,Sudeste,2025,4471,4,0,0,0,8.95,0.0,0.0,0.0,99.98,75.94,51.9,37.48,27.86,3.82,37.48,96.16,34.5,3.82,Moderada,-18.460250000000002,-42.3059,25.86,3148608
3171709,317170,Virgínia,MG,Sudeste,2025,9164,4,1,0,1,4.36,10.91,0.0,10.91,10.45,18.78,27.12,32.13,35.46,43.8,32.13,33.35,11.97,66.64,Moderada,-22.34545,-45.11895,0.0,3171709
3172004,317200,Visconde do Rio Branco,MG,Sudeste,2025,40711,11,1,1,1,2.7,2.46,2.46,2.46,44.61,52.25,59.89,64.48,67.53,75.18,64.48,30.57,10.97,69.43,Alta,-21.02145,-42.85035,0.0,3172004
3171303,317130,Viçosa,MG,Sudeste,2025,79517,20,4,3,2,2.52,5.03,3.77,2.52,30.21,42.17,54.14,61.32,66.1,78.06,61.32,47.85,17.17,52.14,Alta,-20.748800000000003,-42.878,0.0,3171303
3172103,317210,Volta Grande,MG,Sudeste,2025,4441,3,0,0,0,6.76,0.0,0.0,0.0,99.98,77.73,55.47,42.12,33.22,10.97,42.12,89.01,31.94,10.97,Moderada,-21.763550000000002,-42.5518,22.78,3101508
3170800,317080,Várzea da Palma,MG,Sudeste,2025,34555,12,1,1,1,3.47,2.89,2.89,2.89,42.33,47.12,51.91,54.79,56.7,61.5,54.79,19.17,6.88,77.86,Alta,-17.4171,-44.739549999999994,0.0,3170800
3172202,317220,Wenceslau Braz,MG,Sudeste,2025,2377,1,0,0,0,4.21,0.0,0.0,0.0,99.98,86.73,73.49,65.54,60.24,46.99,65.54,52.99,19.01,47.0,Alta,-22.5442,-45.40875,11.73,3132404
3100609,310060,Água Boa,MG,Sudeste,2025,12391,4,1,0,0,3.23,8.07,0.0,0.0,17.38,29.5,41.62,48.89,53.74,65.86,48.89,48.48,17.4,51.51,Moderada,-18.014049999999997,-42.26815,0.0,3100609
3100708,310070,Água Comprida,MG,Sudeste,2025,2171,2,0,0,0,9.21,0.0,0.0,0.0,99.98,75.84,51.7,37.21,27.55,3.41,37.21,96.57,34.65,3.41,Moderada,-19.99635,-48.0923,27.14,3117306
3100906,310090,Águas Formosas,MG,Sudeste,2025,18850,9,1,1,1,4.77,5.31,5.31,5.31,28.65,30.46,32.27,33.36,34.09,35.9,33.36,7.25,2.6,81.99,Moderada,-17.0365,-40.9842,0.0,3100906
3101003,310100,Águas Vermelhas,MG,Sudeste,2025,14567,7,1,1,1,4.81,6.86,6.86,6.86,21.92,25.23,28.54,30.53,31.85,35.16,30.53,13.25,4.75,80.63,Moderada,-15.72385,-41.54505,0.0,3101003
5000252,500025,Alcinópolis,MS,Centro-Oeste,2025,4649,2,0,0,0,4.3,0.0,0.0,0.0,99.98,86.27,72.55,64.33,58.84,45.13,64.33,54.86,19.68,45.13,Alta,-18.2259,-53.71175,62.7,5003900
5000609,500060,Amambai,MS,Centro-Oeste,2025,41751,10,2,2,2,2.4,4.79,4.79,4.79,31.29,43.54,55.8,63.15,68.05,80.31,63.15,49.02,17.59,50.97,Alta,-23.2193,-54.9523,0.0,5000609
5000708,500070,Anastácio,MS,Centro-Oeste,2025,24781,10,1,1,1,4.04,4.04,4.04,4.04,35.36,39.1,42.83,45.07,46.56,50.3,45.07,14.93,5.36,77.47,Moderada,-20.7367,-55.7422,0.0,5000708
5000807,500080,Anaurilândia,MS,Centro-Oeste,2025,7688,4,0,0,0,5.2,0.0,0.0,0.0,99.98,82.08,64.17,53.43,46.27,28.36,53.43,71.62,25.7,28.37,Alta,-22.15275,-52.76035,35.06,5001904
5000856,500085,Angélica,MS,Centro-Oeste,2025,11308,4,0,0,0,3.54,0.0,0.0,0.0,99.98,89.98,79.99,73.99,69.99,59.99,73.99,39.99,14.35,60.0,Alta,-22.05955,-53.85695,31.34,5003454
5000906,500090,Antônio João,MS,Centro-Oeste,2025,9717,3,0,0,0,3.09,0.0,0.0,0.0,99.98,92.15,84.31,79.61,76.48,68.64,79.61,31.34,11.25,68.65,Muito alta,-22.2228,-55.997749999999996,47.53,5006606
5001003,500100,Aparecida do Taboado,MS,Centro-Oeste,2025,29826,8,1,1,1,2.68,3.35,3.35,3.35,39.72,48.67,57.61,62.98,66.55,75.5,62.98,35.77,12.84,64.22,Alta,-20.07315,-51.343999999999994,0.0,5001003
5001102,500110,Aquidauana,MS,Centro-Oeste,2025,48689,15,3,3,1,3.08,6.16,6.16,2.05,24.23,35.36,46.49,53.17,57.62,68.75,53.17,44.52,15.97,55.48,Alta,-19.5504,-56.029650000000004,0.0,5001102
5001243,500124,Aral Moreira,MS,Centro-Oeste,2025,11125,5,1,1,1,4.49,8.99,8.99,8.99,14.79,21.41,28.03,32.0,34.65,41.27,32.0,26.48,9.5,72.42,Moderada,-22.967,-55.36925,0.0,5001243
5001508,500150,Bandeirantes,MS,Centro-Oeste,2025,8342,5,0,0,0,5.99,0.0,0.0,0.0,99.98,79.36,58.73,46.36,38.11,17.48,46.36,82.5,29.6,17.49,Moderada,-19.8247,-54.32475,72.27,5002605
5001904,500190,Bataguassu,MS,Centro-Oeste,2025,24222,11,1,0,0,4.54,4.13,0.0,0.0,34.61,36.06,37.52,38.39,38.97,40.42,38.39,5.82,2.09,82.75,Moderada,-21.865099999999998,-52.62105,0.0,5001904
5002001,500200,Batayporã,MS,Centro-Oeste,2025,10947,5,0,0,0,4.57,0.0,0.0,0.0,99.98,84.97,69.96,60.95,54.95,39.94,60.95,60.04,21.54,39.95,Alta,-22.36955,-53.1522,32.22,3544251
5002100,500210,Bela Vista,MS,Centro-Oeste,2025,21881,8,0,0,0,3.66,0.0,0.0,0.0,99.98,89.37,78.76,72.39,68.14,57.53,72.39,42.45,15.23,57.54,Alta,-21.9142,-56.5322,62.49,5002803
5002159,500215,Bodoquena,MS,Centro-Oeste,2025,8887,4,0,0,0,4.5,0.0,0.0,0.0,99.98,85.26,70.54,61.71,55.82,41.11,61.71,58.88,21.13,41.11,Alta,-20.5367,-56.6981,45.71,5005608
5002209,500220,Bonito,MS,Centro-Oeste,2025,25034,6,0,0,0,2.4,0.0,0.0,0.0,99.98,95.05,90.12,87.16,85.19,80.25,87.16,19.73,7.08,80.27,Muito alta,-20.9666,-56.4828,81.09,5000708
5002308,500230,Brasilândia,MS,Centro-Oeste,2025,11833,7,0,0,0,5.92,0.0,0.0,0.0,99.98,79.56,59.15,46.89,38.73,18.31,46.89,81.67,29.31,18.31,Moderada,-21.06005,-52.488,79.83,5008305
5002407,500240,Caarapó,MS,Centro-Oeste,2025,32748,7,0,0,0,2.14,0.0,0.0,0.0,99.98,96.02,92.06,89.68,88.09,84.13,89.68,15.85,5.69,84.15,Muito alta,-22.626849999999997,-54.7909,30.68,5005251
5002605,500260,Camapuã,MS,Centro-Oeste,2025,13928,10,1,1,1,7.18,7.18,7.18,7.18,19.71,16.94,14.16,12.5,11.39,8.62,12.5,11.09,3.98,83.72,Baixa,-19.32385,-53.885149999999996,0.0,5002605
5002704,500270,Campo Grande,MS,Centro-Oeste,2025,962883,82,17,15,4,0.85,1.77,1.56,0.42,47.75,59.87,72.0,79.27,84.12,96.25,79.27,48.5,17.4,51.49,Muito alta,-20.8761,-54.263549999999995,0.0,5002704
5002803,500280,Caracol,MS,Centro-Oeste,2025,5096,3,1,1,1,5.89,19.62,19.62,19.62,3.34,7.17,10.99,13.29,14.82,18.65,13.29,15.31,5.49,83.68,Baixa,-21.9053,-57.1379,0.0,5002803
5002902,500290,Cassilândia,MS,Centro-Oeste,2025,21565,15,0,0,0,6.96,0.0,0.0,0.0,99.98,77.43,54.87,41.34,32.32,9.76,41.34,90.22,32.37,9.77,Moderada,-19.059849999999997,-52.06545,28.38,5201504
5002951,500295,Chapadão do Sul,MS,Centro-Oeste,2025,34606,9,1,1,1,2.6,2.89,2.89,2.89,42.34,51.01,59.68,64.87,68.34,77.01,64.87,34.66,12.44,65.33,Alta,-19.081899999999997,-52.72885,0.0,5002951
5003108,500310,Corguinho,MS,Centro-Oeste,2025,4892,4,0,0,0,8.18,0.0,0.0,0.0,99.98,76.41,52.85,38.7,29.28,5.71,38.7,94.27,33.83,5.71,Moderada,-19.8059,-55.0586,41.32,5007307
5003157,500315,Coronel Sapucaia,MS,Centro-Oeste,2025,14685,4,0,0,0,2.72,0.0,0.0,0.0,99.98,93.68,87.37,83.59,81.07,74.76,83.59,25.22,9.05,74.78,Muito alta,-23.33065,-55.357749999999996,40.45,5001243
5003207,500320,Corumbá,MS,Centro-Oeste,2025,98751,25,1,1,0,2.53,1.01,1.01,0.0,50.31,57.21,64.1,68.24,70.99,77.89,68.24,27.57,9.89,70.38,Alta,-19.0601,-56.6527,0.0,5003207
5003256,500325,Costa Rica,MS,Centro-Oeste,2025,28740,7,0,0,0,2.44,0.0,0.0,0.0,99.98,94.83,89.67,86.58,84.51,79.36,86.58,20.62,7.4,79.37,Muito alta,-18.481099999999998,-53.16974999999999,62.99,5205471
5003306,500330,Coxim,MS,Centro-Oeste,2025,33440,12,0,0,0,3.59,0.0,0.0,0.0,99.98,89.69,79.4,73.23,69.11,58.82,73.23,41.16,14.77,58.83,Alta,-18.188650000000003,-54.692499999999995,108.23,5003900
5003454,500345,Deodápolis,MS,Centro-Oeste,2025,14317,8,1,1,1,5.59,6.98,6.98,6.98,21.04,21.42,21.8,22.03,22.18,22.56,22.03,1.53,0.55,86.28,Baixa,-22.13965,-54.14865,0.0,5003454
5003488,500348,Dois Irmãos do Buriti,MS,Centro-Oeste,2025,11521,5,0,0,0,4.34,0.0,0.0,0.0,99.98,86.08,72.18,63.84,58.27,44.37,63.84,55.61,19.95,44.38,Alta,-20.592550000000003,-55.369299999999996,41.98,5000708
5003504,500350,Douradina,MS,Centro-Oeste,2025,5768,2,0,0,0,3.47,0.0,0.0,0.0,99.98,90.41,80.83,75.08,71.25,61.68,75.08,38.31,13.74,61.69,Muito alta,-22.02055,-54.5914,28.31,5004502
5003702,500370,Dourados,MS,Centro-Oeste,2025,264017,39,4,4,1,1.48,1.52,1.52,0.38,48.66,59.38,70.1,76.52,80.81,91.53,76.52,42.86,15.38,57.13,Muito alta,-22.16155,-54.86425,0.0,5003702
5003751,500375,Eldorado,MS,Centro-Oeste,2025,11622,5,1,1,1,4.3,8.6,8.6,8.6,16.1,23.35,30.6,34.94,37.84,45.09,34.94,28.99,10.4,70.72,Moderada,-23.740099999999998,-54.23375,0.0,5003751
5003900,500390,Figueirão,MS,Centro-Oeste,2025,3751,2,1,0,1,5.33,26.66,0.0,26.66,1.4,7.66,13.92,17.68,20.18,26.44,17.68,25.04,8.98,74.96,Baixa,-18.76965,-53.8691,0.0,5003900
5003801,500380,Fátima do Sul,MS,Centro-Oeste,2025,21504,8,1,1,1,3.72,4.65,4.65,4.65,32.2,38.19,44.18,47.77,50.16,56.15,47.77,23.95,8.59,72.85,Moderada,-22.34415,-54.45245,0.0,5003801
5004007,500400,Glória de Dourados,MS,Centro-Oeste,2025,10817,5,1,1,1,4.62,9.24,9.24,9.24,13.88,20.12,26.36,30.11,32.6,38.84,30.11,24.97,8.96,73.64,Moderada,-22.42745,-54.188,0.0,5004007
5004106,500410,Guia Lopes da Laguna,MS,Centro-Oeste,2025,10116,3,1,1,1,2.97,9.89,9.89,9.89,11.9,26.59,41.29,50.1,55.98,70.67,50.1,58.77,21.09,41.22,Alta,-21.5499,-55.9895,0.0,5004106
5004304,500430,Iguatemi,MS,Centro-Oeste,2025,13960,5,0,0,0,3.58,0.0,0.0,0.0,99.98,89.74,79.49,73.35,69.25,59.0,73.35,40.98,14.7,59.01,Alta,-23.41485,-54.5599,45.59,5000609
5004403,500440,Inocência,MS,Centro-Oeste,2025,8764,6,1,1,1,6.85,11.41,11.41,11.41,9.82,9.95,10.08,10.16,10.21,10.34,10.16,0.52,0.19,92.44,Baixa,-19.661,-51.995400000000004,0.0,5004403
5004502,500450,Itaporã,MS,Centro-Oeste,2025,25263,9,1,1,1,3.56,3.96,3.96,3.96,36.08,41.91,47.74,51.24,53.57,59.4,51.24,23.32,8.37,72.96,Alta,-22.0045,-54.8655,0.0,5004502
5004601,500460,Itaquiraí,MS,Centro-Oeste,2025,20060,9,0,0,0,4.49,0.0,0.0,0.0,99.98,85.33,70.69,61.9,56.04,41.39,61.9,58.59,21.02,41.4,Alta,-23.38935,-54.110299999999995,32.55,5005707
5004700,500470,Ivinhema,MS,Centro-Oeste,2025,30001,9,0,0,0,3.0,0.0,0.0,0.0,99.98,92.51,85.04,80.56,77.57,70.1,80.56,29.89,10.72,70.11,Muito alta,-22.35985,-53.80085,24.99,5006259
5004809,500480,Japorã,MS,Centro-Oeste,2025,8441,6,0,0,0,7.11,0.0,0.0,0.0,99.98,77.2,54.42,40.75,31.63,8.85,40.75,91.13,32.7,8.85,Moderada,-23.8246,-54.5394,31.81,5005681
5004908,500490,Jaraguari,MS,Centro-Oeste,2025,7480,2,0,0,0,2.67,0.0,0.0,0.0,99.98,93.91,87.83,84.18,81.75,75.68,84.18,24.3,8.72,75.69,Muito alta,-20.2481,-54.334649999999996,70.22,5002704
5005004,500500,Jardim,MS,Centro-Oeste,2025,24504,11,0,0,0,4.49,0.0,0.0,0.0,99.98,85.33,70.67,61.88,56.01,41.36,61.88,58.63,21.04,41.36,Alta,-21.59645,-56.41565,44.37,5004106
5005103,500510,Jateí,MS,Centro-Oeste,2025,3596,4,1,0,0,11.12,27.81,0.0,0.0,1.26,1.26,1.26,1.26,1.26,1.26,1.26,0.0,0.0,98.89,Baixa,-22.71215,-53.9683,0.0,5005103
5005152,500515,Juti,MS,Centro-Oeste,2025,7067,2,0,0,0,2.83,0.0,0.0,0.0,99.98,93.13,86.28,82.17,79.42,72.57,82.17,27.41,9.84,72.59,Muito alta,-22.8174,-54.41995,36.6,5008404
5005202,500520,Ladário,MS,Centro-Oeste,2025,22425,6,1,1,1,2.68,4.46,4.46,4.46,33.08,43.72,54.36,60.75,65.0,75.64,60.75,42.56,15.27,57.43,Alta,-19.1046,-57.5678,0.0,5005202
5005251,500525,Laguna Carapã,MS,Centro-Oeste,2025,7037,4,1,1,1,5.68,14.21,14.21,14.21,6.87,10.43,13.99,16.13,17.55,21.11,16.13,14.23,5.11,83.23,Baixa,-22.648899999999998,-55.0889,0.0,5005251
5005400,500540,Maracaju,MS,Centro-Oeste,2025,48073,15,1,1,1,3.12,2.08,2.08,2.08,46.33,51.72,57.12,60.35,62.51,67.91,60.35,21.58,7.74,76.45,Alta,-21.4621,-55.333349999999996,0.0,5005400
5005608,500560,Miranda,MS,Centro-Oeste,2025,26512,10,1,1,1,3.77,3.77,3.77,3.77,37.19,41.65,46.1,48.78,50.56,55.02,48.78,17.82,6.4,75.6,Moderada,-20.1396,-56.58475,0.0,5005608
5005681,500568,Mundo Novo,MS,Centro-Oeste,2025,20087,5,1,1,1,2.49,4.98,4.98,4.98,30.37,42.4,54.42,61.64,66.45,78.48,61.64,48.11,17.26,51.89,Alta,-23.94105,-54.25365,0.0,5005681
5005707,500570,Naviraí,MS,Centro-Oeste,2025,53014,16,2,2,2,3.02,3.77,3.77,3.77,37.17,45.32,53.46,58.35,61.61,69.75,58.35,32.58,11.69,67.41,Alta,-23.101750000000003,-54.05075,0.0,5005707
5005806,500580,Nioaque,MS,Centro-Oeste,2025,13354,5,0,0,0,3.74,0.0,0.0,0.0,99.98,88.88,77.78,71.12,66.68,55.57,71.12,44.41,15.93,55.58,Alta,-21.10955,-55.859,43.2,5000708
5006002,500600,Nova Alvorada do Sul,MS,Centro-Oeste,2025,23409,7,1,1,1,2.99,4.27,4.27,4.27,33.89,42.97,52.05,57.49,61.12,70.2,57.49,36.31,13.03,63.68,Alta,-21.45825,-54.1583,0.0,5006002
5006200,500620,Nova Andradina,MS,Centro-Oeste,2025,50848,13,2,2,1,2.56,3.93,3.93,1.97,36.3,46.63,56.96,63.15,67.29,77.62,63.15,41.32,14.83,58.67,Alta,-22.06975,-53.40875,0.0,5006200
5006259,500625,Novo Horizonte do Sul,MS,Centro-Oeste,2025,4801,3,1,1,1,6.25,20.83,20.83,20.83,2.78,5.81,8.84,10.66,11.87,14.9,10.66,12.12,4.35,86.89,Baixa,-22.58195,-53.7639,0.0,5006259
5006309,500630,Paranaíba,MS,Centro-Oeste,2025,42638,14,2,1,1,3.28,4.69,2.35,2.35,31.77,40.06,48.34,53.31,56.62,64.91,53.31,33.14,11.89,66.86,Alta,-19.55095,-51.3964,0.0,5006309
5006358,500635,Paranhos,MS,Centro-Oeste,2025,13368,4,1,1,1,2.99,7.48,7.48,7.48,18.78,31.62,44.47,52.18,57.32,70.17,52.18,51.39,18.44,48.6,Alta,-23.72685,-55.346000000000004,0.0,5006358
5006275,500627,Paraíso das Águas,MS,Centro-Oeste,2025,5842,4,0,0,0,6.85,0.0,0.0,0.0,99.98,77.57,55.15,41.7,32.74,10.32,41.7,89.66,32.17,10.32,Moderada,-19.1862,-53.1001,40.69,5002951
5006408,500640,Pedro Gomes,MS,Centro-Oeste,2025,6910,5,0,0,0,7.24,0.0,0.0,0.0,99.98,77.07,54.16,40.42,31.26,8.35,40.42,91.64,32.88,8.35,Moderada,-17.94405,-54.2569,100.51,5003900
5006606,500660,Ponta Porã,MS,Centro-Oeste,2025,98598,24,3,3,1,2.43,3.04,3.04,1.01,41.45,50.93,60.42,66.11,69.91,79.39,66.11,37.95,13.62,62.05,Alta,-22.2113,-55.536150000000006,0.0,5006606
5006903,500690,Porto Murtinho,MS,Centro-Oeste,2025,12721,7,0,0,0,5.5,0.0,0.0,0.0,99.98,80.96,61.95,50.53,42.93,23.91,50.53,76.07,27.3,23.91,Alta,-21.17725,-57.39665,85.26,5002803
5007109,500710,Ribas do Rio Pardo,MS,Centro-Oeste,2025,24152,7,1,1,1,2.9,4.14,4.14,4.14,34.52,43.74,52.97,58.51,62.2,71.42,58.51,36.91,13.24,63.09,Alta,-20.581400000000002,-53.51185,0.0,5007109
5007208,500720,Rio Brilhante,MS,Centro-Oeste,2025,40419,13,1,1,1,3.22,2.47,2.47,2.47,44.5,49.9,55.3,58.55,60.71,66.11,58.55,21.61,7.75,76.68,Alta,-21.64575,-54.46325,0.0,5007208
5007307,500730,Rio Negro,MS,Centro-Oeste,2025,4921,5,1,1,1,10.16,20.32,20.32,20.32,2.98,2.8,2.63,2.52,2.45,2.28,2.52,0.7,0.25,97.43,Baixa,-19.4426,-54.9759,0.0,5007307
5007406,500740,Rio Verde de Mato Grosso,MS,Centro-Oeste,2025,20454,12,0,0,0,5.87,0.0,0.0,0.0,99.98,79.69,59.41,47.23,39.12,18.83,47.23,81.15,29.12,18.83,Moderada,-18.79025,-54.936949999999996,61.37,5007695
5007505,500750,Rochedo,MS,Centro-Oeste,2025,5451,2,0,0,0,3.67,0.0,0.0,0.0,99.98,89.29,78.6,72.19,67.91,57.22,72.19,42.76,15.34,57.24,Alta,-19.98955,-54.7177,66.55,5007307
5007554,500755,Santa Rita do Pardo,MS,Centro-Oeste,2025,7165,2,0,0,0,2.79,0.0,0.0,0.0,99.98,93.36,86.74,82.77,80.12,73.51,82.77,26.48,9.5,73.52,Muito alta,-21.229,-52.671800000000005,70.93,5001904
5007802,500780,Selvíria,MS,Centro-Oeste,2025,8716,3,0,0,0,3.44,0.0,0.0,0.0,99.98,90.52,81.06,75.39,71.6,62.14,75.39,37.84,13.58,62.15,Muito alta,-20.27225,-51.731899999999996,46.14,5001003
5007703,500770,Sete Quedas,MS,Centro-Oeste,2025,11322,5,1,1,1,4.42,8.83,8.83,8.83,15.28,22.14,29.01,33.13,35.87,42.74,33.13,27.46,9.85,71.8,Moderada,-23.87525,-54.9818,0.0,5007703
5007901,500790,Sidrolândia,MS,Centro-Oeste,2025,49735,15,0,0,0,3.02,0.0,0.0,0.0,99.98,92.44,84.9,80.38,77.36,69.83,80.38,30.16,10.82,69.84,Muito alta,-21.08545,-54.903999999999996,61.1,5005400
5007935,500793,Sonora,MS,Centro-Oeste,2025,14813,7,0,0,0,4.73,0.0,0.0,0.0,99.98,84.23,68.47,59.02,52.71,36.96,59.02,63.02,22.61,36.97,Alta,-17.6153,-54.41865,116.09,5107602
5007695,500769,São Gabriel do Oeste,MS,Centro-Oeste,2025,32207,14,1,1,1,4.35,3.1,3.1,3.1,40.98,41.78,42.59,43.07,43.39,44.19,43.07,3.21,1.15,83.18,Moderada,-19.15155,-54.49575,0.0,5007695
5007950,500795,Tacuru,MS,Centro-Oeste,2025,11205,3,0,0,0,2.68,0.0,0.0,0.0,99.98,93.89,87.8,84.15,81.71,75.62,84.15,24.36,8.74,75.64,Muito alta,-23.6291,-54.960499999999996,27.46,5007703
5007976,500797,Taquarussu,MS,Centro-Oeste,2025,3740,2,0,0,0,5.35,0.0,0.0,0.0,99.98,81.52,63.05,51.97,44.58,26.12,51.97,73.86,26.5,26.12,Alta,-22.6687,-53.466049999999996,23.45,4120200
5008008,500800,Terenos,MS,Centro-Oeste,2025,18182,0,0,0,0,0.0,0.0,0.0,0.0,99.98,99.98,99.98,99.98,99.98,99.98,99.98,0.0,0.0,100.0,Muito alta,-20.464100000000002,-55.0752,75.75,5000708
5008305,500830,Três Lagoas,MS,Centro-Oeste,2025,143523,20,4,4,3,1.39,2.79,2.79,2.09,42.86,55.24,67.62,75.04,79.99,92.37,75.04,49.51,17.76,50.48,Muito alta,-20.40445,-52.17505,0.0,5008305
5008404,500840,Vicentina,MS,Centro-Oeste,2025,6505,4,1,1,1,6.15,15.37,15.37,15.37,5.98,8.48,10.98,12.48,13.48,15.98,12.48,10.0,3.59,87.0,Baixa,-22.48825,-54.418350000000004,0.0,5008404
5000203,500020,Água Clara,MS,Centro-Oeste,2025,17901,5,0,0,0,2.79,0.0,0.0,0.0,99.98,93.36,86.73,82.76,80.11,73.49,82.76,26.49,9.51,73.5,Muito alta,-20.14895,-52.9258,77.75,5007109
5100102,510010,Acorizal,MT,Centro-Oeste,2025,4948,1,0,0,0,2.02,0.0,0.0,0.0,99.98,96.42,92.86,90.73,89.31,85.75,90.73,14.23,5.11,85.76,Muito alta,-15.1944,-56.29474999999999,40.83,5108402
5100250,510025,Alta Floresta,MT,Centro-Oeste,2025,62158,19,4,4,2,3.06,6.44,6.44,3.22,23.26,34.74,46.21,53.1,57.69,69.16,53.1,45.9,16.47,54.09,Alta,-10.04175,-56.40535,0.0,5100250
5100300,510030,Alto Araguaia,MT,Centro-Oeste,2025,17751,8,0,0,0,4.51,0.0,0.0,0.0,99.98,85.24,70.5,61.65,55.76,41.02,61.65,58.97,21.16,41.02,Alta,-17.4215,-53.484899999999996,83.02,5218102
5100359,510035,Alto Boa Vista,MT,Centro-Oeste,2025,5920,3,0,0,0,5.07,0.0,0.0,0.0,99.98,82.58,65.18,54.74,47.77,30.37,54.74,69.61,24.98,30.38,Alta,-11.803,-51.76735,43.42,5107859
5100409,510040,Alto Garças,MT,Centro-Oeste,2025,13956,4,0,0,0,2.87,0.0,0.0,0.0,99.98,93.0,86.02,81.83,79.03,72.05,81.83,27.93,10.02,72.06,Muito alta,-16.853,-53.5821,52.9,5104203
5100508,510050,Alto Paraguai,MT,Centro-Oeste,2025,7525,5,0,0,0,6.64,0.0,0.0,0.0,99.98,77.94,55.91,42.68,33.87,11.83,42.68,88.15,31.63,11.83,Moderada,-14.76905,-56.674,34.8,5101308
5100607,510060,Alto Taquari,MT,Centro-Oeste,2025,11877,4,0,0,0,3.37,0.0,0.0,0.0,99.98,90.8,81.62,76.11,72.44,63.26,76.11,36.73,13.18,63.27,Muito alta,-17.7729,-53.3033,67.01,5213103
5100805,510080,Apiacás,MT,Centro-Oeste,2025,8693,4,0,0,0,4.6,0.0,0.0,0.0,99.98,84.78,69.57,60.45,54.37,39.17,60.45,60.81,21.82,39.17,Alta,-8.577,-57.8036,128.53,5106158
5101001,510100,Araguaiana,MT,Centro-Oeste,2025,4005,2,0,0,0,4.99,0.0,0.0,0.0,99.98,82.92,65.85,55.61,48.78,31.72,55.61,68.26,24.49,31.72,Alta,-15.102049999999998,-51.764799999999994,72.5,5212204
5101209,510120,Araguainha,MT,Centro-Oeste,2025,997,1,0,0,0,10.03,0.0,0.0,0.0,99.98,75.59,51.19,36.56,26.8,2.41,36.56,97.58,35.01,2.41,Moderada,-16.72635,-53.138000000000005,62.91,5104203
5101258,510125,Araputanga,MT,Centro-Oeste,2025,14805,5,0,0,0,3.38,0.0,0.0,0.0,99.98,90.76,81.55,76.02,72.33,63.11,76.02,36.87,13.23,63.12,Muito alta,-15.26265,-58.486999999999995,57.51,5105622
5101308,510130,Arenápolis,MT,Centro-Oeste,2025,10769,4,1,0,0,3.71,9.29,0.0,0.0,13.71,24.35,34.98,41.37,45.62,56.26,41.37,42.54,15.26,57.45,Moderada,-14.505,-56.84765,0.0,5101308
5101407,510140,Aripuanã,MT,Centro-Oeste,2025,26558,6,1,1,1,2.26,3.77,3.77,3.77,37.26,48.56,59.86,66.64,71.16,82.46,66.64,45.2,16.22,54.79,Alta,-10.1037,-59.74305,0.0,5101407
5101704,510170,Barra do Bugres,MT,Centro-Oeste,2025,29406,11,1,1,1,3.74,3.4,3.4,3.4,39.35,43.42,47.5,49.94,51.57,55.65,49.94,16.3,5.85,76.46,Moderada,-15.12045,-57.83095,0.0,5101704
5101803,510180,Barra do Garças,MT,Centro-Oeste,2025,73878,24,1,0,0,3.25,1.35,0.0,0.0,49.18,53.25,57.32,59.77,61.39,65.46,59.77,16.28,5.84,79.87,Alta,-15.3561,-52.560649999999995,0.0,5101803
5101605,510160,Barão de Melgaço,MT,Centro-Oeste,2025,7137,3,0,0,0,4.2,0.0,0.0,0.0,99.98,86.75,73.51,65.57,60.28,47.05,65.57,52.93,18.99,47.06,Alta,-16.7449,-56.1085,105.39,5106109
5101837,510183,Boa Esperança do Norte,MT,Centro-Oeste,2025,5877,0,0,0,0,0.0,0.0,0.0,0.0,99.98,99.98,99.98,99.98,99.98,99.98,99.98,0.0,0.0,100.0,Muito alta,,,,
5101852,510185,Bom Jesus do Araguaia,MT,Centro-Oeste,2025,7912,4,0,0,0,5.06,0.0,0.0,0.0,99.98,82.62,65.27,54.85,47.91,30.55,54.85,69.43,24.91,30.56,Alta,-12.20385,-51.6486,75.36,5107180
5101902,510190,Brasnorte,MT,Centro-Oeste,2025,17645,8,1,1,1,4.53,5.67,5.67,5.67,26.31,29.86,33.41,35.53,36.95,40.5,35.53,14.18,5.09,79.19,Moderada,-12.11025,-57.9102,0.0,5101902
5102603,510260,Campinápolis,MT,Centro-Oeste,2025,15808,3,0,0,0,1.9,0.0,0.0,0.0,99.98,96.72,93.45,91.49,90.18,86.91,91.49,13.07,4.69,86.93,Muito alta,-14.257200000000001,-53.07685,67.66,5100201
5102637,510263,Campo Novo do Parecis,MT,Centro-Oeste,2025,51722,12,1,1,1,2.32,1.93,1.93,1.93,46.98,55.64,64.3,69.49,72.96,81.62,69.49,34.64,12.43,65.35,Alta,-13.658100000000001,-57.88275,0.0,5102637
5102678,510267,Campo Verde,MT,Centro-Oeste,2025,49053,17,0,0,0,3.47,0.0,0.0,0.0,99.98,90.41,80.85,75.11,71.28,61.71,75.11,38.27,13.73,61.72,Muito alta,-15.42035,-54.94265,34.3,5103601
5102686,510268,Campos de Júlio,MT,Centro-Oeste,2025,9946,3,0,0,0,3.02,0.0,0.0,0.0,99.98,92.44,84.89,80.37,77.35,69.81,80.37,30.17,10.83,69.82,Muito alta,-13.575800000000001,-59.187,141.25,5102637
5102694,510269,Canabrava do Norte,MT,Centro-Oeste,2025,4451,2,0,0,0,4.49,0.0,0.0,0.0,99.98,85.32,70.65,61.85,55.99,41.32,61.85,58.66,21.05,41.33,Alta,-11.2277,-51.8134,33.67,5107859
5102702,510270,Canarana,MT,Centro-Oeste,2025,28324,9,3,2,2,3.18,10.59,7.06,7.06,10.99,24.97,38.95,47.34,52.93,66.92,47.34,55.93,20.07,44.06,Moderada,-13.19035,-52.240899999999996,0.0,5102702
5102793,510279,Carlinda,MT,Centro-Oeste,2025,10260,6,0,0,0,5.85,0.0,0.0,0.0,99.98,79.77,59.55,47.42,39.33,19.12,47.42,80.87,29.02,19.12,Moderada,-10.06445,-55.8811,57.45,5100250
5102850,510285,Castanheira,MT,Centro-Oeste,2025,7392,3,0,0,0,4.06,0.0,0.0,0.0,99.98,87.42,74.85,67.31,62.29,49.72,67.31,50.26,18.03,49.73,Alta,-10.931750000000001,-58.66205,101.21,5105150
5103007,510300,Chapada dos Guimarães,MT,Centro-Oeste,2025,19458,11,2,0,0,5.65,10.28,0.0,0.0,11.43,13.96,16.48,17.99,19.0,21.52,17.99,10.09,3.62,84.7,Baixa,-15.10075,-55.56185,0.0,5103007
5103056,510305,Cláudia,MT,Centro-Oeste,2025,9301,5,0,0,0,5.38,0.0,0.0,0.0,99.98,81.39,62.8,51.64,44.21,25.61,51.64,74.37,26.68,25.62,Alta,-11.4783,-55.0804,49.97,5107909
5103106,510310,Cocalinho,MT,Centro-Oeste,2025,6495,3,1,1,1,4.62,15.4,15.4,15.4,5.96,14.2,22.44,27.38,30.68,38.92,27.38,32.96,11.83,67.04,Moderada,-13.844899999999999,-51.12125,0.0,5103106
5103254,510325,Colniza,MT,Centro-Oeste,2025,26026,9,1,1,1,3.46,3.84,3.84,3.84,36.8,43.05,49.31,53.06,55.56,61.82,53.06,25.02,8.98,71.94,Alta,-9.41775,-60.28315,0.0,5103254
5103205,510320,Colíder,MT,Centro-Oeste,2025,32054,8,0,0,0,2.5,0.0,0.0,0.0,99.98,94.59,89.19,85.96,83.8,78.41,85.96,21.58,7.74,78.42,Muito alta,-10.571,-55.43255,66.23,5104559
5103304,510330,Comodoro,MT,Centro-Oeste,2025,18469,6,0,0,0,3.25,0.0,0.0,0.0,99.98,91.35,82.71,77.53,74.08,65.45,77.53,34.54,12.39,65.46,Muito alta,-13.193200000000001,-59.78005,82.27,1100064
5103353,510335,Confresa,MT,Centro-Oeste,2025,38460,9,2,2,2,2.34,5.2,5.2,5.2,29.37,42.33,55.29,63.06,68.25,81.21,63.06,51.84,18.6,48.15,Alta,-10.4119,-51.675200000000004,0.0,5103353
5103361,510336,Conquista D'Oeste,MT,Centro-Oeste,2025,3908,2,0,0,0,5.12,0.0,0.0,0.0,99.98,82.41,64.84,54.29,47.26,29.69,54.29,70.29,25.22,29.69,Alta,-14.61885,-59.33705,90.95,5106752
5103379,510337,Cotriguaçu,MT,Centro-Oeste,2025,10030,6,0,0,0,5.98,0.0,0.0,0.0,99.98,79.4,58.81,46.46,38.23,17.64,46.46,82.34,29.54,17.65,Moderada,-9.465,-58.66145,64.76,5106158
5103403,510340,Cuiabá,MT,Centro-Oeste,2025,691875,99,23,18,6,1.43,3.32,2.6,0.87,39.8,52.85,65.9,73.74,78.96,92.01,73.74,52.22,18.74,47.77,Alta,-15.801649999999999,-55.7214,0.0,5103403
5103437,510343,Curvelândia,MT,Centro-Oeste,2025,4970,2,0,0,0,4.02,0.0,0.0,0.0,99.98,87.61,75.25,67.83,62.88,50.51,67.83,49.47,17.75,50.52,Alta,-15.62035,-57.88695,21.09,5105622
5102504,510250,Cáceres,MT,Centro-Oeste,2025,91767,22,2,2,1,2.4,2.18,2.18,1.09,45.86,54.45,63.04,68.19,71.63,80.22,68.19,34.36,12.33,65.64,Alta,-16.54075,-57.9018,0.0,5102504
5103452,510345,Denise,MT,Centro-Oeste,2025,6675,3,0,0,0,4.49,0.0,0.0,0.0,99.98,85.3,70.62,61.82,55.95,41.27,61.82,58.71,21.07,41.27,Alta,-14.7198,-56.9426,25.98,5101308
5103502,510350,Diamantino,MT,Centro-Oeste,2025,22623,12,0,0,0,5.3,0.0,0.0,0.0,99.98,81.69,63.4,52.43,45.11,26.82,52.43,73.16,26.25,26.82,Alta,-14.12765,-56.85575,41.97,5101308
5103601,510360,Dom Aquino,MT,Centro-Oeste,2025,7890,5,1,1,1,6.34,12.67,12.67,12.67,8.35,9.77,11.2,12.06,12.63,14.05,12.06,5.71,2.05,89.55,Baixa,-15.6742,-54.7607,0.0,5103601
5103700,510370,Feliz Natal,MT,Centro-Oeste,2025,10523,5,0,0,0,4.75,0.0,0.0,0.0,99.98,84.08,68.18,58.64,52.28,36.38,58.64,63.6,22.82,36.39,Alta,-11.84965,-54.25925,106.93,5105580
5103809,510380,Figueirópolis D'Oeste,MT,Centro-Oeste,2025,3056,1,0,0,0,3.27,0.0,0.0,0.0,99.98,91.25,82.52,77.28,73.78,65.05,77.28,34.93,12.53,65.06,Muito alta,-15.5033,-58.70975,50.85,5106828
5103858,510385,Gaúcha do Norte,MT,Centro-Oeste,2025,9397,2,0,0,0,2.13,0.0,0.0,0.0,99.98,96.04,92.09,89.73,88.15,84.2,89.73,15.78,5.66,84.22,Muito alta,-12.87545,-53.4503,99.21,5107065
5103908,510390,General Carneiro,MT,Centro-Oeste,2025,6319,4,0,0,0,6.33,0.0,0.0,0.0,99.98,78.52,57.06,44.19,35.6,14.14,44.19,85.84,30.8,14.15,Moderada,-15.55165,-53.32045,84.28,5101803
5103957,510395,Glória D'Oeste,MT,Centro-Oeste,2025,2878,2,0,0,0,6.95,0.0,0.0,0.0,99.98,77.44,54.9,41.38,32.36,9.82,41.38,90.16,32.35,9.82,Moderada,-15.8688,-58.34625,40.83,5105622
5104104,510410,Guarantã do Norte,MT,Centro-Oeste,2025,31209,11,0,0,0,3.52,0.0,0.0,0.0,99.98,90.08,80.18,74.24,70.28,60.38,74.24,39.6,14.21,60.39,Alta,-9.7803,-54.622299999999996,144.38,5105580
5104203,510420,Guiratinga,MT,Centro-Oeste,2025,10252,6,1,0,0,5.85,9.75,0.0,0.0,12.03,13.76,15.49,16.53,17.22,18.96,16.53,6.93,2.49,86.64,Baixa,-16.37765,-53.60275,0.0,5104203
5104500,510450,Indiavaí,MT,Centro-Oeste,2025,2172,1,0,0,0,4.6,0.0,0.0,0.0,99.98,84.76,69.54,60.41,54.32,39.1,60.41,60.89,21.85,39.1,Alta,-15.3353,-58.60535,63.4,5105622
5104526,510452,Ipiranga do Norte,MT,Centro-Oeste,2025,8658,2,0,0,0,2.31,0.0,0.0,0.0,99.98,95.42,90.86,88.13,86.3,81.74,88.13,18.24,6.54,81.76,Muito alta,-11.94375,-56.05955,69.85,5107909
5104542,510454,Itanhangá,MT,Centro-Oeste,2025,8257,4,0,0,0,4.84,0.0,0.0,0.0,99.98,83.58,67.17,57.33,50.76,34.36,57.33,65.63,23.55,34.36,Alta,-12.14275,-56.76695,41.81,5106802
5104559,510455,Itaúba,MT,Centro-Oeste,2025,5201,2,1,1,1,3.85,19.23,19.23,19.23,3.43,15.94,28.44,35.95,40.95,53.46,35.95,50.03,17.95,49.96,Moderada,-11.137,-55.62135,0.0,5104559
5104609,510460,Itiquira,MT,Centro-Oeste,2025,12587,5,0,0,0,3.97,0.0,0.0,0.0,99.98,87.83,75.69,68.4,63.54,51.39,68.4,48.59,17.44,51.4,Alta,-17.2976,-54.641450000000006,79.48,5107602
5104807,510480,Jaciara,MT,Centro-Oeste,2025,29803,8,1,1,1,2.68,3.36,3.36,3.36,39.69,48.62,57.55,62.91,66.48,75.41,62.91,35.72,12.82,64.27,Alta,-15.95955,-55.21575,0.0,5104807
5104906,510490,Jangada,MT,Centro-Oeste,2025,7413,5,0,0,0,6.74,0.0,0.0,0.0,99.98,77.75,55.51,42.17,33.27,11.04,42.17,88.94,31.91,11.04,Moderada,-15.32995,-56.646249999999995,49.74,5108402
5105002,510500,Jauru,MT,Centro-Oeste,2025,7881,4,0,0,0,5.08,0.0,0.0,0.0,99.98,82.56,65.13,54.68,47.71,30.28,54.68,69.7,25.01,30.29,Alta,-15.3002,-58.894800000000004,66.25,5106828
5105101,510510,Juara,MT,Centro-Oeste,2025,36089,11,1,1,1,3.05,2.77,2.77,2.77,42.97,49.56,56.15,60.1,62.74,69.32,60.1,26.35,9.46,73.2,Alta,-11.2294,-57.5672,0.0,5105101
5105176,510517,Juruena,MT,Centro-Oeste,2025,10057,4,0,0,0,3.98,0.0,0.0,0.0,99.98,87.82,75.66,68.36,63.5,51.34,68.36,48.64,17.45,51.35,Alta,-10.459399999999999,-58.623999999999995,101.92,5106158
5105200,510520,Juscimeira,MT,Centro-Oeste,2025,11622,5,0,0,0,4.3,0.0,0.0,0.0,99.98,86.26,72.54,64.3,58.81,45.09,64.3,54.89,19.7,45.1,Alta,-16.19705,-54.8471,47.42,5104807
5105150,510515,Juína,MT,Centro-Oeste,2025,48396,16,2,2,2,3.31,4.13,4.13,4.13,34.59,42.07,49.55,54.04,57.03,64.51,54.04,29.92,10.74,69.46,Alta,-11.49295,-59.39265,0.0,5105150
5105234,510523,Lambari D'Oeste,MT,Centro-Oeste,2025,4662,2,0,0,0,4.29,0.0,0.0,0.0,99.98,86.34,72.69,64.5,59.04,45.4,64.5,54.59,19.59,45.4,Alta,-15.45475,-57.80575,33.98,5105622
5105259,510525,Lucas do Rio Verde,MT,Centro-Oeste,2025,95792,21,1,1,1,2.19,1.04,1.04,1.04,50.17,58.49,66.82,71.81,75.14,83.47,71.81,33.3,11.95,65.49,Alta,-13.04655,-56.263999999999996,0.0,5105259
5105309,510530,Luciara,MT,Centro-Oeste,2025,2616,2,0,0,0,7.65,0.0,0.0,0.0,99.98,76.71,53.44,39.47,30.17,6.89,39.47,93.09,33.4,6.89,Moderada,-10.9804,-51.0449,93.48,5103353
5105580,510558,Marcelândia,MT,Centro-Oeste,2025,11355,4,1,1,1,3.52,8.81,8.81,8.81,15.38,26.65,37.92,44.68,49.19,60.46,44.68,45.07,16.17,54.92,Moderada,-10.92325,-53.99605,0.0,5105580
5105606,510560,Matupá,MT,Centro-Oeste,2025,21959,6,0,0,0,2.73,0.0,0.0,0.0,99.98,93.63,87.28,83.47,80.93,74.58,83.47,25.4,9.11,74.6,Muito alta,-9.9809,-54.41565,114.39,5105580
5105622,510562,Mirassol d'Oeste,MT,Centro-Oeste,2025,27637,8,1,1,1,2.89,3.62,3.62,3.62,38.2,46.52,54.85,59.84,63.17,71.5,59.84,33.3,11.95,66.7,Alta,-15.60305,-58.08305,0.0,5105622
5105903,510590,Nobres,MT,Centro-Oeste,2025,15796,7,1,1,1,4.43,6.33,6.33,6.33,23.6,28.31,33.02,35.84,37.73,42.43,35.84,18.83,6.76,77.06,Moderada,-14.38565,-55.84385,0.0,5105903
5106000,510600,Nortelândia,MT,Centro-Oeste,2025,5890,4,0,0,0,6.79,0.0,0.0,0.0,99.98,77.67,55.35,41.96,33.03,10.72,41.96,89.27,32.03,10.72,Moderada,-14.3914,-56.7382,17.28,5101308
5106109,510610,Nossa Senhora do Livramento,MT,Centro-Oeste,2025,11658,3,1,0,0,2.57,8.58,0.0,0.0,16.19,31.48,46.78,55.95,62.07,77.36,55.95,61.17,21.95,38.82,Alta,-15.91565,-56.58685,0.0,5106109
5106158,510615,Nova Bandeirantes,MT,Centro-Oeste,2025,14340,7,1,1,1,4.88,6.97,6.97,6.97,21.13,24.29,27.45,29.34,30.6,33.76,29.34,12.64,4.53,80.99,Moderada,-9.6907,-58.117000000000004,0.0,5106158
5106208,510620,Nova Brasilândia,MT,Centro-Oeste,2025,3791,2,0,0,0,5.28,0.0,0.0,0.0,99.98,81.79,63.59,52.67,45.39,27.19,52.67,72.79,26.12,27.2,Alta,-14.74295,-55.0689,66.24,5103007
5106216,510621,Nova Canaã do Norte,MT,Centro-Oeste,2025,11734,5,0,0,0,4.26,0.0,0.0,0.0,99.98,86.5,73.02,64.93,59.54,46.06,64.93,53.92,19.35,46.07,Alta,-10.66615,-56.09495,73.59,5104559
5108808,510880,Nova Guarita,MT,Centro-Oeste,2025,4546,1,0,0,0,2.2,0.0,0.0,0.0,99.98,95.82,91.65,89.15,87.49,83.32,89.15,16.66,5.98,83.34,Muito alta,-10.28565,-55.36815,98.63,5104559
5106182,510618,Nova Lacerda,MT,Centro-Oeste,2025,7072,3,0,0,0,4.24,0.0,0.0,0.0,99.98,86.62,73.25,65.24,59.89,46.53,65.24,53.46,19.18,46.54,Alta,-14.40075,-59.81095,84.38,5105507
5108857,510885,Nova Marilândia,MT,Centro-Oeste,2025,3731,1,0,0,0,2.68,0.0,0.0,0.0,99.98,93.87,87.77,84.1,81.66,75.55,84.1,24.43,8.77,75.57,Muito alta,-14.2956,-57.299800000000005,53.98,5101308
5108907,510890,Nova Maringá,MT,Centro-Oeste,2025,5705,4,0,0,0,7.01,0.0,0.0,0.0,99.98,77.36,54.74,41.17,32.12,9.5,41.17,90.49,32.47,9.5,Moderada,-12.75835,-57.236999999999995,85.49,5107305
5108956,510895,Nova Monte Verde,MT,Centro-Oeste,2025,8470,3,0,0,0,3.54,0.0,0.0,0.0,99.98,89.97,79.95,73.94,69.93,59.92,73.94,40.06,14.38,59.93,Alta,-9.9274,-57.273300000000006,75.3,5106299
5106224,510622,Nova Mutum,MT,Centro-Oeste,2025,63455,15,0,0,0,2.36,0.0,0.0,0.0,99.98,95.18,90.39,87.51,85.59,80.79,87.51,19.19,6.89,80.81,Muito alta,-13.5221,-56.0777,56.59,5105259
5106174,510617,Nova Nazaré,MT,Centro-Oeste,2025,4575,3,0,0,0,6.56,0.0,0.0,0.0,99.98,78.09,56.2,43.07,34.31,12.42,43.07,87.56,31.42,12.42,Moderada,-14.1448,-51.89945,62.34,5100201
5106232,510623,Nova Olímpia,MT,Centro-Oeste,2025,16204,7,1,1,1,4.32,6.17,6.17,6.17,24.12,29.29,34.46,37.55,39.62,44.79,37.55,20.66,7.41,76.01,Moderada,-14.7823,-57.426500000000004,0.0,5106232
5106190,510619,Nova Santa Helena,MT,Centro-Oeste,2025,4502,1,0,0,0,2.22,0.0,0.0,0.0,99.98,95.75,91.52,88.98,87.29,83.06,88.98,16.93,6.07,83.07,Muito alta,-10.91235,-54.949749999999995,77.44,5104559
5106240,510624,Nova Ubiratã,MT,Centro-Oeste,2025,9760,9,0,0,0,9.22,0.0,0.0,0.0,99.98,75.83,51.68,37.19,27.53,3.37,37.19,96.61,34.66,3.38,Moderada,-12.972100000000001,-54.619550000000004,110.79,5107925
5106257,510625,Nova Xavantina,MT,Centro-Oeste,2025,25915,6,1,1,1,2.32,3.86,3.86,3.86,36.71,47.95,59.2,65.95,70.45,81.69,65.95,44.98,16.14,55.01,Alta,-14.67755,-52.31065,0.0,5106257
5106273,510627,Novo Horizonte do Norte,MT,Centro-Oeste,2025,3267,3,0,0,0,9.18,0.0,0.0,0.0,99.98,75.85,51.72,37.25,27.59,3.46,37.25,96.52,34.63,3.46,Moderada,-11.38635,-57.29215000000001,34.7,5105101
5106265,510626,Novo Mundo,MT,Centro-Oeste,2025,6368,5,0,0,0,7.85,0.0,0.0,0.0,99.98,76.56,53.14,39.09,29.72,6.3,39.09,93.68,33.61,6.3,Moderada,-9.8125,-55.44555,108.17,5100250
5106315,510631,Novo Santo Antônio,MT,Centro-Oeste,2025,2041,1,0,0,0,4.9,0.0,0.0,0.0,99.98,83.35,66.72,56.74,50.09,33.46,56.74,66.52,23.87,33.46,Alta,-12.3097,-50.96695,87.72,5107180
5106281,510628,Novo São Joaquim,MT,Centro-Oeste,2025,7239,3,0,0,0,4.14,0.0,0.0,0.0,99.98,87.07,74.15,66.4,61.24,48.32,66.4,51.66,18.54,48.33,Alta,-15.0532,-53.3046,86.64,5101803
5106307,510630,Paranatinga,MT,Centro-Oeste,2025,28870,8,0,0,0,2.77,0.0,0.0,0.0,99.98,93.45,86.92,83.01,80.39,73.86,83.01,26.12,9.37,73.88,Muito alta,-13.3407,-54.162049999999994,171.65,5107925
5106299,510629,Paranaíta,MT,Centro-Oeste,2025,12079,5,1,1,1,4.14,8.28,8.28,8.28,16.75,24.67,32.59,37.34,40.51,48.43,37.34,31.68,11.37,68.31,Moderada,-9.565249999999999,-56.6927,0.0,5106299
5106372,510637,Pedra Preta,MT,Centro-Oeste,2025,18946,4,0,0,0,2.11,0.0,0.0,0.0,99.98,96.12,92.25,89.94,88.39,84.53,89.94,15.46,5.55,84.54,Muito alta,-16.7899,-54.21315,46.31,5107602
5106422,510642,Peixoto de Azevedo,MT,Centro-Oeste,2025,33754,9,0,0,0,2.67,0.0,0.0,0.0,99.98,93.93,87.88,84.25,81.83,75.79,84.25,24.2,8.68,75.8,Muito alta,-10.19435,-53.8866,81.93,5105580
5106455,510645,Planalto da Serra,MT,Centro-Oeste,2025,3328,2,0,0,0,6.01,0.0,0.0,0.0,99.98,79.32,58.65,46.25,37.99,17.32,46.25,82.66,29.66,17.32,Moderada,-14.545100000000001,-54.6405,116.73,5103007
5106505,510650,Poconé,MT,Centro-Oeste,2025,31203,11,0,0,0,3.53,0.0,0.0,0.0,99.98,90.07,80.16,74.21,70.24,60.33,74.21,39.65,14.23,60.34,Alta,-16.7988,-56.954350000000005,104.92,5102504
5106653,510665,Pontal do Araguaia,MT,Centro-Oeste,2025,7441,4,0,0,0,5.38,0.0,0.0,0.0,99.98,81.39,62.81,51.65,44.22,25.63,51.65,74.35,26.68,25.64,Alta,-15.91645,-52.6661,63.32,5101803
5106703,510670,Ponte Branca,MT,Centro-Oeste,2025,2098,1,0,0,0,4.77,0.0,0.0,0.0,99.98,84.02,68.06,58.48,52.1,36.13,58.48,63.85,22.91,36.14,Alta,-16.671300000000002,-52.945750000000004,55.62,5207253
5106752,510675,Pontes e Lacerda,MT,Centro-Oeste,2025,55762,12,1,1,1,2.15,1.79,1.79,1.79,47.55,56.65,65.76,71.22,74.87,83.97,71.22,36.42,13.07,63.57,Alta,-15.42025,-59.50655,0.0,5106752
5106778,510677,Porto Alegre do Norte,MT,Centro-Oeste,2025,12649,5,0,0,0,3.95,0.0,0.0,0.0,99.98,87.9,75.81,68.56,63.73,51.64,68.56,48.34,17.35,51.65,Alta,-10.7641,-51.6054,39.9,5103353
5106828,510682,Porto Esperidião,MT,Centro-Oeste,2025,10088,4,1,0,0,3.97,9.91,0.0,0.0,11.79,21.72,31.64,37.59,41.56,51.48,37.59,39.69,14.24,60.31,Moderada,-15.89285,-58.95855,0.0,5106828
5106851,510685,Porto Estrela,MT,Centro-Oeste,2025,3141,3,0,0,0,9.55,0.0,0.0,0.0,99.98,75.7,51.43,36.86,27.15,2.87,36.86,97.11,34.84,2.87,Moderada,-15.5389,-57.2419,78.46,5101704
5106802,510680,Porto dos Gaúchos,MT,Centro-Oeste,2025,5705,3,1,1,1,5.26,17.53,17.53,17.53,4.49,10.22,15.95,19.39,21.68,27.41,19.39,22.92,8.22,76.82,Baixa,-11.77185,-56.7037,0.0,5106802
5107008,510700,Poxoréu,MT,Centro-Oeste,2025,25103,7,0,0,0,2.79,0.0,0.0,0.0,99.98,93.38,86.78,82.82,80.18,73.58,82.82,26.4,9.47,73.59,Muito alta,-15.81005,-54.21445,60.38,5103601
5107040,510704,Primavera do Leste,MT,Centro-Oeste,2025,96006,20,0,0,0,2.08,0.0,0.0,0.0,99.98,96.23,92.49,90.24,88.74,84.99,90.24,14.99,5.38,85.01,Muito alta,-15.13985,-54.2371,81.74,5103601
5107065,510706,Querência,MT,Centro-Oeste,2025,31100,11,1,1,1,3.54,3.22,3.22,3.22,40.39,45.29,50.2,53.14,55.1,60.01,53.14,19.62,7.04,74.88,Alta,-12.225950000000001,-52.82355,0.0,5107065
5107156,510715,Reserva do Cabaçal,MT,Centro-Oeste,2025,2020,1,0,0,0,4.95,0.0,0.0,0.0,99.98,83.07,66.16,56.02,49.26,32.35,56.02,67.64,24.27,32.35,Alta,-14.933900000000001,-58.487849999999995,69.98,5107958
5107180,510718,Ribeirão Cascalheira,MT,Centro-Oeste,2025,10541,6,1,1,1,5.69,9.49,9.49,9.49,12.76,14.83,16.89,18.13,18.96,21.02,18.13,8.26,2.96,85.44,Baixa,-12.872250000000001,-51.533699999999996,0.0,5107180
5107198,510719,Ribeirãozinho,MT,Centro-Oeste,2025,2733,1,0,0,0,3.66,0.0,0.0,0.0,99.98,89.35,78.71,72.33,68.08,57.44,72.33,42.54,15.26,57.45,Alta,-16.46015,-52.7737,57.98,5207253
5107206,510720,Rio Branco,MT,Centro-Oeste,2025,4440,0,0,0,0,0.0,0.0,0.0,0.0,99.98,99.98,99.98,99.98,99.98,99.98,99.98,0.0,0.0,100.0,Muito alta,-15.282,-58.1202,35.86,5101704
5107578,510757,Rondolândia,MT,Centro-Oeste,2025,3518,3,0,0,0,8.53,0.0,0.0,0.0,99.98,76.17,52.36,38.07,28.55,4.74,38.07,95.24,34.17,4.74,Moderada,-10.3144,-60.9988,89.94,1100122
5107602,510760,Rondonópolis,MT,Centro-Oeste,2025,263708,68,3,2,0,2.58,1.14,0.76,0.0,50.01,56.83,63.65,67.74,70.47,77.29,67.74,27.28,9.79,70.7,Alta,-16.584400000000002,-54.591300000000004,0.0,5107602
5107701,510770,Rosário Oeste,MT,Centro-Oeste,2025,15041,7,1,1,1,4.65,6.65,6.65,6.65,22.69,26.57,30.44,32.77,34.32,38.2,32.77,15.51,5.56,79.12,Moderada,-14.872,-55.899699999999996,0.0,5107701
5107750,510775,Salto do Céu,MT,Centro-Oeste,2025,3657,2,0,0,0,5.47,0.0,0.0,0.0,99.98,81.1,62.22,50.9,43.35,24.47,50.9,75.52,27.1,24.47,Alta,-15.00365,-58.0065,22.89,5101704
5107248,510724,Santa Carmem,MT,Centro-Oeste,2025,5795,4,0,0,0,6.9,0.0,0.0,0.0,99.98,77.48,54.98,41.48,32.48,9.98,41.48,90.0,32.29,9.98,Moderada,-11.94735,-54.8477,69.54,5107909
5107743,510774,Santa Cruz do Xingu,MT,Centro-Oeste,2025,2904,1,0,0,0,3.44,0.0,0.0,0.0,99.98,90.51,81.04,75.35,71.56,62.09,75.35,37.89,13.6,62.1,Muito alta,-10.03955,-52.533150000000006,102.61,5103353
5107768,510776,Santa Rita do Trivelato,MT,Centro-Oeste,2025,3536,3,0,0,0,8.48,0.0,0.0,0.0,99.98,76.21,52.44,38.18,28.67,4.9,38.18,95.08,34.12,4.9,Moderada,-13.7806,-55.32,87.85,5105903
5107776,510777,Santa Terezinha,MT,Centro-Oeste,2025,7737,2,0,0,0,2.58,0.0,0.0,0.0,99.98,94.27,88.57,85.14,82.86,77.15,85.14,22.83,8.19,77.16,Muito alta,-10.288450000000001,-50.7983,74.16,5108600
5107263,510726,Santo Afonso,MT,Centro-Oeste,2025,2416,1,0,0,0,4.14,0.0,0.0,0.0,99.98,87.11,74.23,66.51,61.36,48.48,66.51,51.5,18.48,48.49,Alta,-14.433050000000001,-57.3343,40.08,5106232
5107800,510780,Santo Antônio de Leverger,MT,Centro-Oeste,2025,16839,8,0,0,0,4.75,0.0,0.0,0.0,99.98,84.09,68.2,58.67,52.31,36.42,58.67,63.56,22.81,36.43,Alta,-16.535,-55.5164,71.59,5104807
5107792,510779,Santo Antônio do Leste,MT,Centro-Oeste,2025,4244,2,0,0,0,4.71,0.0,0.0,0.0,99.98,84.27,68.55,59.12,52.84,37.12,59.12,62.86,22.56,37.13,Alta,-14.768249999999998,-53.744550000000004,142.94,5101803
5107875,510787,Sapezal,MT,Centro-Oeste,2025,32514,7,0,0,0,2.15,0.0,0.0,0.0,99.98,95.97,91.95,89.54,87.93,83.92,89.54,16.07,5.76,83.93,Muito alta,-12.9611,-58.561499999999995,106.78,5102637
5107883,510788,Serra Nova Dourada,MT,Centro-Oeste,2025,1941,2,0,0,0,10.3,0.0,0.0,0.0,99.98,75.53,51.07,36.39,26.61,2.15,36.39,97.83,35.1,2.15,Moderada,-12.0678,-51.37205,91.16,5107180
5107909,510790,Sinop,MT,Centro-Oeste,2025,223780,38,7,6,3,1.7,3.13,2.68,1.34,40.8,52.92,65.03,72.3,77.15,89.27,72.3,48.47,17.39,51.53,Alta,-11.74255,-55.4515,0.0,5107909
5107925,510792,Sorriso,MT,Centro-Oeste,2025,124665,29,4,4,3,2.33,3.21,3.21,2.41,40.48,50.73,60.98,67.13,71.23,81.48,67.13,41.0,14.71,58.99,Alta,-12.69435,-55.600899999999996,0.0,5107925
5107859,510785,São Félix do Araguaia,MT,Centro-Oeste,2025,14604,4,1,1,1,2.74,6.85,6.85,6.85,22.01,35.11,48.22,56.09,61.33,74.44,56.09,52.43,18.81,47.56,Alta,-11.4776,-51.98775,0.0,5107859
5107297,510729,São José do Povo,MT,Centro-Oeste,2025,2716,2,0,0,0,7.36,0.0,0.0,0.0,99.98,76.96,53.94,40.13,30.92,7.9,40.13,92.08,33.04,7.9,Moderada,-16.4755,-54.2715,36.18,5107602
5107305,510730,São José do Rio Claro,MT,Centro-Oeste,2025,14455,7,1,1,1,4.84,6.92,6.92,6.92,21.56,24.77,27.98,29.9,31.18,34.39,29.9,12.83,4.61,80.9,Moderada,-13.4365,-56.864999999999995,0.0,5107305
5107354,510735,São José do Xingu,MT,Centro-Oeste,2025,6234,2,0,0,0,3.21,0.0,0.0,0.0,99.98,91.55,83.13,78.07,74.7,66.27,78.07,33.71,12.1,66.28,Muito alta,-10.68195,-52.635099999999994,109.14,5103353
5107107,510710,São José dos Quatro Marcos,MT,Centro-Oeste,2025,17721,6,0,0,0,3.39,0.0,0.0,0.0,99.98,90.72,81.45,75.89,72.18,62.92,75.89,37.07,13.3,62.93,Muito alta,-15.531500000000001,-58.30035,24.6,5105622
5107404,510740,São Pedro da Cipa,MT,Centro-Oeste,2025,4250,3,0,0,0,7.06,0.0,0.0,0.0,99.98,77.27,54.55,40.92,31.83,9.12,40.92,90.86,32.6,9.12,Moderada,-15.96855,-54.75365,32.74,5103601
5107941,510794,Tabaporã,MT,Centro-Oeste,2025,9895,5,0,0,0,5.05,0.0,0.0,0.0,99.98,82.63,65.28,54.86,47.92,30.57,54.86,69.41,24.91,30.57,Alta,-11.06845,-56.45955,82.62,5106802
5107958,510795,Tangará da Serra,MT,Centro-Oeste,2025,114603,26,4,4,3,2.27,3.49,3.49,2.62,38.9,49.77,60.64,67.16,71.5,82.37,67.16,43.48,15.6,56.52,Alta,-14.488,-58.0287,0.0,5107958
5108006,510800,Tapurah,MT,Centro-Oeste,2025,15638,6,0,0,0,3.84,0.0,0.0,0.0,99.98,88.38,76.78,69.82,65.18,53.58,69.82,46.4,16.65,53.59,Alta,-12.5744,-56.51875,59.32,5105259
5108055,510805,Terra Nova do Norte,MT,Centro-Oeste,2025,10591,5,0,0,0,4.72,0.0,0.0,0.0,99.98,84.24,68.51,59.06,52.77,37.03,59.06,62.95,22.59,37.04,Alta,-10.48085,-54.9851,100.76,5104559
5108105,510810,Tesouro,MT,Centro-Oeste,2025,2935,3,0,0,0,10.22,0.0,0.0,0.0,99.98,75.53,51.09,36.42,26.64,2.19,36.42,97.79,35.09,2.19,Moderada,-15.9211,-53.4531,53.22,5104203
5108204,510820,Torixoréu,MT,Centro-Oeste,2025,4238,2,0,0,0,4.72,0.0,0.0,0.0,99.98,84.26,68.53,59.1,52.81,37.08,59.1,62.9,22.57,37.09,Alta,-16.300649999999997,-52.841300000000004,76.89,5207253
5108303,510830,União do Sul,MT,Centro-Oeste,2025,3904,3,0,0,0,7.68,0.0,0.0,0.0,99.98,76.67,53.36,39.37,30.04,6.73,39.37,93.25,33.46,6.73,Moderada,-11.5342,-54.2551,73.58,5105580
5108352,510835,Vale de São Domingos,MT,Centro-Oeste,2025,2892,3,0,0,0,10.37,0.0,0.0,0.0,99.98,75.5,51.02,36.34,26.54,2.06,36.34,97.92,35.13,2.06,Moderada,-15.02635,-58.989599999999996,70.67,5106752
5108501,510850,Vera,MT,Centro-Oeste,2025,10758,3,0,0,0,2.79,0.0,0.0,0.0,99.98,93.38,86.77,82.81,80.17,73.56,82.81,26.42,9.48,73.57,Muito alta,-12.8765,-55.33005,35.68,5107925
5105507,510550,Vila Bela da Santíssima Trindade,MT,Centro-Oeste,2025,17592,9,1,1,1,5.12,5.68,5.68,5.68,26.21,27.09,27.98,28.51,28.86,29.74,28.51,3.54,1.27,84.33,Moderada,-15.13625,-60.00405,0.0,5105507
5108600,510860,Vila Rica,MT,Centro-Oeste,2025,19686,6,1,1,1,3.05,5.08,5.08,5.08,29.96,39.8,49.65,55.56,59.5,69.34,55.56,39.38,14.13,60.61,Alta,-10.016100000000002,-51.41674999999999,0.0,5108600
5108402,510840,Várzea Grande,MT,Centro-Oeste,2025,318922,32,3,3,1,1.0,0.94,0.94,0.31,50.44,61.65,72.86,79.59,84.07,95.28,79.59,44.84,16.09,55.15,Muito alta,-15.5587,-56.2474,0.0,5108402
5100201,510020,Água Boa,MT,Centro-Oeste,2025,32099,15,1,1,1,4.67,3.12,3.12,3.12,40.89,40.15,39.41,38.97,38.67,37.93,38.97,2.96,1.06,83.86,Moderada,-14.08685,-52.4744,0.0,5100201
1500107,150010,Abaetetuba,PA,Norte,2025,172344,30,4,4,3,1.74,2.32,2.32,1.74,45.23,56.12,67.01,73.54,77.89,88.78,73.54,43.55,15.63,56.45,Alta,-1.7389999999999999,-48.84245,0.0,1500107
1500131,150013,Abel Figueiredo,PA,Norte,2025,6275,3,1,1,1,4.78,15.94,15.94,15.94,5.58,13.12,20.65,25.17,28.19,35.72,25.17,30.14,10.81,69.86,Moderada,-4.962999999999999,-48.40375,0.0,1500131
1500206,150020,Acará,PA,Norte,2025,63110,11,1,1,1,1.74,1.58,1.58,1.58,48.45,58.52,68.6,74.64,78.67,88.75,74.64,40.3,14.46,59.69,Alta,-2.0342000000000002,-48.46065,0.0,1500206
1500305,150030,Afuá,PA,Norte,2025,40473,6,1,1,1,1.48,2.47,2.47,2.47,44.52,56.25,67.99,75.03,79.72,91.46,75.03,46.94,16.84,53.05,Muito alta,-0.2372,-50.76985,0.0,1500305
1500404,150040,Alenquer,PA,Norte,2025,75882,6,1,1,1,0.79,1.32,1.32,1.32,49.31,61.14,72.97,80.06,84.8,96.63,80.06,47.32,16.98,52.68,Muito alta,-0.31055,-54.88785,0.0,1500404
1500503,150050,Almeirim,PA,Norte,2025,36442,9,2,2,2,2.47,5.49,5.49,5.49,27.57,40.37,53.18,60.86,65.98,78.78,60.86,51.21,18.38,48.78,Alta,0.40495000000000014,-53.74305,0.0,1500503
1500602,150060,Altamira,PA,Norte,2025,138749,28,7,6,3,2.02,5.05,4.32,2.16,30.08,44.01,57.94,66.3,71.87,85.8,66.3,55.72,19.99,44.27,Alta,-6.317450000000001,-53.643100000000004,0.0,1500602
1500701,150070,Anajás,PA,Norte,2025,30247,1,1,1,1,0.33,3.31,3.31,3.31,39.87,54.44,69.02,77.76,83.59,98.17,77.76,58.3,20.92,41.69,Muito alta,-0.79,-49.9998,0.0,1500701
1500800,150080,Ananindeua,PA,Norte,2025,509227,70,9,7,4,1.37,1.77,1.37,0.79,47.73,58.94,70.15,76.87,81.36,92.57,76.87,44.84,16.09,55.15,Muito alta,-1.33615,-48.3856,0.0,1500800
1500859,150085,Anapu,PA,Norte,2025,35638,10,1,1,1,2.81,2.81,2.81,2.81,42.78,50.38,57.99,62.55,65.59,73.2,62.55,30.43,10.92,69.57,Alta,-3.9474,-51.328649999999996,0.0,1500859
1500909,150090,Augusto Corrêa,PA,Norte,2025,47912,4,1,1,1,0.83,2.09,2.09,2.09,46.29,58.8,71.31,78.81,83.81,96.32,78.81,50.03,17.95,49.96,Muito alta,-1.10095,-46.4983,0.0,1500909
1500958,150095,Aurora do Pará,PA,Norte,2025,24193,9,1,1,1,3.72,4.13,4.13,4.13,34.55,39.96,45.36,48.6,50.76,56.17,48.6,21.61,7.75,73.75,Moderada,-2.2587,-47.7398,0.0,1500958
1501006,150100,Aveiro,PA,Norte,2025,19380,7,1,1,1,3.61,5.16,5.16,5.16,29.47,36.69,43.91,48.25,51.14,58.36,48.25,28.88,10.36,70.41,Moderada,-3.7634,-55.99675,0.0,1501006
1501105,150110,Bagre,PA,Norte,2025,35147,6,1,1,1,1.71,2.85,2.85,2.85,42.54,54.2,65.87,72.87,77.53,89.19,72.87,46.65,16.74,53.34,Alta,-2.484,-50.209649999999996,0.0,1501105
1501204,150120,Baião,PA,Norte,2025,56850,13,1,1,1,2.29,1.76,1.76,1.76,47.8,56.36,64.93,70.06,73.49,82.05,70.06,34.25,12.29,65.51,Alta,-3.1685,-49.67985,0.0,1501204
1501253,150125,Bannach,PA,Norte,2025,4290,2,1,1,1,4.66,23.31,23.31,23.31,1.99,11.02,20.04,25.46,29.07,38.09,25.46,36.1,12.95,63.9,Moderada,-7.47945,-50.6687,0.0,1501253
1501303,150130,Barcarena,PA,Norte,2025,139076,31,5,4,2,2.23,3.6,2.88,1.44,38.31,49.43,60.55,67.22,71.67,82.79,67.22,44.48,15.96,55.51,Alta,-1.4457499999999999,-48.63945,0.0,1501303
1501451,150145,Belterra,PA,Norte,2025,19075,10,1,1,1,5.24,5.24,5.24,5.24,28.97,28.64,28.32,28.12,27.99,27.66,28.12,1.31,0.47,84.72,Moderada,-3.2434000000000003,-55.0216,0.0,1501451
1501402,150140,Belém,PA,Norte,2025,1397315,97,47,41,13,0.69,3.36,2.93,0.93,39.63,53.98,68.33,76.94,82.67,97.02,76.94,57.39,20.59,42.6,Muito alta,-1.2730000000000001,-48.4631,0.0,1501402
1501501,150150,Benevides,PA,Norte,2025,68962,18,0,0,0,2.61,0.0,0.0,0.0,99.98,94.22,88.45,84.99,82.68,76.92,84.99,23.07,8.28,76.93,Muito alta,-1.3603999999999998,-48.2804,6.31,1504422
1501576,150157,Bom Jesus do Tocantins,PA,Norte,2025,19129,5,1,1,1,2.61,5.23,5.23,5.23,29.04,40.99,52.94,60.11,64.89,76.84,60.11,47.8,17.15,52.19,Alta,-5.0283999999999995,-48.73895,0.0,1501576
1501600,150160,Bonito,PA,Norte,2025,12961,9,0,0,0,6.94,0.0,0.0,0.0,99.98,77.45,54.91,41.39,32.37,9.84,41.39,90.15,32.35,9.84,Moderada,-1.3946,-47.31185,20.61,1505403
1501709,150170,Bragança,PA,Norte,2025,132489,33,3,3,3,2.49,2.26,2.26,2.26,45.56,53.78,62.01,66.94,70.23,78.46,66.94,32.9,11.81,67.09,Alta,-1.17695,-46.78735,0.0,1501709
1501725,150172,Brasil Novo,PA,Norte,2025,27130,7,1,1,1,2.58,3.69,3.69,3.69,37.87,47.72,57.57,63.49,67.43,77.28,63.49,39.4,14.14,60.59,Alta,-3.30365,-52.74275,0.0,1501725
1501758,150175,Brejo Grande do Araguaia,PA,Norte,2025,6966,4,1,1,1,5.74,14.36,14.36,14.36,6.71,10.1,13.49,15.52,16.88,20.27,15.52,13.55,4.86,83.82,Baixa,-5.76555,-48.39955,0.0,1501758
1501782,150178,Breu Branco,PA,Norte,2025,47066,18,1,1,1,3.82,2.12,2.12,2.12,46.15,48.08,50.01,51.17,51.94,53.87,51.17,7.72,2.77,80.61,Alta,-3.7570500000000004,-49.293350000000004,0.0,1501782
1501808,150180,Breves,PA,Norte,2025,116058,20,2,2,1,1.72,1.72,1.72,0.86,47.93,58.19,68.46,74.62,78.73,89.0,74.62,41.07,14.74,58.92,Alta,-1.15675,-50.5735,0.0,1501808
1501907,150190,Bujaru,PA,Norte,2025,25065,11,1,1,1,4.39,3.99,3.99,3.99,35.9,37.77,39.63,40.75,41.5,43.37,40.75,7.47,2.68,81.69,Moderada,-1.6482,-48.0787,0.0,1501907
1502004,150200,Cachoeira do Arari,PA,Norte,2025,25467,8,1,1,1,3.14,3.93,3.93,3.93,36.33,44.13,51.94,56.62,59.74,67.55,56.62,31.22,11.2,68.78,Alta,-0.8170000000000001,-48.82365,0.0,1502004
1501956,150195,Cachoeira do Piriá,PA,Norte,2025,19223,13,0,0,0,6.76,0.0,0.0,0.0,99.98,77.72,55.46,42.1,33.19,10.93,42.1,89.05,31.95,10.93,Moderada,-2.0141,-46.42315,37.12,2101970
1502103,150210,Cametá,PA,Norte,2025,144859,28,3,3,2,1.93,2.07,2.07,1.38,46.42,56.48,66.54,72.58,76.6,86.66,72.58,40.24,14.44,59.75,Alta,-2.2569,-49.5095,0.0,1502103
1502152,150215,Canaã dos Carajás,PA,Norte,2025,89524,13,4,4,2,1.45,4.47,4.47,2.23,33.03,47.73,62.43,71.25,77.13,91.83,71.25,58.8,21.1,41.18,Alta,-6.48165,-50.11605,0.0,1502152
1502202,150220,Capanema,PA,Norte,2025,75309,24,4,4,2,3.19,5.31,5.31,2.66,28.61,38.14,47.68,53.39,57.21,66.74,53.39,38.13,13.68,61.87,Alta,-1.18835,-47.088499999999996,0.0,1502202
1502301,150230,Capitão Poço,PA,Norte,2025,60318,15,3,3,3,2.49,4.97,4.97,4.97,30.43,42.45,54.47,61.68,66.49,78.51,61.68,48.09,17.25,51.9,Alta,-2.0663,-47.221000000000004,0.0,1502301
1502400,150240,Castanhal,PA,Norte,2025,209126,48,6,6,3,2.3,2.87,2.87,1.43,42.45,52.32,62.2,68.12,72.07,81.94,68.12,39.49,14.17,60.5,Alta,-1.26095,-47.837199999999996,0.0,1502400
1502509,150250,Chaves,PA,Norte,2025,21501,5,1,0,0,2.33,4.65,0.0,0.0,32.17,44.5,56.83,64.23,69.16,81.49,64.23,49.33,17.7,50.66,Alta,0.014600000000000002,-49.7378,0.0,1502509
1502608,150260,Colares,PA,Norte,2025,13625,5,1,0,0,3.67,7.34,0.0,0.0,19.17,28.68,38.18,43.88,47.68,57.19,43.88,38.02,13.64,61.97,Moderada,-0.91855,-48.29405,0.0,1502608
1502707,150270,Conceição do Araguaia,PA,Norte,2025,47144,15,2,2,2,3.18,4.24,4.24,4.24,33.98,42.2,50.41,55.34,58.63,66.85,55.34,32.87,11.79,67.13,Alta,-8.2048,-49.5321,0.0,1502707
1502756,150275,Concórdia do Pará,PA,Norte,2025,28270,8,1,1,1,2.83,3.54,3.54,3.54,38.65,47.13,55.62,60.71,64.1,72.59,60.71,33.94,12.18,66.05,Alta,-1.88075,-47.9785,0.0,1502756
1502764,150276,Cumaru do Norte,PA,Norte,2025,15150,6,1,1,1,3.96,6.6,6.6,6.6,22.89,30.05,37.22,41.52,44.39,51.55,41.52,28.67,10.29,71.33,Moderada,-8.50995,-51.213899999999995,0.0,1502764
1502772,150277,Curionópolis,PA,Norte,2025,20975,7,1,1,1,3.34,4.77,4.77,4.77,31.45,39.54,47.63,52.49,55.72,63.81,52.49,32.36,11.61,67.63,Alta,-6.2501,-49.6216,0.0,1502772
1502806,150280,Curralinho,PA,Norte,2025,36814,6,1,1,1,1.63,2.72,2.72,2.72,43.22,54.9,66.58,73.58,78.25,89.93,73.58,46.71,16.76,53.29,Alta,-1.5680999999999998,-49.99395,0.0,1502806
1502855,150285,Curuá,PA,Norte,2025,14954,6,0,0,0,4.01,0.0,0.0,0.0,99.98,87.66,75.34,67.94,63.01,50.69,67.94,49.29,17.69,50.7,Alta,-1.783,-55.1416,98.7,1506807
1502905,150290,Curuçá,PA,Norte,2025,44880,14,1,1,1,3.12,2.23,2.23,2.23,45.72,51.27,56.82,60.15,62.37,67.92,60.15,22.2,7.97,75.98,Alta,-0.7542500000000001,-47.86595,0.0,1502905
1502939,150293,Dom Eliseu,PA,Norte,2025,62823,14,3,3,2,2.23,4.78,4.78,3.18,31.41,44.26,57.11,64.82,69.96,82.8,64.82,51.39,18.44,48.6,Alta,-4.2017500000000005,-47.86795,0.0,1502939
1502954,150295,Eldorado do Carajás,PA,Norte,2025,29287,8,1,1,1,2.73,3.41,3.41,3.41,39.27,48.12,56.96,62.26,65.8,74.64,62.26,35.36,12.69,64.63,Alta,-6.12045,-49.2128,0.0,1502954
1503002,150300,Faro,PA,Norte,2025,9167,5,1,1,1,5.45,10.91,10.91,10.91,10.46,14.02,17.58,19.72,21.14,24.7,19.72,14.23,5.11,82.19,Baixa,-1.1118000000000001,-57.740300000000005,0.0,1503002
1503044,150304,Floresta do Araguaia,PA,Norte,2025,18595,9,1,1,1,4.84,5.38,5.38,5.38,28.09,29.68,31.28,32.23,32.87,34.46,32.23,6.37,2.29,82.5,Moderada,-7.55125,-49.520849999999996,0.0,1503044
1503077,150307,Garrafão do Norte,PA,Norte,2025,25558,10,1,1,1,3.91,3.91,3.91,3.91,36.47,40.46,44.45,46.85,48.44,52.43,46.85,15.96,5.73,76.86,Moderada,-2.22545,-47.0634,0.0,1503077
1503093,150309,Goianésia do Pará,PA,Norte,2025,26703,10,1,1,1,3.74,3.74,3.74,3.74,37.37,41.92,46.46,49.19,51.01,55.56,49.19,18.18,6.52,75.39,Moderada,-4.01865,-48.98795,0.0,1503093
1503101,150310,Gurupá,PA,Norte,2025,34137,6,1,1,1,1.76,2.93,2.93,2.93,42.06,53.68,65.31,72.29,76.94,88.57,72.29,46.51,16.69,53.48,Alta,-1.11405,-51.672399999999996,0.0,1503101
1503200,150320,Igarapé-Açu,PA,Norte,2025,37925,17,1,1,1,4.48,2.64,2.64,2.64,43.67,43.13,42.58,42.25,42.03,41.48,42.25,2.19,0.79,83.68,Moderada,-1.17565,-47.5654,0.0,1503200
1503309,150330,Igarapé-Miri,PA,Norte,2025,69446,17,3,3,2,2.45,4.32,4.32,2.88,33.71,45.06,56.41,63.22,67.76,79.11,63.22,45.4,16.29,54.6,Alta,-2.0762,-49.11595,0.0,1503309
1503408,150340,Inhangapi,PA,Norte,2025,10784,6,1,1,1,5.56,9.27,9.27,9.27,13.75,16.03,18.31,19.68,20.59,22.87,19.68,9.12,3.27,84.47,Baixa,-1.4551500000000002,-47.94715,0.0,1503408
1503457,150345,Ipixuna do Pará,PA,Norte,2025,29264,19,2,2,1,6.49,6.83,6.83,3.42,22.08,19.75,17.42,16.02,15.09,12.76,16.02,9.32,3.34,82.89,Baixa,-2.9433499999999997,-48.170100000000005,0.0,1503457
1503507,150350,Irituia,PA,Norte,2025,32740,5,1,1,1,1.53,3.05,3.05,3.05,41.39,53.81,66.22,73.67,78.63,91.04,73.67,49.65,17.82,50.34,Alta,-1.8386,-47.40675,0.0,1503507
1503606,150360,Itaituba,PA,Norte,2025,135369,25,5,5,5,1.85,3.69,3.69,3.69,37.75,50.17,62.58,70.03,75.0,87.42,70.03,49.67,17.82,50.32,Alta,-6.0321,-56.442449999999994,0.0,1503606
1503705,150370,Itupiranga,PA,Norte,2025,52201,11,1,1,1,2.11,1.92,1.92,1.92,47.03,56.44,65.84,71.48,75.25,84.65,71.48,37.62,13.5,62.37,Alta,-5.0771,-49.9135,0.0,1503705
1503754,150375,Jacareacanga,PA,Norte,2025,26579,3,1,1,1,1.13,3.76,3.76,3.76,37.28,51.57,65.85,74.42,80.13,94.42,74.42,57.14,20.5,42.85,Alta,-7.4779,-57.31915,0.0,1503754
1503804,150380,Jacundá,PA,Norte,2025,37726,16,2,2,2,4.24,5.3,5.3,5.3,28.72,33.18,37.64,40.32,42.1,46.56,40.32,17.84,6.4,76.66,Moderada,-4.5869,-49.248599999999996,0.0,1503804
1503903,150390,Juruti,PA,Norte,2025,54255,13,2,2,2,2.4,3.69,3.69,3.69,37.82,48.44,59.06,65.43,69.67,80.29,65.43,42.47,15.24,57.52,Alta,-2.6481,-56.193299999999994,0.0,1503903
1504000,150400,Limoeiro do Ajuru,PA,Norte,2025,32088,10,1,1,1,3.12,3.12,3.12,3.12,40.87,47.67,54.46,58.54,61.25,68.05,58.54,27.18,9.75,72.82,Alta,-1.88635,-49.4593,0.0,1504000
1504109,150410,Magalhães Barata,PA,Norte,2025,8439,5,0,0,0,5.92,0.0,0.0,0.0,99.98,79.53,59.08,46.81,38.63,18.18,46.81,81.8,29.35,18.19,Moderada,-0.8230500000000001,-47.6386,7.32,1504406
1504208,150420,Marabá,PA,Norte,2025,290975,16,7,7,3,0.55,2.41,2.41,1.03,44.86,58.03,71.2,79.1,84.37,97.54,79.1,52.68,18.9,47.31,Muito alta,-5.524900000000001,-50.062250000000006,0.0,1504208
1504307,150430,Maracanã,PA,Norte,2025,27129,11,1,1,1,4.05,3.69,3.69,3.69,37.86,40.85,43.84,45.64,46.84,49.83,45.64,11.97,4.3,78.87,Moderada,-0.8036000000000001,-47.493849999999995,0.0,1504307
1504406,150440,Marapanim,PA,Norte,2025,28159,9,1,0,1,3.2,3.55,0.0,3.55,38.56,45.54,52.53,56.72,59.52,66.51,56.72,27.95,10.03,72.05,Alta,-0.8005,-47.700450000000004,0.0,1504406
1504422,150442,Marituba,PA,Norte,2025,119437,20,2,2,1,1.67,1.67,1.67,0.84,48.14,58.49,68.84,75.05,79.19,89.54,75.05,41.39,14.85,58.6,Muito alta,-1.39975,-48.321349999999995,0.0,1504422
1504455,150445,Medicilândia,PA,Norte,2025,28677,8,1,1,1,2.79,3.49,3.49,3.49,38.92,47.57,56.22,61.41,64.87,73.52,61.41,34.61,12.42,65.39,Alta,-3.1651499999999997,-53.26235,0.0,1504455
1504505,150450,Melgaço,PA,Norte,2025,30080,6,1,1,1,1.99,3.32,3.32,3.32,39.78,51.32,62.87,69.8,74.42,85.96,69.8,46.19,16.57,53.81,Alta,-1.5357,-51.12735,0.0,1504505
1504604,150460,Mocajuba,PA,Norte,2025,28903,9,1,1,1,3.11,3.46,3.46,3.46,39.11,46.39,53.66,58.03,60.94,68.21,58.03,29.1,10.44,70.9,Alta,-2.54085,-49.476299999999995,0.0,1504604
1504703,150470,Moju,PA,Norte,2025,91760,14,1,1,1,1.53,1.09,1.09,1.09,50.1,60.34,70.59,76.74,80.83,91.08,76.74,40.98,14.7,59.01,Muito alta,-2.5355499999999997,-49.03545,0.0,1504703
1504752,150475,Mojuí dos Campos,PA,Norte,2025,25818,12,0,0,0,4.65,0.0,0.0,0.0,99.98,84.57,69.15,59.9,53.74,38.32,59.9,61.66,22.12,38.33,Alta,-3.0748499999999996,-54.529650000000004,57.75,1501451
1504802,150480,Monte Alegre,PA,Norte,2025,64002,16,3,3,2,2.5,4.69,4.69,3.12,31.83,43.44,55.05,62.02,66.67,78.28,62.02,46.45,16.67,53.54,Alta,-1.02145,-54.35835,0.0,1504802
1504901,150490,Muaná,PA,Norte,2025,49648,7,2,1,1,1.41,4.03,2.01,2.01,35.42,49.62,63.83,72.36,78.04,92.25,72.36,56.83,20.39,43.16,Alta,-1.3162,-49.274100000000004,0.0,1504901
1504059,150405,Mãe do Rio,PA,Norte,2025,37473,9,1,1,1,2.4,2.67,2.67,2.67,43.55,52.68,61.82,67.3,70.96,80.09,67.3,36.55,13.11,63.45,Alta,-1.9974499999999997,-47.507,0.0,1504059
1504950,150495,Nova Esperança do Piriá,PA,Norte,2025,21304,8,1,1,1,3.76,4.69,4.69,4.69,31.75,37.67,43.59,47.14,49.51,55.43,47.14,23.68,8.5,73.18,Moderada,-2.39475,-46.92065,0.0,1504950
1504976,150497,Nova Ipixuna,PA,Norte,2025,14400,0,1,1,1,0.0,6.94,6.94,6.94,21.36,41.02,60.67,72.46,80.33,99.98,72.46,78.62,28.21,21.36,Alta,-5.011950000000001,-49.2134,0.0,1504976
1505007,150500,Nova Timboteua,PA,Norte,2025,13175,8,1,0,0,6.07,7.59,0.0,0.0,18.49,18.03,17.56,17.29,17.1,16.64,17.29,1.85,0.66,87.38,Baixa,-1.1695,-47.3908,0.0,1505007
1505031,150503,Novo Progresso,PA,Norte,2025,37054,9,3,3,2,2.43,8.1,8.1,5.4,17.2,32.79,48.38,57.74,63.98,79.57,57.74,62.38,22.38,37.61,Alta,-7.91525,-55.433350000000004,0.0,1505031
1505064,150506,Novo Repartimento,PA,Norte,2025,63796,1,1,1,1,0.16,1.57,1.57,1.57,48.56,60.99,73.43,80.9,85.87,98.31,80.9,49.76,17.85,50.23,Muito alta,-4.52525,-50.2014,0.0,1505064
1505205,150520,Oeiras do Pará,PA,Norte,2025,36734,8,1,1,1,2.18,2.72,2.72,2.72,43.19,53.3,63.42,69.49,73.53,83.65,69.49,40.46,14.52,59.53,Alta,-2.38595,-49.919,0.0,1505205
1505304,150530,Oriximiná,PA,Norte,2025,72889,10,5,5,4,1.37,6.86,6.86,5.49,21.94,39.61,57.28,67.88,74.95,92.62,67.88,70.69,25.36,29.3,Alta,0.2674000000000001,-57.2421,0.0,1505304
1505437,150543,Ourilândia do Norte,PA,Norte,2025,35252,11,3,3,3,3.12,8.51,8.51,8.51,16.32,29.21,42.1,49.84,54.99,67.89,49.84,51.57,18.5,48.42,Moderada,-7.454,-51.341049999999996,0.0,1505437
1505403,150540,Ourém,PA,Norte,2025,18783,8,1,1,1,4.26,5.32,5.32,5.32,28.49,32.89,37.3,39.94,41.71,46.11,39.94,17.63,6.32,76.86,Moderada,-1.4882499999999999,-47.1519,0.0,1505403
1505486,150548,Pacajá,PA,Norte,2025,43741,14,2,2,2,3.2,4.57,4.57,4.57,32.62,41.07,49.53,54.61,57.99,66.45,54.61,33.84,12.14,66.16,Alta,-3.7003000000000004,-50.549949999999995,0.0,1505486
1505494,150549,Palestina do Pará,PA,Norte,2025,7063,2,1,1,1,2.83,14.16,14.16,14.16,6.93,23.33,39.73,49.57,56.13,72.54,49.57,65.61,23.54,34.38,Moderada,-5.9099,-48.3529,0.0,1505494
1505502,150550,Paragominas,PA,Norte,2025,113498,27,7,7,5,2.38,6.17,6.17,4.41,24.18,38.28,52.38,60.84,66.48,80.58,60.84,56.4,20.24,43.59,Alta,-3.1239,-47.66005,0.0,1505502
1505536,150553,Parauapebas,PA,Norte,2025,305771,27,14,11,6,0.88,4.58,3.6,1.96,32.58,48.46,64.33,73.86,80.21,96.09,73.86,63.51,22.79,36.48,Alta,-6.19875,-50.4674,0.0,1505536
1505551,150555,Pau D'Arco,PA,Norte,2025,7354,5,1,1,1,6.8,13.6,13.6,13.6,7.31,8.14,8.97,9.46,9.8,10.63,9.46,3.32,1.19,91.89,Baixa,-7.7285,-50.1391,0.0,1505551
1505601,150560,Peixe-Boi,PA,Norte,2025,8686,5,0,0,0,5.76,0.0,0.0,0.0,99.98,79.99,60.0,48.0,40.01,20.01,48.0,79.97,28.69,20.02,Moderada,-1.1254499999999998,-47.27035,14.26,1505007
1505635,150563,Piçarra,PA,Norte,2025,13366,7,1,1,1,5.24,7.48,7.48,7.48,18.76,21.01,23.26,24.61,25.52,27.77,24.61,9.01,3.23,83.43,Baixa,-6.5534,-49.018699999999995,0.0,1505635
1505650,150565,Placas,PA,Norte,2025,18510,0,1,1,1,0.0,5.4,5.4,5.4,27.95,45.96,63.97,74.77,81.97,99.98,74.77,72.03,25.85,27.95,Alta,-3.9118000000000004,-54.503699999999995,0.0,1505650
1505700,150570,Ponta de Pedras,PA,Norte,2025,25736,7,1,1,1,2.72,3.89,3.89,3.89,36.6,46.16,55.72,61.45,65.28,74.83,61.45,38.23,13.72,61.76,Alta,-1.10985,-49.07575,0.0,1505700
1505809,150580,Portel,PA,Norte,2025,67580,16,1,1,1,2.37,1.48,1.48,1.48,48.77,56.75,64.74,69.53,72.72,80.7,69.53,31.93,11.46,67.24,Alta,-2.6213,-50.924099999999996,0.0,1505809
1505908,150590,Porto de Moz,PA,Norte,2025,44121,8,1,1,1,1.81,2.27,2.27,2.27,45.54,56.15,66.77,73.13,77.38,87.99,73.13,42.45,15.23,57.54,Alta,-2.16715,-52.61635,0.0,1505908
1506005,150600,Prainha,PA,Norte,2025,38733,9,1,1,1,2.32,2.58,2.58,2.58,43.91,53.31,62.72,68.36,72.12,81.53,68.36,37.62,13.5,62.37,Alta,-1.9188,-53.61635,0.0,1506005
1506104,150610,Primavera,PA,Norte,2025,11379,6,0,0,0,5.27,0.0,0.0,0.0,99.98,81.79,63.61,52.69,45.42,27.23,52.69,72.75,26.1,27.24,Alta,-0.93605,-47.12765,21.04,1508035
1506112,150611,Quatipuru,PA,Norte,2025,11838,1,0,0,0,0.84,0.0,0.0,0.0,99.98,99.05,98.12,97.57,97.2,96.27,97.57,3.72,1.33,96.28,Muito alta,-0.8587,-47.01305,23.37,1508035
1506138,150613,Redenção,PA,Norte,2025,92694,17,8,8,5,1.83,8.63,8.63,5.39,16.03,33.93,51.82,62.56,69.72,87.61,62.56,71.58,25.69,28.4,Alta,-8.0555,-50.2132,0.0,1506138
1506161,150616,Rio Maria,PA,Norte,2025,19190,8,3,3,2,4.17,15.63,15.63,10.42,5.8,16.3,26.81,33.11,37.31,47.82,33.11,42.02,15.08,57.97,Moderada,-7.3704,-49.7988,0.0,1506161
1506187,150618,Rondon do Pará,PA,Norte,2025,57031,15,2,2,2,2.63,3.51,3.51,3.51,38.83,48.25,57.67,63.33,67.1,76.52,63.33,37.7,13.53,62.3,Alta,-4.4818,-48.4166,0.0,1506187
1506195,150619,Rurópolis,PA,Norte,2025,37198,10,1,1,1,2.69,2.69,2.69,2.69,43.4,51.39,59.38,64.17,67.37,75.35,64.17,31.95,11.46,68.04,Alta,-4.1956999999999995,-55.28715,0.0,1506195
1506203,150620,Salinópolis,PA,Norte,2025,48663,17,1,1,1,3.49,2.05,2.05,2.05,46.49,50.13,53.76,55.94,57.4,61.03,55.94,14.54,5.22,82.01,Alta,-0.7074,-47.34105,0.0,1506203
1506302,150630,Salvaterra,PA,Norte,2025,25687,9,1,1,1,3.5,3.89,3.89,3.89,36.58,42.63,48.67,52.3,54.72,60.76,52.3,24.18,8.68,72.42,Alta,-0.81435,-48.6858,0.0,1506302
1506351,150635,Santa Bárbara do Pará,PA,Norte,2025,22530,6,0,0,0,2.66,0.0,0.0,0.0,99.98,93.94,87.9,84.28,81.86,75.82,84.28,24.16,8.67,75.83,Muito alta,-1.1921499999999998,-48.24525,11.13,1507003
1506401,150640,Santa Cruz do Arari,PA,Norte,2025,7626,1,1,1,1,1.31,13.11,13.11,13.11,7.75,29.1,50.44,63.25,71.78,93.13,63.25,85.37,30.63,14.61,Alta,-0.5546,-49.313500000000005,0.0,1506401
1506500,150650,Santa Izabel do Pará,PA,Norte,2025,79195,29,1,1,1,3.66,1.26,1.26,1.26,49.51,51.46,53.42,54.59,55.38,57.33,54.59,7.83,2.81,85.44,Alta,-1.3736,-48.1232,0.0,1506500
1506559,150655,Santa Luzia do Pará,PA,Norte,2025,21295,1,1,1,0,0.47,4.7,4.7,0.0,31.74,48.27,64.8,74.72,81.33,97.86,74.72,66.13,23.73,33.86,Alta,-1.72535,-46.9731,0.0,1506559
1506583,150658,Santa Maria das Barreiras,PA,Norte,2025,17065,10,2,2,2,5.86,11.72,11.72,11.72,9.39,11.76,14.13,15.55,16.5,18.87,15.55,9.48,3.4,86.09,Baixa,-8.643799999999999,-50.26435,0.0,1506583
1506609,150660,Santa Maria do Pará,PA,Norte,2025,25815,13,1,1,1,5.04,3.87,3.87,3.87,36.64,35.2,33.76,32.9,32.33,30.89,32.9,5.74,2.06,80.84,Moderada,-1.3661500000000002,-47.535849999999996,0.0,1506609
1506708,150670,Santana do Araguaia,PA,Norte,2025,30455,14,2,2,2,4.6,6.57,6.57,6.57,23.01,27.06,31.12,33.55,35.17,39.22,33.55,16.21,5.82,78.74,Moderada,-9.27815,-50.58345,0.0,1506708
1506807,150680,Santarém,PA,Norte,2025,360871,74,6,5,5,2.05,1.66,1.39,1.39,48.2,57.49,66.79,72.37,76.09,85.39,72.37,37.19,13.35,62.8,Alta,-2.669,-55.1953,0.0,1506807
1506906,150690,Santarém Novo,PA,Norte,2025,6355,6,0,0,0,9.44,0.0,0.0,0.0,99.98,75.74,51.49,36.94,27.24,3.0,36.94,96.98,34.8,3.0,Moderada,-0.9068499999999999,-47.32485,18.87,1507474
1507003,150700,Santo Antônio do Tauá,PA,Norte,2025,29234,13,1,1,1,4.45,3.42,3.42,3.42,39.24,39.95,40.67,41.09,41.38,42.09,41.09,2.85,1.02,83.77,Moderada,-1.09545,-48.21935,0.0,1507003
1507755,150775,Sapucaia,PA,Norte,2025,6212,2,1,1,1,3.22,16.1,16.1,16.1,5.46,20.61,35.76,44.85,50.91,66.06,44.85,60.6,21.74,39.39,Moderada,-6.834,-49.53605,0.0,1507755
1507805,150780,Senador José Porfírio,PA,Norte,2025,24989,5,1,1,1,2.0,4.0,4.0,4.0,35.76,48.29,60.82,68.34,73.36,85.89,68.34,50.13,17.99,49.86,Alta,-3.8223,-51.82455,0.0,1507805
1507904,150790,Soure,PA,Norte,2025,25315,0,1,1,1,0.0,3.95,3.95,3.95,36.17,52.12,68.08,77.65,84.03,99.98,77.65,63.81,22.9,36.18,Muito alta,-0.48285,-48.6906,0.0,1507904
1507102,150710,São Caetano de Odivelas,PA,Norte,2025,17258,9,1,1,1,5.21,5.79,5.79,5.79,25.51,26.18,26.84,27.25,27.51,28.18,27.25,2.67,0.96,84.52,Moderada,-0.86225,-48.03055,0.0,1507102
1507151,150715,São Domingos do Araguaia,PA,Norte,2025,21555,8,1,1,1,3.71,4.64,4.64,4.64,32.27,38.3,44.32,47.93,50.34,56.36,47.93,24.09,8.64,72.8,Moderada,-5.6817,-48.703199999999995,0.0,1507151
1507201,150720,São Domingos do Capim,PA,Norte,2025,32554,19,1,1,1,5.84,3.07,3.07,3.07,41.21,35.71,30.21,26.91,24.71,19.21,26.91,22.01,7.9,69.35,Moderada,-1.9274499999999999,-47.777550000000005,0.0,1507201
1507409,150740,São Francisco do Pará,PA,Norte,2025,15429,9,0,0,0,5.83,0.0,0.0,0.0,99.98,79.81,59.63,47.52,39.45,19.28,47.52,80.7,28.96,19.28,Moderada,-1.21605,-47.74195,11.71,1502400
1507300,150730,São Félix do Xingu,PA,Norte,2025,64651,20,5,5,3,3.09,7.73,7.73,4.64,18.18,30.76,43.34,50.89,55.92,68.5,50.89,50.31,18.05,49.68,Alta,-7.46155,-52.09435,0.0,1507300
1507458,150745,São Geraldo do Araguaia,PA,Norte,2025,24929,13,1,1,1,5.21,4.01,4.01,4.01,35.68,33.81,31.94,30.82,30.07,28.2,30.82,7.49,2.69,80.25,Moderada,-6.1693,-48.787400000000005,0.0,1507458
1507466,150746,São João da Ponta,PA,Norte,2025,4470,5,0,0,0,11.19,0.0,0.0,0.0,99.98,75.29,50.6,35.79,25.91,1.22,35.79,98.76,35.44,1.22,Moderada,-0.8669,-47.96125000000001,7.72,1507102
1507474,150747,São João de Pirabas,PA,Norte,2025,21477,10,1,1,1,4.66,4.66,4.66,4.66,32.11,33.63,35.14,36.04,36.65,38.16,36.04,6.05,2.17,82.48,Moderada,-0.77155,-47.2224,0.0,1507474
1507508,150750,São João do Araguaia,PA,Norte,2025,14293,6,1,1,1,4.2,7.0,7.0,7.0,20.93,27.49,34.05,37.99,40.61,47.17,37.99,26.24,9.42,73.11,Moderada,-5.4421,-48.68185,0.0,1507508
1507607,150760,São Miguel do Guamá,PA,Norte,2025,55970,14,1,1,1,2.5,1.79,1.79,1.79,47.59,55.25,62.92,67.51,70.58,78.24,67.51,30.66,11.0,68.55,Alta,-1.55145,-47.623,0.0,1507607
1507706,150770,São Sebastião da Boa Vista,PA,Norte,2025,27651,11,1,1,1,3.98,3.62,3.62,3.62,38.22,41.48,44.75,46.71,48.02,51.28,46.71,13.07,4.69,78.22,Moderada,-1.4316,-49.70205,0.0,1507706
1507953,150795,Tailândia,PA,Norte,2025,75290,10,1,1,1,1.33,1.33,1.33,1.33,49.27,60.2,71.13,77.68,82.05,92.98,77.68,43.71,15.68,56.28,Muito alta,-2.9024,-48.74605,0.0,1507953
1507961,150796,Terra Alta,PA,Norte,2025,10837,6,0,0,0,5.54,0.0,0.0,0.0,99.98,80.8,61.62,50.11,42.44,23.26,50.11,76.72,27.53,23.27,Alta,-0.9938500000000001,-47.855900000000005,24.31,1507102
1507979,150797,Terra Santa,PA,Norte,2025,19792,0,1,1,1,0.0,5.05,5.05,5.05,30.05,47.53,65.02,75.51,82.5,99.98,75.51,69.93,25.09,30.05,Muito alta,-1.90395,-56.4191,0.0,1507979
1508001,150800,Tomé-Açu,PA,Norte,2025,73058,18,3,3,3,2.46,4.11,4.11,4.11,34.77,45.81,56.85,63.47,67.89,78.93,63.47,44.16,15.84,55.83,Alta,-2.66105,-48.24465,0.0,1508001
1508035,150803,Tracuateua,PA,Norte,2025,30494,14,1,1,1,4.59,3.28,3.28,3.28,40.01,39.85,39.7,39.6,39.54,39.38,39.6,0.63,0.23,85.08,Moderada,-1.0678,-46.9918,0.0,1508035
1508050,150805,Trairão,PA,Norte,2025,15550,7,1,1,1,4.5,6.43,6.43,6.43,23.28,27.73,32.18,34.84,36.62,41.07,34.84,17.79,6.38,77.65,Moderada,-5.10765,-55.97195,0.0,1508050
1508084,150808,Tucumã,PA,Norte,2025,42883,10,2,2,2,2.33,4.66,4.66,4.66,32.06,44.38,56.7,64.1,69.03,81.35,64.1,49.29,17.69,50.7,Alta,-6.811,-51.40315,0.0,1508084
1508100,150810,Tucuruí,PA,Norte,2025,96119,24,5,5,5,2.5,5.2,5.2,5.2,29.33,41.59,53.86,61.22,66.12,78.39,61.22,49.06,17.6,50.93,Alta,-3.7955500000000004,-49.8642,0.0,1508100
1508126,150812,Ulianópolis,PA,Norte,2025,39360,9,2,2,2,2.29,5.08,5.08,5.08,29.94,42.97,56.0,63.82,69.04,82.07,63.82,52.13,18.7,47.86,Alta,-3.80225,-47.5315,0.0,1508126
1508159,150815,Uruará,PA,Norte,2025,45962,7,1,1,0,1.52,2.18,2.18,0.0,45.92,57.22,68.52,75.3,79.82,91.11,75.3,45.2,16.22,54.79,Muito alta,-3.5766999999999998,-53.7228,0.0,1508159
1508209,150820,Vigia,PA,Norte,2025,54062,14,1,1,0,2.59,1.85,1.85,0.0,47.35,54.8,62.24,66.71,69.69,77.13,66.71,29.78,10.69,69.35,Alta,-0.944,-48.078450000000004,0.0,1508209
1508308,150830,Viseu,PA,Norte,2025,62189,25,1,1,1,4.02,1.61,1.61,1.61,48.34,48.9,49.46,49.8,50.02,50.58,49.8,2.24,0.81,83.27,Moderada,-1.5620500000000002,-46.4553,0.0,1508308
1508357,150835,Vitória do Xingu,PA,Norte,2025,16552,11,1,1,1,6.65,6.04,6.04,6.04,24.54,21.35,18.17,16.25,14.98,11.79,16.25,12.74,4.57,80.39,Baixa,-3.1728,-51.98925,0.0,1508357
1508407,150840,Xinguara,PA,Norte,2025,57768,14,3,3,3,2.42,5.19,5.19,5.19,29.4,41.99,54.59,62.14,67.18,79.77,62.14,50.37,18.07,49.62,Alta,-6.84905,-49.7299,0.0,1508407
1500347,150034,Água Azul do Norte,PA,Norte,2025,17596,9,1,1,1,5.11,5.68,5.68,5.68,26.24,27.13,28.02,28.55,28.91,29.8,28.55,3.55,1.28,84.34,Moderada,-6.7623999999999995,-50.396,0.0,1500347
1505106,150510,Óbidos,PA,Norte,2025,55527,15,1,1,1,2.7,1.8,1.8,1.8,47.5,54.43,61.36,65.52,68.3,75.23,65.52,27.73,9.95,71.01,Alta,0.07299999999999995,-55.6684,0.0,1505106
2500205,250020,Aguiar,PB,Nordeste,2025,5026,3,1,0,0,5.97,19.9,0.0,0.0,3.23,6.86,10.48,12.66,14.11,17.73,12.66,14.5,5.2,84.49,Baixa,-7.08525,-38.20065,0.0,2500205
2500304,250030,Alagoa Grande,PB,Nordeste,2025,26655,15,1,1,1,5.63,3.75,3.75,3.75,37.34,33.48,29.62,27.3,25.76,21.9,27.3,15.44,5.54,74.72,Moderada,-7.0478000000000005,-35.60165,0.0,2500304
2500403,250040,Alagoa Nova,PB,Nordeste,2025,21823,11,1,1,1,5.04,4.58,4.58,4.58,32.53,32.1,31.67,31.42,31.25,30.82,31.42,1.71,0.61,83.81,Moderada,-7.06275,-35.7676,0.0,2500403
2500502,250050,Alagoinha,PB,Nordeste,2025,14140,8,0,0,0,5.66,0.0,0.0,0.0,99.98,80.36,60.74,48.97,41.12,21.5,48.97,78.48,28.16,21.51,Moderada,-6.96995,-35.5262,11.86,2506301
2500536,250053,Alcantil,PB,Nordeste,2025,5806,4,1,0,0,6.89,17.22,0.0,0.0,4.63,6.0,7.37,8.19,8.74,10.11,8.19,5.47,1.96,91.72,Baixa,-7.69985,-36.0432,0.0,2500536
2500577,250057,Algodão de Jandaíra,PB,Nordeste,2025,3143,2,0,0,0,6.36,0.0,0.0,0.0,99.98,78.43,56.88,43.95,35.33,13.79,43.95,86.2,30.93,13.79,Moderada,-6.884449999999999,-35.957,16.3,2506004
2500601,250060,Alhandra,PB,Nordeste,2025,23065,11,1,0,0,4.77,4.34,0.0,0.0,33.64,34.24,34.85,35.21,35.46,36.06,35.21,2.42,0.87,83.18,Moderada,-7.35425,-34.94715,0.0,2500601
2500734,250073,Amparo,PB,Nordeste,2025,2328,2,0,0,0,8.59,0.0,0.0,0.0,99.98,76.14,52.3,37.99,28.46,4.61,37.99,95.37,34.22,4.61,Moderada,-7.56105,-37.03915,17.66,2516300
2500775,250077,Aparecida,PB,Nordeste,2025,8257,3,0,0,0,3.63,0.0,0.0,0.0,99.98,89.5,79.03,72.74,68.55,58.07,72.74,41.91,15.04,58.08,Alta,-6.787699999999999,-38.06755,16.92,2513984
2500908,250090,Arara,PB,Nordeste,2025,12482,8,1,0,1,6.41,8.01,0.0,8.01,17.52,16.48,15.45,14.82,14.41,13.37,14.82,4.15,1.49,87.22,Baixa,-6.8627,-35.7303,0.0,2500908
2501005,250100,Araruna,PB,Nordeste,2025,17360,10,1,1,0,5.76,5.76,5.76,0.0,25.7,24.27,22.84,21.98,21.41,19.98,21.98,5.73,2.05,82.62,Baixa,-6.5328,-35.7536,0.0,2501005
2500809,250080,Araçagi,PB,Nordeste,2025,16991,10,1,1,0,5.89,5.89,5.89,0.0,25.06,23.47,21.88,20.93,20.29,18.7,20.93,6.35,2.28,82.48,Baixa,-6.87115,-35.36405,0.0,2500809
2501104,250110,Areia,PB,Nordeste,2025,23031,14,1,1,1,6.08,4.34,4.34,4.34,33.6,29.35,25.09,22.54,20.84,16.59,22.54,17.02,6.11,74.33,Baixa,-6.94785,-35.6957,0.0,2501104
2501153,250115,Areia de Baraúnas,PB,Nordeste,2025,2027,1,0,0,0,4.93,0.0,0.0,0.0,99.98,83.17,66.35,56.26,49.54,32.72,56.26,67.26,24.13,32.73,Alta,-7.11585,-36.96785,18.42,2516508
2501203,250120,Areial,PB,Nordeste,2025,7434,4,1,0,0,5.38,13.45,0.0,0.0,7.43,11.96,16.5,19.22,21.03,25.56,19.22,18.13,6.51,79.82,Baixa,-7.0486,-35.93245,0.0,2501203
2501302,250130,Aroeiras,PB,Nordeste,2025,19142,10,1,0,1,5.22,5.22,0.0,5.22,29.12,28.82,28.52,28.35,28.23,27.93,28.35,1.18,0.43,84.85,Moderada,-7.5463000000000005,-35.706900000000005,0.0,2501302
2501351,250135,Assunção,PB,Nordeste,2025,4383,2,0,0,0,4.56,0.0,0.0,0.0,99.98,84.99,70.0,61.0,55.0,40.01,61.0,59.97,21.52,40.02,Alta,-7.0732,-36.7175,10.76,2507804
2501500,250150,Bananeiras,PB,Nordeste,2025,24134,9,1,1,1,3.73,4.14,4.14,4.14,34.5,39.87,45.24,48.47,50.61,55.99,48.47,21.49,7.71,73.82,Moderada,-6.69425,-35.6021,0.0,2501500
2501534,250153,Baraúna,PB,Nordeste,2025,5010,4,0,0,0,7.98,0.0,0.0,0.0,99.98,76.47,52.95,38.84,29.44,5.92,38.84,94.06,33.75,5.92,Moderada,-6.64415,-36.2542,17.6,2510105
2501609,250160,Barra de Santa Rosa,PB,Nordeste,2025,13024,9,1,0,0,6.91,7.68,0.0,0.0,18.29,16.2,14.11,12.85,12.02,9.93,12.85,8.36,3.0,85.42,Baixa,-6.76555,-36.0794,0.0,2501609
2501575,250157,Barra de Santana,PB,Nordeste,2025,8247,6,0,0,0,7.28,0.0,0.0,0.0,99.98,77.04,54.09,40.33,31.15,8.2,40.33,91.78,32.93,8.2,Moderada,-7.568149999999999,-35.974500000000006,16.49,2500536
2501708,250170,Barra de São Miguel,PB,Nordeste,2025,6123,4,0,0,0,6.53,0.0,0.0,0.0,99.98,78.14,56.29,43.18,34.45,12.6,43.18,87.38,31.35,12.6,Moderada,-7.68755,-36.28625,22.43,2612505
2501807,250180,Bayeux,PB,Nordeste,2025,83862,31,1,1,1,3.7,1.19,1.19,1.19,49.76,51.47,53.18,54.2,54.89,56.6,54.2,6.84,2.45,85.71,Alta,-7.13025,-34.92274999999999,0.0,2501807
2501401,250140,Baía da Traição,PB,Nordeste,2025,9741,5,0,0,0,5.13,0.0,0.0,0.0,99.98,82.33,64.68,54.09,47.03,29.38,54.09,70.6,25.33,29.39,Alta,-6.6597,-34.98515,19.77,2508901
2501906,250190,Belém,PB,Nordeste,2025,16710,8,1,1,1,4.79,5.98,5.98,5.98,24.81,27.49,30.17,31.77,32.84,35.52,31.77,10.72,3.85,81.06,Moderada,-6.71125,-35.485749999999996,0.0,2501906
2502003,250200,Belém do Brejo do Cruz,PB,Nordeste,2025,6272,10,1,1,1,15.94,15.94,15.94,15.94,5.56,4.21,2.86,2.05,1.51,0.16,2.05,5.4,1.94,94.6,Baixa,-6.15,-37.38655,0.0,2502003
2502052,250205,Bernardino Batista,PB,Nordeste,2025,3677,3,0,0,0,8.16,0.0,0.0,0.0,99.98,76.43,52.87,38.74,29.32,5.76,38.74,94.22,33.81,5.76,Moderada,-6.4768,-38.56685,18.07,2414753
2502102,250210,Boa Ventura,PB,Nordeste,2025,5246,4,1,0,0,7.62,19.06,0.0,0.0,3.52,4.38,5.24,5.76,6.1,6.96,5.76,3.45,1.24,94.09,Baixa,-7.42655,-38.1798,0.0,2502102
2502151,250215,Boa Vista,PB,Nordeste,2025,6592,5,0,0,0,7.58,0.0,0.0,0.0,99.98,76.77,53.55,39.63,30.34,7.13,39.63,92.86,33.32,7.13,Moderada,-7.261950000000001,-36.2186,24.5,2516102
2502201,250220,Bom Jesus,PB,Nordeste,2025,2328,2,0,0,0,8.59,0.0,0.0,0.0,99.98,76.14,52.3,37.99,28.46,4.61,37.99,95.37,34.22,4.61,Moderada,-6.8304,-38.621300000000005,12.75,2305704
2502300,250230,Bom Sucesso,PB,Nordeste,2025,4720,2,1,1,1,4.24,21.19,21.19,21.19,2.64,13.64,24.64,31.24,35.64,46.63,31.24,44.0,15.79,56.0,Moderada,-6.47655,-37.94555,0.0,2502300
2502409,250240,Bonito de Santa Fé,PB,Nordeste,2025,10433,6,1,1,1,5.75,9.58,9.58,9.58,12.3,14.24,16.19,17.36,18.14,20.09,17.36,7.79,2.8,86.0,Baixa,-7.29035,-38.47945,0.0,2502409
2502508,250250,Boqueirão,PB,Nordeste,2025,18216,11,1,0,1,6.04,5.49,0.0,5.49,27.55,24.93,22.31,20.74,19.69,17.07,20.74,10.48,3.76,79.68,Baixa,-7.49865,-36.135549999999995,0.0,2502508
2502706,250270,Borborema,PB,Nordeste,2025,4185,2,0,0,0,4.78,0.0,0.0,0.0,99.98,83.93,67.87,58.24,51.81,35.76,58.24,64.23,23.05,35.76,Alta,-6.789149999999999,-35.58725,7.22,2515906
2502805,250280,Brejo do Cruz,PB,Nordeste,2025,14095,6,1,1,1,4.26,7.09,7.09,7.09,20.27,26.75,33.23,37.13,39.72,46.2,37.13,25.94,9.31,73.32,Moderada,-6.33115,-37.47355,0.0,2502805
2502904,250290,Brejo dos Santos,PB,Nordeste,2025,5816,3,1,0,0,5.16,17.19,0.0,0.0,4.65,10.71,16.77,20.41,22.84,28.9,20.41,24.25,8.7,75.62,Baixa,-6.39145,-37.85745,0.0,2502904
2503001,250300,Caaporã,PB,Nordeste,2025,21942,13,1,1,1,5.92,4.56,4.56,4.56,32.71,29.08,25.45,23.28,21.83,18.2,23.28,14.5,5.2,75.89,Baixa,-7.472799999999999,-34.9179,0.0,2503001
2503100,250310,Cabaceiras,PB,Nordeste,2025,5537,4,0,0,0,7.22,0.0,0.0,0.0,99.98,77.09,54.2,40.47,31.31,8.42,40.47,91.56,32.85,8.42,Moderada,-7.45235,-36.291399999999996,17.94,2502508
2503209,250320,Cabedelo,PB,Nordeste,2025,70734,23,1,1,1,3.25,1.41,1.41,1.41,48.97,53.07,57.18,59.64,61.29,65.39,59.64,16.42,5.89,79.84,Alta,-7.04525,-34.8529,0.0,2503209
2503308,250330,Cachoeira dos Índios,PB,Nordeste,2025,9335,6,0,0,0,6.43,0.0,0.0,0.0,99.98,78.3,56.61,43.6,34.93,13.25,43.6,86.73,31.12,13.25,Moderada,-6.94665,-38.7001,15.67,2305704
2503407,250340,Cacimba de Areia,PB,Nordeste,2025,3344,4,1,0,1,11.96,29.9,0.0,29.9,0.97,0.93,0.9,0.88,0.86,0.83,0.88,0.14,0.05,99.14,Baixa,-7.143599999999999,-37.16715,0.0,2503407
2503506,250350,Cacimba de Dentro,PB,Nordeste,2025,16332,7,1,1,1,4.29,6.12,6.12,6.12,24.34,29.63,34.91,38.08,40.2,45.49,38.08,21.15,7.59,75.8,Moderada,-6.6175999999999995,-35.804550000000006,0.0,2503506
2503555,250355,Cacimbas,PB,Nordeste,2025,7513,4,0,0,0,5.32,0.0,0.0,0.0,99.98,81.62,63.27,52.25,44.91,26.55,52.25,73.43,26.35,26.55,Alta,-7.2062,-37.0951,10.57,2503407
2503605,250360,Caiçara,PB,Nordeste,2025,6684,4,0,0,0,5.98,0.0,0.0,0.0,99.98,79.39,58.8,46.44,38.2,17.61,46.44,82.37,29.56,17.61,Moderada,-6.5829,-35.41845,12.77,2508208
2503704,250370,Cajazeiras,PB,Nordeste,2025,66585,43,3,2,1,6.46,4.51,3.0,1.5,32.92,27.93,22.93,19.93,17.94,12.94,19.93,19.98,7.17,73.41,Baixa,-6.9276,-38.53035,0.0,2503704
2503753,250375,Cajazeirinhas,PB,Nordeste,2025,2760,2,0,0,0,7.25,0.0,0.0,0.0,99.98,77.07,54.16,40.41,31.24,8.33,40.41,91.65,32.89,8.33,Moderada,-6.94615,-37.7986,14.85,2512101
2503803,250380,Caldas Brandão,PB,Nordeste,2025,5942,3,0,0,0,5.05,0.0,0.0,0.0,99.98,82.65,65.32,54.92,47.99,30.66,54.92,69.32,24.87,30.66,Alta,-7.11365,-35.33285,8.87,2509107
2503902,250390,Camalaú,PB,Nordeste,2025,6327,2,0,0,0,3.16,0.0,0.0,0.0,99.98,91.79,83.6,78.69,75.41,67.22,78.69,32.76,11.75,67.24,Muito alta,-7.9064,-36.76675,30.33,2608008
2504009,250400,Campina Grande,PB,Nordeste,2025,443911,103,30,22,12,2.32,6.76,4.96,2.7,22.29,37.12,51.95,60.84,66.77,81.6,60.84,59.31,21.28,40.68,Alta,-7.269,-35.914100000000005,0.0,2504009
2504033,250403,Capim,PB,Nordeste,2025,7446,3,0,0,0,4.03,0.0,0.0,0.0,99.98,87.58,75.18,67.73,62.77,50.37,67.73,49.61,17.8,50.38,Alta,-6.90105,-35.16465,14.23,2507101
2504074,250407,Caraúbas,PB,Nordeste,2025,4067,3,0,0,0,7.38,0.0,0.0,0.0,99.98,76.96,53.93,40.12,30.91,7.88,40.12,92.1,33.05,7.88,Moderada,-7.78,-36.5102,25.56,2612505
2504108,250410,Carrapateira,PB,Nordeste,2025,2365,2,0,0,0,8.46,0.0,0.0,0.0,99.98,76.22,52.46,38.2,28.7,4.94,38.2,95.05,34.1,4.94,Moderada,-7.0474,-38.3292,14.8,2500205
2504157,250415,Casserengue,PB,Nordeste,2025,7052,3,0,0,0,4.25,0.0,0.0,0.0,99.98,86.57,73.16,65.11,59.74,46.33,65.11,53.65,19.25,46.34,Alta,-6.77,-35.85215,14.39,2516003
2504207,250420,Catingueira,PB,Nordeste,2025,4556,2,0,0,0,4.39,0.0,0.0,0.0,99.98,85.82,71.66,63.16,57.49,43.33,63.16,56.65,20.33,43.34,Alta,-7.15355,-37.59895,20.56,2510402
2504306,250430,Catolé do Rocha,PB,Nordeste,2025,32288,20,2,2,0,6.19,6.19,6.19,0.0,24.07,21.91,19.75,18.45,17.58,15.42,18.45,8.65,3.1,82.08,Baixa,-6.3317,-37.710300000000004,0.0,2504306
2504355,250435,Caturité,PB,Nordeste,2025,5544,4,0,0,0,7.22,0.0,0.0,0.0,99.98,77.1,54.23,40.5,31.35,8.47,40.5,91.51,32.84,8.47,Moderada,-7.422750000000001,-36.06295,11.63,2502508
2504405,250440,Conceição,PB,Nordeste,2025,18731,12,1,1,1,6.41,5.34,5.34,5.34,28.29,24.56,20.84,18.61,17.12,13.39,18.61,14.9,5.35,77.59,Baixa,-7.52775,-38.54185,0.0,2504405
2504504,250450,Condado,PB,Nordeste,2025,6629,4,0,0,0,6.03,0.0,0.0,0.0,99.98,79.27,58.55,46.12,37.84,17.12,46.12,82.86,29.73,17.13,Moderada,-6.869199999999999,-37.607,24.56,2512101
2504603,250460,Conde,PB,Nordeste,2025,30007,13,2,1,0,4.33,6.67,3.33,0.0,22.64,28.1,33.56,36.83,39.02,44.48,36.83,21.85,7.84,75.6,Moderada,-7.30115,-34.868849999999995,0.0,2504603
2504702,250470,Congo,PB,Nordeste,2025,5124,6,0,0,0,11.71,0.0,0.0,0.0,99.98,75.22,50.45,35.59,25.68,0.92,35.59,99.07,35.55,0.92,Moderada,-7.81085,-36.6509,29.02,2515500
2504801,250480,Coremas,PB,Nordeste,2025,14987,12,1,1,1,8.01,6.67,6.67,6.67,22.6,18.43,14.25,11.75,10.08,5.91,11.75,16.69,5.99,80.14,Baixa,-7.05875,-37.95445,0.0,2504801
2504850,250485,Coxixola,PB,Nordeste,2025,1888,2,0,0,0,10.59,0.0,0.0,0.0,99.98,75.45,50.92,36.2,26.38,1.85,36.2,98.13,35.21,1.85,Moderada,-7.647600000000001,-36.6308,13.07,2515500
2504900,250490,Cruz do Espírito Santo,PB,Nordeste,2025,17821,7,1,0,0,3.93,5.61,0.0,0.0,26.67,33.05,39.43,43.25,45.8,52.18,43.25,25.51,9.15,72.59,Moderada,-7.1288,-35.113749999999996,0.0,2504900
2505006,250500,Cubati,PB,Nordeste,2025,7842,5,1,0,0,6.38,12.75,0.0,0.0,8.22,9.57,10.91,11.72,12.26,13.61,11.72,5.39,1.93,89.91,Baixa,-6.8645,-36.33195,0.0,2505006
2505204,250520,Cuitegi,PB,Nordeste,2025,6890,1,0,0,0,1.45,0.0,0.0,0.0,99.98,97.95,95.92,94.7,93.88,91.85,94.7,8.13,2.92,91.87,Muito alta,-6.89775,-35.51825,6.79,2506301
2505105,250510,Cuité,PB,Nordeste,2025,20208,10,1,1,1,4.95,4.95,4.95,4.95,30.55,31.01,31.48,31.75,31.94,32.4,31.75,1.85,0.66,84.11,Moderada,-6.54155,-36.05459999999999,0.0,2505105
2505238,250523,Cuité de Mamanguape,PB,Nordeste,2025,6441,3,0,0,0,4.66,0.0,0.0,0.0,99.98,84.52,69.06,59.79,53.6,38.14,59.79,61.84,22.19,38.15,Alta,-6.9018999999999995,-35.2402,10.26,2507101
2505303,250530,Curral Velho,PB,Nordeste,2025,2316,1,0,0,0,4.32,0.0,0.0,0.0,99.98,86.19,72.4,64.13,58.61,44.82,64.13,55.16,19.79,44.83,Alta,-7.53965,-38.165000000000006,12.68,2502102
2505279,250527,Curral de Cima,PB,Nordeste,2025,5415,3,0,0,0,5.54,0.0,0.0,0.0,99.98,80.79,61.6,50.08,42.4,23.21,50.08,76.77,27.55,23.21,Alta,-6.73175,-35.292950000000005,9.65,2508208
2505352,250535,Damião,PB,Nordeste,2025,5141,3,0,0,0,5.84,0.0,0.0,0.0,99.98,79.8,59.61,47.5,39.43,19.24,47.5,80.74,28.97,19.25,Moderada,-6.64195,-35.936,14.77,2503506
2505402,250540,Desterro,PB,Nordeste,2025,8314,4,0,0,0,4.81,0.0,0.0,0.0,99.98,83.72,67.47,57.71,51.21,34.95,57.71,65.03,23.34,34.96,Alta,-7.306850000000001,-37.0958,9.67,2607703
2505600,250560,Diamante,PB,Nordeste,2025,6416,4,0,0,0,6.23,0.0,0.0,0.0,99.98,78.77,57.56,44.83,36.34,15.13,44.83,84.85,30.45,15.13,Moderada,-7.44895,-38.3231,10.73,2506608
2505709,250570,Dona Inês,PB,Nordeste,2025,10638,6,0,0,0,5.64,0.0,0.0,0.0,99.98,80.4,60.81,49.06,41.23,21.65,49.06,78.33,28.11,21.65,Moderada,-6.6112,-35.653499999999994,10.84,2501500
2505808,250580,Duas Estradas,PB,Nordeste,2025,3360,2,0,0,0,5.95,0.0,0.0,0.0,99.98,79.46,58.94,46.63,38.42,17.9,46.63,82.09,29.45,17.9,Moderada,-6.71665,-35.3913,4.35,2508208
2505907,250590,Emas,PB,Nordeste,2025,3036,3,0,0,0,9.88,0.0,0.0,0.0,99.98,75.62,51.26,36.64,26.89,2.53,36.64,97.45,34.97,2.53,Moderada,-7.096,-37.768,20.72,2510402
2506004,250600,Esperança,PB,Nordeste,2025,32599,16,1,1,1,4.91,3.07,3.07,3.07,41.27,39.27,37.27,36.08,35.28,33.28,36.08,7.99,2.87,79.43,Moderada,-7.0076,-35.8769,0.0,2506004
2506103,250610,Fagundes,PB,Nordeste,2025,11307,5,0,0,0,4.42,0.0,0.0,0.0,99.98,85.64,71.3,62.69,56.96,42.61,62.69,57.37,20.58,42.62,Alta,-7.3954,-35.7708,15.96,2512507
2506202,250620,Frei Martinho,PB,Nordeste,2025,2911,3,1,1,1,10.31,34.35,34.35,34.35,0.57,0.96,1.36,1.59,1.75,2.14,1.59,1.56,0.56,98.03,Baixa,-6.407299999999999,-36.4375,0.0,2506202
2506251,250625,Gado Bravo,PB,Nordeste,2025,8398,6,1,0,0,7.14,11.91,0.0,0.0,9.15,9.04,8.93,8.86,8.82,8.71,8.86,0.45,0.16,93.12,Baixa,-7.561249999999999,-35.79475,0.0,2506251
2506301,250630,Guarabira,PB,Nordeste,2025,60057,25,4,4,2,4.16,6.66,6.66,3.33,22.65,28.97,35.29,39.08,41.61,47.93,39.08,25.27,9.07,73.72,Moderada,-6.88785,-35.4576,0.0,2506301
2506400,250640,Gurinhém,PB,Nordeste,2025,14141,7,1,1,0,4.95,7.07,7.07,0.0,20.48,23.45,26.42,28.2,29.39,32.36,28.2,11.88,4.26,81.44,Moderada,-7.1447,-35.44425,0.0,2506400
2506509,250650,Gurjão,PB,Nordeste,2025,3352,3,1,0,0,8.95,29.83,0.0,0.0,0.99,1.69,2.4,2.82,3.1,3.81,2.82,2.82,1.01,96.52,Baixa,-7.26715,-36.4636,0.0,2506509
2506608,250660,Ibiara,PB,Nordeste,2025,5713,3,1,0,0,5.25,17.5,0.0,0.0,4.51,10.27,16.04,19.5,21.8,27.57,19.5,23.07,8.28,76.68,Baixa,-7.50715,-38.4007,0.0,2506608
2502607,250260,Igaracy,PB,Nordeste,2025,5719,7,1,0,0,12.24,17.49,0.0,0.0,4.54,3.59,2.64,2.07,1.69,0.74,2.07,3.81,1.37,95.75,Baixa,-7.1617999999999995,-38.141099999999994,0.0,2502607
2506707,250670,Imaculada,PB,Nordeste,2025,10497,6,0,0,0,5.72,0.0,0.0,0.0,99.98,80.16,60.34,48.45,40.52,20.7,48.45,79.29,28.45,20.7,Moderada,-7.3987,-37.55345,13.26,2612802
2506806,250680,Ingá,PB,Nordeste,2025,18234,9,0,0,0,4.94,0.0,0.0,0.0,99.98,83.16,66.33,56.24,49.51,32.69,56.24,67.29,24.15,32.69,Alta,-7.2776,-35.636250000000004,16.57,2509206
2506905,250690,Itabaiana,PB,Nordeste,2025,23558,12,1,1,1,5.09,4.24,4.24,4.24,33.96,32.98,32.0,31.41,31.01,30.03,31.41,3.93,1.41,82.35,Moderada,-7.3472,-35.351699999999994,0.0,2506905
2507002,250700,Itaporanga,PB,Nordeste,2025,24766,12,1,1,1,4.85,4.04,4.04,4.04,35.34,35.09,34.83,34.68,34.58,34.32,34.68,1.02,0.37,83.21,Moderada,-7.27905,-38.18755,0.0,2507002
2507101,250710,Itapororoca,PB,Nordeste,2025,19165,7,1,1,0,3.65,5.22,5.22,0.0,29.19,36.3,43.4,47.67,50.51,57.62,47.67,28.43,10.2,70.77,Moderada,-6.81105,-35.256299999999996,0.0,2507101
2507200,250720,Itatuba,PB,Nordeste,2025,10840,7,0,0,0,6.46,0.0,0.0,0.0,99.98,78.23,56.48,43.43,34.73,12.98,43.43,87.0,31.22,12.98,Moderada,-7.405150000000001,-35.644949999999994,17.12,2501302
2507309,250730,Jacaraú,PB,Nordeste,2025,14969,7,0,0,0,4.68,0.0,0.0,0.0,99.98,84.46,68.95,59.64,53.43,37.91,59.64,62.07,22.27,37.92,Alta,-6.603949999999999,-35.26765,14.26,2508208
2507408,250740,Jericó,PB,Nordeste,2025,7728,5,1,1,0,6.47,12.94,12.94,0.0,7.93,9.17,10.4,11.14,11.64,12.87,11.14,4.94,1.77,90.43,Baixa,-6.521649999999999,-37.817499999999995,0.0,2507408
2513653,251365,Joca Claudino,PB,Nordeste,2025,2607,4,0,0,0,15.34,0.0,0.0,0.0,99.98,75.04,50.09,35.12,25.14,0.2,35.12,99.78,35.8,0.2,Moderada,-6.47215,-38.485749999999996,10.52,2516904
2507507,250750,João Pessoa,PB,Nordeste,2025,897633,139,65,43,9,1.55,7.24,4.79,1.0,19.42,37.28,55.14,65.86,73.0,90.86,65.86,71.44,25.63,28.55,Alta,-7.15025,-34.8819,0.0,2507507
2507606,250760,Juarez Távora,PB,Nordeste,2025,8088,5,0,0,0,6.18,0.0,0.0,0.0,99.98,78.9,57.82,45.17,36.73,15.65,45.17,84.33,30.26,15.66,Moderada,-7.1622,-35.5714,13.15,2500304
2507705,250770,Juazeirinho,PB,Nordeste,2025,17520,9,1,1,1,5.14,5.71,5.71,5.71,25.96,26.78,27.61,28.1,28.43,29.26,28.1,3.3,1.19,84.42,Moderada,-7.041399999999999,-36.573949999999996,0.0,2507705
2507804,250780,Junco do Seridó,PB,Nordeste,2025,7019,3,1,0,0,4.27,14.25,0.0,0.0,6.82,16.58,26.33,32.19,36.09,45.84,32.19,39.02,14.0,60.97,Moderada,-6.98875,-36.76515,0.0,2507804
2507903,250790,Juripiranga,PB,Nordeste,2025,10255,6,1,0,0,5.85,9.75,0.0,0.0,12.04,13.78,15.52,16.56,17.25,18.99,16.56,6.95,2.49,86.62,Baixa,-7.3487,-35.2149,0.0,2507903
2508000,250800,Juru,PB,Nordeste,2025,9380,7,1,1,1,7.46,10.66,10.66,10.66,10.84,10.01,9.17,8.67,8.34,7.5,8.67,3.34,1.2,91.2,Baixa,-7.50645,-37.8108,0.0,2508000
2508109,250810,Lagoa,PB,Nordeste,2025,4489,3,0,0,0,6.68,0.0,0.0,0.0,99.98,77.86,55.74,42.47,33.63,11.51,42.47,88.48,31.75,11.51,Moderada,-6.5832,-37.8819,9.87,2507408
2508307,250830,Lagoa Seca,PB,Nordeste,2025,29209,14,1,1,1,4.79,3.42,3.42,3.42,39.22,38.26,37.3,36.72,36.34,35.38,36.72,3.84,1.38,82.64,Moderada,-7.1465499999999995,-35.8601,0.0,2508307
2508208,250820,Lagoa de Dentro,PB,Nordeste,2025,8123,5,1,0,0,6.16,12.31,0.0,0.0,8.74,10.53,12.31,13.39,14.1,15.89,13.39,7.14,2.56,88.15,Baixa,-6.6858,-35.36705,0.0,2508208
2508406,250840,Lastro,PB,Nordeste,2025,3316,1,1,1,0,3.02,30.16,30.16,0.0,0.93,18.17,35.41,45.75,52.64,69.88,45.75,68.95,24.74,31.04,Moderada,-6.55265,-38.18825,0.0,2508406
2508505,250850,Livramento,PB,Nordeste,2025,7041,7,0,0,0,9.94,0.0,0.0,0.0,99.98,75.61,51.23,36.6,26.85,2.48,36.6,97.5,34.99,2.48,Moderada,-7.32635,-36.90989999999999,14.26,2516508
2508554,250855,Logradouro,PB,Nordeste,2025,5107,4,0,0,0,7.83,0.0,0.0,0.0,99.98,76.59,53.2,39.16,29.8,6.41,39.16,93.57,33.58,6.41,Moderada,-6.5521,-35.4294,10.39,2408300
2508604,250860,Lucena,PB,Nordeste,2025,13088,6,0,0,0,4.58,0.0,0.0,0.0,99.98,84.88,69.77,60.71,54.67,39.56,60.71,60.42,21.68,39.57,Alta,-6.922000000000001,-34.928349999999995,16.04,2503209
2508802,250880,Malta,PB,Nordeste,2025,6288,3,0,0,0,4.77,0.0,0.0,0.0,99.98,83.99,67.99,58.4,52.0,36.01,58.4,63.97,22.96,36.01,Alta,-6.8885000000000005,-37.5177,24.26,2510808
2508901,250890,Mamanguape,PB,Nordeste,2025,46966,20,1,1,1,4.26,2.13,2.13,2.13,46.11,46.12,46.12,46.13,46.13,46.13,46.13,0.02,0.01,84.51,Moderada,-6.70045,-35.1594,0.0,2508901
2509008,250900,Manaíra,PB,Nordeste,2025,10699,7,0,0,0,6.54,0.0,0.0,0.0,99.98,78.11,56.24,43.11,34.37,12.49,43.11,87.49,31.39,12.5,Moderada,-7.70235,-38.2074,16.08,2612471
2509057,250905,Marcação,PB,Nordeste,2025,9537,4,0,0,0,4.19,0.0,0.0,0.0,99.98,86.81,73.63,65.73,60.46,47.28,65.73,52.7,18.91,47.29,Alta,-6.7513000000000005,-35.00855,17.59,2508901
2509107,250910,Mari,PB,Nordeste,2025,22170,13,1,1,1,5.86,4.51,4.51,4.51,32.88,29.38,25.87,23.76,22.36,18.85,23.76,14.04,5.04,76.09,Baixa,-7.03565,-35.315799999999996,0.0,2509107
2509156,250915,Marizópolis,PB,Nordeste,2025,7001,3,0,0,0,4.29,0.0,0.0,0.0,99.98,86.38,72.77,64.61,59.16,45.56,64.61,54.42,19.53,45.57,Alta,-6.8267500000000005,-38.3345,14.89,2516201
2509206,250920,Massaranduba,PB,Nordeste,2025,14756,9,1,1,1,6.1,6.78,6.78,6.78,22.24,20.77,19.3,18.41,17.82,16.35,18.41,5.89,2.11,84.06,Baixa,-7.1926,-35.7596,0.0,2509206
2509305,250930,Mataraca,PB,Nordeste,2025,8650,8,0,0,0,9.25,0.0,0.0,0.0,99.98,75.8,51.62,37.12,27.45,3.27,37.12,96.72,34.7,3.27,Moderada,-6.5562000000000005,-35.04705,20.28,2508901
2509339,250933,Matinhas,PB,Nordeste,2025,4759,6,0,0,0,12.61,0.0,0.0,0.0,99.98,75.14,50.31,35.4,25.47,0.63,35.4,99.35,35.65,0.63,Moderada,-7.12,-35.76695,6.37,2500403
2509370,250937,Mato Grosso,PB,Nordeste,2025,2584,1,0,0,0,3.87,0.0,0.0,0.0,99.98,88.25,76.52,69.48,64.79,53.06,69.48,46.92,16.84,53.07,Alta,-6.54255,-37.73335,9.58,2507408
2509396,250939,Maturéia,PB,Nordeste,2025,6717,3,0,0,0,4.47,0.0,0.0,0.0,99.98,85.41,70.83,62.09,56.26,41.68,62.09,58.3,20.92,41.69,Alta,-7.292400000000001,-37.35675,4.73,2602506
2509404,250940,Mogeiro,PB,Nordeste,2025,14435,7,1,0,0,4.85,6.93,0.0,0.0,21.43,24.64,27.85,29.77,31.06,34.27,29.77,12.83,4.61,80.86,Moderada,-7.29775,-35.480999999999995,0.0,2509404
2509503,250950,Montadas,PB,Nordeste,2025,6144,6,0,0,0,9.77,0.0,0.0,0.0,99.98,75.65,51.31,36.71,26.97,2.64,36.71,97.34,34.93,2.64,Moderada,-7.0892,-35.93735,4.55,2501203
2509602,250960,Monte Horebe,PB,Nordeste,2025,4429,2,0,0,0,4.52,0.0,0.0,0.0,99.98,85.19,70.4,61.53,55.61,40.82,61.53,59.16,21.23,40.83,Alta,-7.20965,-38.52515,10.29,2502409
2509701,250970,Monteiro,PB,Nordeste,2025,33886,30,3,3,1,8.85,8.85,8.85,2.95,15.15,12.38,9.6,7.94,6.83,4.06,7.94,11.09,3.98,86.43,Baixa,-7.888349999999999,-37.13775,0.0,2509701
2509800,250980,Mulungu,PB,Nordeste,2025,8909,6,0,0,0,6.73,0.0,0.0,0.0,99.98,77.77,55.56,42.23,33.34,11.13,42.23,88.85,31.88,11.13,Moderada,-7.0032,-35.41475,11.5,2509107
2508703,250870,Mãe d'Água,PB,Nordeste,2025,3599,3,0,0,0,8.34,0.0,0.0,0.0,99.98,76.3,52.61,38.4,28.93,5.24,38.4,94.74,33.99,5.24,Moderada,-7.24525,-37.451899999999995,15.24,2602506
2509909,250990,Natuba,PB,Nordeste,2025,8935,6,1,0,1,6.72,11.19,0.0,11.19,10.05,10.36,10.66,10.85,10.97,11.27,10.85,1.22,0.44,91.94,Baixa,-7.5482,-35.57575,0.0,2509909
2510006,251000,Nazarezinho,PB,Nordeste,2025,7394,7,0,0,0,9.47,0.0,0.0,0.0,99.98,75.73,51.48,36.93,27.23,2.98,36.93,97.0,34.81,2.98,Moderada,-6.9483,-38.333,21.1,2500205
2510105,251010,Nova Floresta,PB,Nordeste,2025,9840,5,1,1,0,5.08,10.16,10.16,0.0,11.51,16.19,20.87,23.68,25.55,30.23,23.68,18.72,6.72,78.47,Baixa,-6.4951,-36.200500000000005,0.0,2510105
2510204,251020,Nova Olinda,PB,Nordeste,2025,5897,4,0,0,0,6.78,0.0,0.0,0.0,99.98,77.67,55.37,41.98,33.06,10.75,41.98,89.23,32.02,10.75,Moderada,-7.45995,-38.01805,18.22,2502102
2510303,251030,Nova Palmeira,PB,Nordeste,2025,4359,3,0,0,0,6.88,0.0,0.0,0.0,99.98,77.53,55.08,41.61,32.63,10.18,41.61,89.8,32.22,10.18,Moderada,-6.67545,-36.42,10.53,2511103
2510402,251040,Olho d'Água,PB,Nordeste,2025,6059,3,1,0,0,4.95,16.5,0.0,0.0,5.13,11.93,18.73,22.81,25.53,32.33,22.81,27.19,9.76,72.8,Baixa,-7.2795,-37.73535,0.0,2510402
2510501,251050,Olivedos,PB,Nordeste,2025,3675,2,0,0,0,5.44,0.0,0.0,0.0,99.98,81.22,62.45,51.19,43.68,24.91,51.19,75.07,26.94,24.92,Alta,-6.97105,-36.251000000000005,14.84,2505006
2510600,251060,Ouro Velho,PB,Nordeste,2025,3000,2,0,0,0,6.67,0.0,0.0,0.0,99.98,77.89,55.81,42.55,33.72,11.63,42.55,88.35,31.7,11.63,Moderada,-7.6073,-37.1386,13.13,2613602
2510659,251065,Parari,PB,Nordeste,2025,1745,2,0,0,0,11.46,0.0,0.0,0.0,99.98,75.25,50.51,35.67,25.78,1.04,35.67,98.94,35.5,1.04,Moderada,-7.3276,-36.6665,22.38,2516508
2510709,251070,Passagem,PB,Nordeste,2025,2580,2,0,0,0,7.75,0.0,0.0,0.0,99.98,76.64,53.29,39.29,29.95,6.61,39.29,93.38,33.51,6.61,Moderada,-7.12135,-37.04515,13.69,2503407
2510808,251080,Patos,PB,Nordeste,2025,108104,46,7,6,2,4.26,6.48,5.55,1.85,23.21,28.97,34.72,38.18,40.48,46.24,38.18,23.03,8.26,74.88,Moderada,-7.0266,-37.3476,0.0,2510808
2510907,251090,Paulista,PB,Nordeste,2025,12172,7,1,1,1,5.75,8.22,8.22,8.22,16.93,17.72,18.52,18.99,19.31,20.1,18.99,3.18,1.14,86.97,Baixa,-6.61735,-37.626400000000004,0.0,2510907
2511004,251100,Pedra Branca,PB,Nordeste,2025,3851,1,0,0,0,2.6,0.0,0.0,0.0,99.98,94.25,88.51,85.07,82.78,77.04,85.07,22.94,8.23,77.06,Muito alta,-7.46375,-38.093199999999996,10.41,2502102
2511103,251110,Pedra Lavrada,PB,Nordeste,2025,6980,4,1,1,1,5.73,14.33,14.33,14.33,6.75,10.19,13.62,15.69,17.06,20.5,15.69,13.75,4.93,83.68,Baixa,-6.76735,-36.396950000000004,0.0,2511103
2511202,251120,Pedras de Fogo,PB,Nordeste,2025,31356,17,1,1,1,5.42,3.19,3.19,3.19,40.5,36.65,32.79,30.48,28.94,25.09,30.48,15.4,5.53,75.24,Moderada,-7.35275,-35.0741,0.0,2511202
2512721,251272,Pedro Régis,PB,Nordeste,2025,5932,4,0,0,0,6.74,0.0,0.0,0.0,99.98,77.76,55.53,42.19,33.3,11.08,42.19,88.91,31.9,11.08,Moderada,-6.669499999999999,-35.291650000000004,8.52,2508208
2511301,251130,Piancó,PB,Nordeste,2025,17088,15,3,2,2,8.78,17.56,11.7,11.7,4.45,4.39,4.33,4.29,4.26,4.2,4.29,0.25,0.09,96.37,Baixa,-7.2006,-37.93365,0.0,2511301
2511400,251140,Picuí,PB,Nordeste,2025,18862,0,1,1,0,0.0,5.3,5.3,0.0,28.7,46.52,64.34,75.03,82.16,99.98,75.03,71.28,25.58,28.71,Muito alta,-6.491899999999999,-36.3533,0.0,2511400
2511509,251150,Pilar,PB,Nordeste,2025,12889,7,1,0,0,5.43,7.76,0.0,0.0,18.13,19.84,21.56,22.59,23.27,24.99,22.59,6.86,2.46,84.63,Baixa,-7.284549999999999,-35.27005,0.0,2511509
2511608,251160,Pilões,PB,Nordeste,2025,6974,3,0,0,0,4.3,0.0,0.0,0.0,99.98,86.27,72.56,64.34,58.85,45.14,64.34,54.84,19.68,45.15,Alta,-6.8805,-35.61095,5.72,2515906
2511707,251170,Pilõezinhos,PB,Nordeste,2025,5539,3,0,0,0,5.42,0.0,0.0,0.0,99.98,81.27,62.57,51.34,43.86,25.15,51.34,74.83,26.85,25.15,Alta,-6.85275,-35.536699999999996,8.68,2511806
2511806,251180,Pirpirituba,PB,Nordeste,2025,9411,4,1,0,0,4.25,10.63,0.0,0.0,10.91,19.78,28.64,33.96,37.5,46.37,33.96,35.45,12.72,64.54,Moderada,-6.7881,-35.492599999999996,0.0,2511806
2511905,251190,Pitimbu,PB,Nordeste,2025,17166,9,0,0,0,5.24,0.0,0.0,0.0,99.98,81.9,63.81,52.96,45.73,27.64,52.96,72.34,25.96,27.65,Alta,-7.4456500000000005,-34.85685,7.38,2503001
2512002,251200,Pocinhos,PB,Nordeste,2025,18038,10,1,1,1,5.54,5.54,5.54,5.54,27.09,26.09,25.09,24.5,24.1,23.1,24.5,3.98,1.43,83.2,Baixa,-7.0571,-36.09225,0.0,2512002
2512101,251210,Pombal,PB,Nordeste,2025,33866,15,1,1,1,4.43,2.95,2.95,2.95,41.95,42.08,42.21,42.29,42.34,42.47,42.29,0.52,0.19,84.67,Moderada,-6.81475,-37.82255,0.0,2512101
2512036,251203,Poço Dantas,PB,Nordeste,2025,3934,4,0,0,0,10.17,0.0,0.0,0.0,99.98,75.55,51.12,36.46,26.69,2.26,36.46,97.72,35.06,2.26,Moderada,-6.3876,-38.520250000000004,7.39,2414753
2512077,251207,Poço de José de Moura,PB,Nordeste,2025,4126,7,0,0,0,16.97,0.0,0.0,0.0,99.98,75.02,50.05,35.08,25.09,0.13,35.08,99.86,35.83,0.13,Moderada,-6.590199999999999,-38.4889,14.32,2516904
2512200,251220,Prata,PB,Nordeste,2025,4032,4,0,0,0,9.92,0.0,0.0,0.0,99.98,75.61,51.25,36.63,26.88,2.51,36.63,97.47,34.97,2.51,Moderada,-7.6896,-37.0826,19.36,2615904
2512309,251230,Princesa Isabel,PB,Nordeste,2025,21674,13,2,2,2,6.0,9.23,9.23,9.23,13.93,14.8,15.66,16.18,16.53,17.39,16.18,3.46,1.24,88.22,Baixa,-7.64645,-38.003600000000006,0.0,2512309
2512408,251240,Puxinanã,PB,Nordeste,2025,14942,8,1,0,0,5.35,6.69,0.0,0.0,22.53,23.38,24.23,24.74,25.09,25.94,24.74,3.41,1.22,85.06,Baixa,-7.1477,-35.96635,0.0,2512408
2512507,251250,Queimadas,PB,Nordeste,2025,50698,20,1,1,1,3.94,1.97,1.97,1.97,46.85,48.07,49.3,50.04,50.53,51.75,50.04,4.9,1.76,81.99,Alta,-7.3971,-35.915549999999996,0.0,2512507
2512606,251260,Quixaba,PB,Nordeste,2025,1803,1,0,0,0,5.55,0.0,0.0,0.0,99.98,80.76,61.53,50.0,42.31,23.08,50.0,76.9,27.59,23.09,Moderada,-7.04585,-37.117599999999996,12.17,2503407
2512705,251270,Remígio,PB,Nordeste,2025,18399,11,0,0,0,5.98,0.0,0.0,0.0,99.98,79.41,58.83,46.49,38.26,17.68,46.49,82.3,29.53,17.68,Moderada,-6.9408,-35.864149999999995,7.56,2506004
2512788,251278,Riacho de Santo Antônio,PB,Nordeste,2025,2063,2,0,0,0,9.69,0.0,0.0,0.0,99.98,75.67,51.36,36.78,27.06,2.75,36.78,97.24,34.89,2.75,Moderada,-7.68585,-36.131,9.8,2500536
2512804,251280,Riacho dos Cavalos,PB,Nordeste,2025,8788,4,0,0,0,4.55,0.0,0.0,0.0,99.98,85.05,70.12,61.16,55.19,40.26,61.16,59.72,21.43,40.27,Alta,-6.470750000000001,-37.621700000000004,15.14,2513901
2512747,251274,Riachão,PB,Nordeste,2025,2945,2,0,0,0,6.79,0.0,0.0,0.0,99.98,77.67,55.35,41.96,33.03,10.72,41.96,89.27,32.03,10.72,Moderada,-6.54145,-35.63935,10.55,2409100
2512754,251275,Riachão do Bacamarte,PB,Nordeste,2025,4911,3,0,0,0,6.11,0.0,0.0,0.0,99.98,79.05,58.11,45.55,37.18,16.24,45.55,83.74,30.05,16.25,Moderada,-7.23975,-35.66555,11.62,2509206
2512762,251276,Riachão do Poço,PB,Nordeste,2025,4989,3,0,0,0,6.01,0.0,0.0,0.0,99.98,79.31,58.64,46.24,37.97,17.3,46.24,82.68,29.67,17.31,Moderada,-7.1488499999999995,-35.295,12.79,2509107
2512903,251290,Rio Tinto,PB,Nordeste,2025,25500,9,0,0,0,3.53,0.0,0.0,0.0,99.98,90.03,80.08,74.12,70.14,60.19,74.12,39.8,14.28,60.2,Alta,-6.7688500000000005,-35.01605,17.56,2508901
2513000,251300,Salgadinho,PB,Nordeste,2025,3435,2,0,0,0,5.82,0.0,0.0,0.0,99.98,79.82,59.67,47.57,39.51,19.35,47.57,80.63,28.93,19.35,Moderada,-7.0946,-36.837450000000004,13.93,2516508
2513109,251310,Salgado de São Félix,PB,Nordeste,2025,11741,6,0,0,0,5.11,0.0,0.0,0.0,99.98,82.46,64.94,54.43,47.42,29.9,54.43,70.08,25.14,29.91,Alta,-7.40105,-35.45595,11.81,2509404
2513158,251315,Santa Cecília,PB,Nordeste,2025,8113,5,0,0,0,6.16,0.0,0.0,0.0,99.98,78.94,57.9,45.27,36.86,15.81,45.27,84.17,30.2,15.82,Moderada,-7.732950000000001,-35.92345,10.94,2612703
2513208,251320,Santa Cruz,PB,Nordeste,2025,6013,3,1,1,0,4.99,16.63,16.63,0.0,5.03,11.71,18.4,22.41,25.09,31.77,22.41,26.75,9.6,73.25,Baixa,-6.54205,-38.058,0.0,2513208
2513307,251330,Santa Helena,PB,Nordeste,2025,6023,4,0,0,0,6.64,0.0,0.0,0.0,99.98,77.95,55.91,42.69,33.88,11.85,42.69,88.13,31.62,11.85,Moderada,-6.71275,-38.5826,14.55,2500700
2513356,251335,Santa Inês,PB,Nordeste,2025,3256,2,1,0,0,6.14,30.71,0.0,0.0,0.86,4.67,8.47,10.76,12.28,16.08,10.76,15.22,5.46,84.78,Baixa,-7.6665,-38.5861,0.0,2513356
2513406,251340,Santa Luzia,PB,Nordeste,2025,15418,6,1,1,1,3.89,6.49,6.49,6.49,23.19,30.58,37.97,42.41,45.36,52.76,42.41,29.56,10.61,70.43,Moderada,-6.918749999999999,-36.90455,0.0,2513406
2513703,251370,Santa Rita,PB,Nordeste,2025,160852,47,3,3,1,2.92,1.87,1.87,0.62,47.24,53.23,59.22,62.81,65.2,71.19,62.81,23.95,8.59,74.13,Alta,-7.0977,-35.008449999999996,0.0,2513703
2513802,251380,Santa Teresinha,PB,Nordeste,2025,4492,2,0,0,0,4.45,0.0,0.0,0.0,99.98,85.48,70.98,62.28,56.48,41.99,62.28,58.0,20.81,41.99,Alta,-7.10965,-37.44395,14.08,2510808
2513505,251350,Santana de Mangueira,PB,Nordeste,2025,5090,3,0,0,0,5.89,0.0,0.0,0.0,99.98,79.62,59.25,47.03,38.89,18.52,47.03,81.46,29.23,18.53,Moderada,-7.629,-38.31485,16.53,2506608
2513604,251360,Santana dos Garrotes,PB,Nordeste,2025,6618,5,0,0,0,7.56,0.0,0.0,0.0,99.98,76.8,53.62,39.71,30.43,7.25,39.71,92.73,33.27,7.25,Moderada,-7.3923000000000005,-37.960300000000004,20.8,2508000
2513851,251385,Santo André,PB,Nordeste,2025,2708,1,0,0,0,3.69,0.0,0.0,0.0,99.98,89.15,78.33,71.83,67.5,56.67,71.83,43.31,15.54,56.68,Alta,-7.2252,-36.627449999999996,18.67,2506509
2515302,251530,Sapé,PB,Nordeste,2025,53457,21,1,1,1,3.93,1.87,1.87,1.87,47.23,48.46,49.69,50.44,50.93,52.16,50.44,4.94,1.77,81.96,Alta,-7.0592500000000005,-35.20335,0.0,2515302
2515500,251550,Serra Branca,PB,Nordeste,2025,14131,8,1,1,1,5.66,7.08,7.08,7.08,20.45,20.69,20.94,21.09,21.19,21.43,21.09,0.99,0.35,86.8,Baixa,-7.55525,-36.7041,0.0,2515500
2515708,251570,Serra Grande,PB,Nordeste,2025,3056,2,0,0,0,6.54,0.0,0.0,0.0,99.98,78.11,56.23,43.1,34.35,12.48,43.1,87.51,31.4,12.48,Moderada,-7.23765,-38.36885,2.9,2514305
2515807,251580,Serra Redonda,PB,Nordeste,2025,6975,5,0,0,0,7.17,0.0,0.0,0.0,99.98,77.15,54.31,40.61,31.47,8.63,40.61,91.35,32.78,8.64,Moderada,-7.1757,-35.6586,11.3,2509206
2515609,251560,Serra da Raiz,PB,Nordeste,2025,3156,2,0,0,0,6.34,0.0,0.0,0.0,99.98,78.5,57.02,44.13,35.54,14.05,44.13,85.93,30.83,14.06,Moderada,-6.7040500000000005,-35.45635,3.34,2501906
2515906,251590,Serraria,PB,Nordeste,2025,4754,0,1,0,1,0.0,21.03,0.0,21.03,2.71,27.03,51.35,65.94,75.66,99.98,65.94,97.27,34.9,2.71,Alta,-6.8345,-35.634100000000004,0.0,2515906
2515930,251593,Sertãozinho,PB,Nordeste,2025,5332,2,0,0,0,3.75,0.0,0.0,0.0,99.98,88.85,77.72,71.05,66.59,55.47,71.05,44.52,15.97,55.48,Alta,-6.73665,-35.424,7.38,2501906
2515971,251597,Sobrado,PB,Nordeste,2025,8646,4,0,0,0,4.63,0.0,0.0,0.0,99.98,84.66,69.34,60.15,54.02,38.7,60.15,61.28,21.99,38.71,Alta,-7.17665,-35.26005,12.05,2511509
2516102,251610,Soledade,PB,Nordeste,2025,14409,8,1,1,1,5.55,6.94,6.94,6.94,21.38,21.78,22.19,22.43,22.59,22.99,22.43,1.62,0.58,86.16,Baixa,-7.08755,-36.35435,0.0,2516102
2516003,251600,Solânea,PB,Nordeste,2025,27748,12,1,1,1,4.32,3.6,3.6,3.6,38.25,39.86,41.47,42.44,43.08,44.7,42.44,6.44,2.31,81.87,Moderada,-6.74235,-35.72485,0.0,2516003
2516151,251615,Sossêgo,PB,Nordeste,2025,3476,2,0,0,0,5.75,0.0,0.0,0.0,99.98,80.0,60.02,48.03,40.03,20.05,48.03,79.93,28.68,20.05,Moderada,-6.7395499999999995,-36.18355,11.86,2501609
2516201,251620,Sousa,PB,Nordeste,2025,70066,46,7,6,4,6.57,9.99,8.56,5.71,11.7,11.87,12.04,12.15,12.22,12.39,12.15,0.68,0.24,91.44,Baixa,-6.751099999999999,-38.22325,0.0,2516201
2516300,251630,Sumé,PB,Nordeste,2025,17852,8,1,1,1,4.48,5.6,5.6,5.6,26.78,30.47,34.16,36.37,37.85,41.54,36.37,14.75,5.29,79.01,Moderada,-7.6426,-36.9017,0.0,2516300
2513927,251392,São Bentinho,PB,Nordeste,2025,4490,3,0,0,0,6.68,0.0,0.0,0.0,99.98,77.87,55.75,42.48,33.64,11.52,42.48,88.46,31.74,11.53,Moderada,-6.89775,-37.708200000000005,15.64,2512101
2513901,251390,São Bento,PB,Nordeste,2025,33845,17,1,1,1,5.02,2.95,2.95,2.95,41.91,39.23,36.55,34.94,33.86,31.18,34.94,10.73,3.85,76.93,Moderada,-6.462149999999999,-37.48495,0.0,2513901
2513968,251396,São Domingos,PB,Nordeste,2025,2624,2,0,0,0,7.62,0.0,0.0,0.0,99.98,76.73,53.48,39.53,30.23,6.98,39.53,93.0,33.37,6.98,Moderada,-6.80325,-37.94975,14.1,2512101
2513943,251394,São Domingos do Cariri,PB,Nordeste,2025,2688,1,0,0,0,3.72,0.0,0.0,0.0,99.98,89.02,78.06,71.49,67.11,56.15,71.49,43.83,15.73,56.16,Alta,-7.57635,-36.39015,29.37,2502508
2513984,251398,São Francisco,PB,Nordeste,2025,3176,4,1,0,0,12.59,31.49,0.0,0.0,0.79,0.75,0.72,0.7,0.68,0.65,0.7,0.14,0.05,99.26,Baixa,-6.6384,-38.0381,0.0,2513984
2514206,251420,São José da Lagoa Tapada,PB,Nordeste,2025,7251,5,1,1,0,6.9,13.79,13.79,0.0,7.2,7.9,8.61,9.03,9.31,10.02,9.03,2.82,1.01,92.26,Baixa,-6.9421,-38.1353,0.0,2514206
2514305,251430,São José de Caiana,PB,Nordeste,2025,4966,1,1,1,1,2.01,20.14,20.14,20.14,3.11,23.78,44.46,56.87,65.14,85.82,56.87,82.71,29.68,17.27,Alta,-7.2476,-38.3445,0.0,2514305
2514404,251440,São José de Espinharas,PB,Nordeste,2025,4056,2,0,0,0,4.93,0.0,0.0,0.0,99.98,83.19,66.39,56.31,49.59,32.79,56.31,67.19,24.11,32.8,Alta,-6.81185,-37.3831,24.2,2510808
2514503,251450,São José de Piranhas,PB,Nordeste,2025,19561,11,1,0,1,5.62,5.11,0.0,5.11,29.76,27.81,25.87,24.7,23.92,21.97,24.7,7.79,2.8,80.43,Baixa,-7.09535,-38.488600000000005,0.0,2514503
2514552,251455,São José de Princesa,PB,Nordeste,2025,3323,2,0,0,0,6.02,0.0,0.0,0.0,99.98,79.3,58.63,46.22,37.95,17.27,46.22,82.71,29.68,17.27,Moderada,-7.70055,-38.0955,11.78,2512309
2514602,251460,São José do Bonfim,PB,Nordeste,2025,3337,2,0,0,0,5.99,0.0,0.0,0.0,99.98,79.37,58.75,46.38,38.13,17.52,46.38,82.46,29.59,17.52,Moderada,-7.146850000000001,-37.311800000000005,13.94,2510808
2514651,251465,São José do Brejo do Cruz,PB,Nordeste,2025,1750,1,0,0,0,5.71,0.0,0.0,0.0,99.98,80.17,60.35,48.46,40.53,20.71,48.46,79.27,28.44,20.72,Moderada,-6.2391000000000005,-37.359350000000006,10.35,2502003
2514701,251470,São José do Sabugi,PB,Nordeste,2025,4283,2,0,0,0,4.67,0.0,0.0,0.0,99.98,84.49,68.99,59.69,53.5,38.0,59.69,61.98,22.24,38.01,Alta,-6.823,-36.8202,10.25,2411429
2514800,251480,São José dos Cordeiros,PB,Nordeste,2025,3462,3,0,0,0,8.67,0.0,0.0,0.0,99.98,76.08,52.18,37.84,28.28,4.38,37.84,95.6,34.3,4.38,Moderada,-7.4295,-36.8487,21.2,2515500
2514453,251445,São José dos Ramos,PB,Nordeste,2025,6137,5,0,0,0,8.15,0.0,0.0,0.0,99.98,76.44,52.89,38.76,29.34,5.8,38.76,94.18,33.79,5.8,Moderada,-7.23635,-35.36745,12.01,2511509
2514008,251400,São João do Cariri,PB,Nordeste,2025,4345,3,0,0,0,6.9,0.0,0.0,0.0,99.98,77.48,54.97,41.47,32.47,9.96,41.47,90.02,32.3,9.96,Moderada,-7.4754000000000005,-36.4804,23.23,2506509
2500700,250070,São João do Rio do Peixe,PB,Nordeste,2025,18500,11,1,1,1,5.95,5.41,5.41,5.41,27.91,25.42,22.92,21.43,20.43,17.93,21.43,9.98,3.58,79.69,Baixa,-6.751250000000001,-38.456649999999996,0.0,2500700
2514107,251410,São João do Tigre,PB,Nordeste,2025,4359,4,0,0,0,9.18,0.0,0.0,0.0,99.98,75.87,51.76,37.29,27.65,3.54,37.29,96.45,34.61,3.54,Moderada,-8.1176,-36.7705,12.76,2611200
2514909,251490,São Mamede,PB,Nordeste,2025,7629,4,1,1,1,5.24,13.11,13.11,13.11,7.77,12.73,17.69,20.67,22.65,27.61,20.67,19.83,7.12,78.2,Baixa,-6.925750000000001,-37.087900000000005,0.0,2514909
2515005,251500,São Miguel de Taipu,PB,Nordeste,2025,7307,5,0,0,0,6.84,0.0,0.0,0.0,99.98,77.58,55.18,41.74,32.78,10.38,41.74,89.61,32.15,10.38,Moderada,-7.244400000000001,-35.1948,9.42,2511509
2515104,251510,São Sebastião de Lagoa de Roça,PB,Nordeste,2025,11387,7,0,0,0,6.15,0.0,0.0,0.0,99.98,78.99,58.01,45.41,37.02,16.03,45.41,83.95,30.12,16.03,Moderada,-7.087999999999999,-35.85535,6.53,2508307
2515203,251520,São Sebastião do Umbuzeiro,PB,Nordeste,2025,3382,2,0,0,0,5.91,0.0,0.0,0.0,99.98,79.58,59.17,46.93,38.77,18.36,46.93,81.62,29.29,18.37,Moderada,-8.1599,-37.019800000000004,24.02,2601201
2515401,251540,São Vicente do Seridó,PB,Nordeste,2025,10652,5,1,1,1,4.69,9.39,9.39,9.39,13.27,19.33,25.4,29.04,31.47,37.53,29.04,24.27,8.71,73.99,Moderada,-6.9175,-36.44855,0.0,2515401
2516409,251640,Tacima,PB,Nordeste,2025,7794,4,0,0,0,5.13,0.0,0.0,0.0,99.98,82.34,64.69,54.11,47.05,29.4,54.11,70.58,25.33,29.41,Alta,-6.55105,-35.53945,14.04,2409100
2516508,251650,Taperoá,PB,Nordeste,2025,14358,9,1,1,1,6.27,6.96,6.96,6.96,21.23,19.59,17.95,16.96,16.31,14.67,16.96,6.57,2.36,84.25,Baixa,-7.21985,-36.837900000000005,0.0,2516508
2516607,251660,Tavares,PB,Nordeste,2025,14473,8,1,1,1,5.53,6.91,6.91,6.91,21.65,22.09,22.53,22.79,22.97,23.41,22.79,1.76,0.63,86.07,Baixa,-7.586600000000001,-37.8689,0.0,2516607
2516706,251670,Teixeira,PB,Nordeste,2025,15129,13,1,1,1,8.59,6.61,6.61,6.61,22.83,18.26,13.7,10.95,9.13,4.56,10.95,18.27,6.56,79.57,Baixa,-7.25315,-37.23875,0.0,2516706
2516755,251675,Tenório,PB,Nordeste,2025,3082,1,0,0,0,3.24,0.0,0.0,0.0,99.98,91.37,82.76,77.59,74.15,65.54,77.59,34.45,12.36,65.55,Muito alta,-6.94755,-36.62855,7.73,2403400
2516805,251680,Triunfo,PB,Nordeste,2025,10315,3,0,0,0,2.91,0.0,0.0,0.0,99.98,92.82,85.67,81.37,78.51,71.35,81.37,28.63,10.27,71.36,Muito alta,-6.59845,-38.57275,18.8,2313708
2516904,251690,Uiraúna,PB,Nordeste,2025,15431,17,2,2,1,11.02,12.96,12.96,6.48,7.92,6.29,4.66,3.68,3.03,1.4,3.68,6.52,2.34,92.57,Baixa,-6.501200000000001,-38.39515,0.0,2516904
2517001,251700,Umbuzeiro,PB,Nordeste,2025,9274,6,1,1,0,6.47,10.78,10.78,0.0,10.63,11.19,11.76,12.1,12.32,12.89,12.1,2.26,0.81,90.83,Baixa,-7.68325,-35.728350000000006,0.0,2517001
2517209,251720,Vieirópolis,PB,Nordeste,2025,4967,3,0,0,0,6.04,0.0,0.0,0.0,99.98,79.25,58.51,46.07,37.77,17.03,46.07,82.95,29.76,17.04,Moderada,-6.56215,-38.2729,9.41,2508406
2505501,250550,Vista Serrana,PB,Nordeste,2025,3772,3,0,0,0,7.95,0.0,0.0,0.0,99.98,76.48,52.98,38.88,29.48,5.98,38.88,94.0,33.73,5.98,Moderada,-6.7614,-37.5794,16.84,2510907
2517100,251710,Várzea,PB,Nordeste,2025,2777,1,0,0,0,3.6,0.0,0.0,0.0,99.98,89.63,79.29,73.08,68.94,58.59,73.08,41.39,14.85,58.6,Alta,-6.79035,-37.05455,15.5,2514909
2517407,251740,Zabelê,PB,Nordeste,2025,2323,2,0,0,0,8.61,0.0,0.0,0.0,99.98,76.11,52.24,37.92,28.37,4.51,37.92,95.48,34.26,4.51,Moderada,-8.0755,-37.09305,21.38,2509701
2500106,250010,Água Branca,PB,Nordeste,2025,9580,5,1,0,1,5.22,10.44,0.0,10.44,11.2,15.41,19.63,22.16,23.84,28.06,22.16,16.86,6.05,79.98,Baixa,-7.487299999999999,-37.6601,0.0,2500106
2600054,260005,Abreu e Lima,PE,Nordeste,2025,104248,36,5,3,2,3.45,4.8,2.88,1.92,31.27,38.92,46.57,51.16,54.22,61.87,51.16,30.6,10.98,69.25,Alta,-7.8639,-35.0031,0.0,2600054
2600104,260010,Afogados da Ingazeira,PE,Nordeste,2025,42672,21,4,4,4,4.92,9.37,9.37,9.37,13.39,18.29,23.18,26.12,28.08,32.97,26.12,19.58,7.03,77.47,Moderada,-7.75575,-37.6149,0.0,2600104
2600203,260020,Afrânio,PE,Nordeste,2025,19409,12,1,1,1,6.18,5.15,5.15,5.15,29.51,26.04,22.57,20.49,19.1,15.63,20.49,13.88,4.98,77.36,Baixa,-8.60715,-41.05825,0.0,2600203
2600302,260030,Agrestina,PE,Nordeste,2025,24680,4,2,1,1,1.62,8.1,4.05,4.05,17.14,35.38,53.62,64.56,71.85,90.09,64.56,72.95,26.18,27.04,Alta,-8.4613,-35.9433,0.0,2600302
2600609,260060,Alagoinha,PE,Nordeste,2025,14460,8,1,1,1,5.53,6.92,6.92,6.92,21.58,22.02,22.47,22.74,22.92,23.37,22.74,1.8,0.64,86.09,Baixa,-8.5067,-36.7515,0.0,2600609
2600708,260070,Aliança,PE,Nordeste,2025,37349,23,1,1,1,6.16,2.68,2.68,2.68,43.49,36.58,29.66,25.51,22.75,15.83,25.51,27.66,9.93,65.8,Moderada,-7.605700000000001,-35.185050000000004,0.0,2600708
2600807,260080,Altinho,PE,Nordeste,2025,21134,12,1,1,1,5.68,4.73,4.73,4.73,31.61,29.01,26.41,24.85,23.82,21.22,24.85,10.39,3.73,78.47,Baixa,-8.4763,-36.117850000000004,0.0,2600807
2600906,260090,Amaraji,PE,Nordeste,2025,18335,9,1,1,1,4.91,5.45,5.45,5.45,27.8,29.17,30.53,31.35,31.9,33.26,31.35,5.46,1.96,83.0,Moderada,-8.35645,-35.46095,0.0,2600906
2601003,260100,Angelim,PE,Nordeste,2025,10591,9,1,0,1,8.5,9.44,0.0,9.44,12.91,10.89,8.87,7.66,6.85,4.83,7.66,8.08,2.9,88.69,Baixa,-8.87625,-36.27915,0.0,2601003
2601102,260110,Araripina,PE,Nordeste,2025,90504,45,1,1,1,4.97,1.1,1.1,1.1,50.08,45.58,41.07,38.37,36.56,32.06,38.37,18.02,6.47,74.87,Moderada,-7.6579,-40.493700000000004,0.0,2601102
2601052,260105,Araçoiaba,PE,Nordeste,2025,19996,9,1,0,0,4.5,5.0,0.0,0.0,30.3,33.01,35.71,37.34,38.42,41.12,37.34,10.82,3.88,80.75,Moderada,-7.8014,-35.0861,0.0,2601052
2601201,260120,Arcoverde,PE,Nordeste,2025,82487,31,4,4,2,3.76,4.85,4.85,2.42,31.09,37.15,43.21,46.85,49.28,55.34,46.85,24.25,8.7,72.73,Moderada,-8.3759,-37.02295,0.0,2601201
2601300,260130,Barra de Guabiraba,PE,Nordeste,2025,12601,9,1,1,1,7.14,7.94,7.94,7.94,17.66,15.43,13.19,11.85,10.96,8.72,11.85,8.94,3.21,85.49,Baixa,-8.425899999999999,-35.625299999999996,0.0,2601300
2601409,260140,Barreiros,PE,Nordeste,2025,42083,17,1,1,1,4.04,2.38,2.38,2.38,45.02,46.3,47.59,48.36,48.87,50.15,48.36,5.13,1.84,82.06,Moderada,-8.820450000000001,-35.2559,0.0,2601409
2601706,260170,Belo Jardim,PE,Nordeste,2025,84033,30,2,2,2,3.57,2.38,2.38,2.38,44.98,48.54,52.09,54.22,55.65,59.2,54.22,14.22,5.1,80.57,Alta,-8.26765,-36.4066,0.0,2601706
2601508,260150,Belém de Maria,PE,Nordeste,2025,10798,7,1,0,1,6.48,9.26,0.0,9.26,13.8,13.55,13.3,13.15,13.05,12.8,13.15,1.01,0.36,90.34,Baixa,-8.5982,-35.807550000000006,0.0,2601508
2601607,260160,Belém do São Francisco,PE,Nordeste,2025,18648,12,1,1,1,6.44,5.36,5.36,5.36,28.16,24.4,20.64,18.39,16.88,13.12,18.39,15.04,5.4,77.59,Baixa,-8.5675,-38.9509,0.0,2601607
2601805,260180,Betânia,PE,Nordeste,2025,11961,13,1,1,1,10.87,8.36,8.36,8.36,16.6,12.84,9.08,6.83,5.32,1.56,6.83,15.04,5.4,84.54,Baixa,-8.26365,-37.996449999999996,0.0,2601805
2601904,260190,Bezerros,PE,Nordeste,2025,65007,23,2,2,2,3.54,3.08,3.08,3.08,41.18,45.88,50.57,53.39,55.27,59.97,53.39,18.79,6.74,75.89,Alta,-8.244299999999999,-35.77565,0.0,2601904
2602001,260200,Bodocó,PE,Nordeste,2025,36145,0,1,0,1,0.0,2.77,0.0,2.77,43.03,57.27,71.5,80.05,85.74,99.98,80.05,56.96,20.44,43.03,Muito alta,-7.68315,-39.95985,0.0,2602001
2602100,260210,Bom Conselho,PE,Nordeste,2025,46202,17,1,1,1,3.68,2.16,2.16,2.16,45.95,48.72,51.49,53.15,54.26,57.03,53.15,11.08,3.97,81.27,Alta,-9.1761,-36.6901,0.0,2602100
2602209,260220,Bom Jardim,PE,Nordeste,2025,39289,15,1,1,1,3.82,2.55,2.55,2.55,44.16,46.65,49.15,50.64,51.64,54.14,50.64,9.98,3.58,79.53,Alta,-7.77005,-35.56355,0.0,2602209
2602308,260230,Bonito,PE,Nordeste,2025,39212,15,1,1,1,3.83,2.55,2.55,2.55,44.12,46.54,48.97,50.42,51.39,53.81,50.42,9.69,3.48,79.64,Alta,-8.486450000000001,-35.69075,0.0,2602308
2602506,260250,Brejinho,PE,Nordeste,2025,8033,4,1,1,1,4.98,12.45,12.45,12.45,8.54,14.39,20.24,23.75,26.09,31.93,23.75,23.39,8.39,75.24,Baixa,-7.3336500000000004,-37.34625,0.0,2602506
2602605,260260,Brejo da Madre de Deus,PE,Nordeste,2025,51308,16,3,1,1,3.12,5.85,1.95,1.95,25.18,35.88,46.57,52.99,57.27,67.96,52.99,42.78,15.35,57.22,Alta,-8.07825,-36.2776,0.0,2602605
2602407,260240,Brejão,PE,Nordeste,2025,9417,7,1,1,1,7.43,10.62,10.62,10.62,10.95,10.12,9.29,8.79,8.46,7.63,8.79,3.32,1.19,91.15,Baixa,-9.02895,-36.5394,0.0,2602407
2602704,260270,Buenos Aires,PE,Nordeste,2025,13276,7,1,1,1,5.27,7.53,7.53,7.53,18.63,20.79,22.94,24.23,25.09,27.25,24.23,8.62,3.09,83.68,Baixa,-7.72565,-35.33615,0.0,2602704
2602803,260280,Buíque,PE,Nordeste,2025,53489,28,3,1,1,5.23,5.61,1.87,1.87,26.71,26.98,27.26,27.42,27.53,27.8,27.42,1.09,0.39,85.12,Moderada,-8.687249999999999,-37.13635,0.0,2602803
2602902,260290,Cabo de Santo Agostinho,PE,Nordeste,2025,218049,53,9,9,5,2.43,4.13,4.13,2.29,34.63,45.85,57.07,63.81,68.3,79.52,63.81,44.89,16.11,55.1,Alta,-8.2758,-35.0967,0.0,2602902
2603009,260300,Cabrobó,PE,Nordeste,2025,31762,21,1,1,1,6.61,3.15,3.15,3.15,40.66,33.51,26.36,22.07,19.21,12.06,22.07,28.59,10.26,66.36,Baixa,-8.3877,-39.307900000000004,0.0,2603009
2603108,260310,Cachoeirinha,PE,Nordeste,2025,20673,1,1,1,1,0.48,4.84,4.84,4.84,31.13,47.8,64.48,74.48,81.15,97.83,74.48,66.7,23.93,33.29,Alta,-8.50195,-36.28935,0.0,2603108
2603207,260320,Caetés,PE,Nordeste,2025,30571,14,1,1,1,4.58,3.27,3.27,3.27,40.08,39.98,39.88,39.81,39.77,39.67,39.81,0.41,0.15,85.12,Moderada,-8.815100000000001,-36.6595,0.0,2603207
2603405,260340,Calumbi,PE,Nordeste,2025,5354,4,1,0,1,7.47,18.68,0.0,18.68,3.68,4.62,5.56,6.13,6.51,7.45,6.13,3.77,1.35,93.72,Baixa,-8.0195,-38.05145,0.0,2603405
2603306,260330,Calçado,PE,Nordeste,2025,11453,5,1,0,1,4.37,8.73,0.0,8.73,15.67,22.69,29.71,33.92,36.73,43.74,33.92,28.07,10.07,71.47,Moderada,-8.73435,-36.3159,0.0,2603306
2603454,260345,Camaragibe,PE,Nordeste,2025,156112,47,14,1,0,3.01,8.97,0.64,0.0,14.81,28.59,42.37,50.64,56.15,69.93,50.64,55.12,19.78,44.87,Alta,-7.9830499999999995,-34.9994,0.0,2603454
2603504,260350,Camocim de São Félix,PE,Nordeste,2025,18018,6,1,1,1,3.33,5.55,5.55,5.55,27.05,36.3,45.55,51.1,54.8,64.05,51.1,37.0,13.27,63.0,Alta,-8.3394,-35.7839,0.0,2603504
2603603,260360,Camutanga,PE,Nordeste,2025,7962,5,1,0,1,6.28,12.56,0.0,12.56,8.44,9.98,11.51,12.44,13.05,14.59,12.44,6.16,2.21,89.07,Baixa,-7.44125,-35.28985,0.0,2603603
2603702,260370,Canhotinho,PE,Nordeste,2025,25103,14,1,1,1,5.58,3.98,3.98,3.98,35.95,32.64,29.33,27.34,26.02,22.71,27.34,13.25,4.75,76.55,Moderada,-8.870999999999999,-36.166399999999996,0.0,2603702
2603801,260380,Capoeiras,PE,Nordeste,2025,18854,12,1,0,1,6.36,5.3,0.0,5.3,28.68,24.96,21.23,18.99,17.5,13.77,18.99,14.92,5.35,77.38,Baixa,-8.6767,-36.5946,0.0,2603801
2603926,260392,Carnaubeira da Penha,PE,Nordeste,2025,12712,7,1,1,1,5.51,7.87,7.87,7.87,17.86,19.35,20.85,21.75,22.34,23.84,21.75,5.98,2.14,85.08,Baixa,-8.42815,-38.73035,0.0,2603926
2603900,260390,Carnaíba,PE,Nordeste,2025,19533,11,1,1,1,5.63,5.12,5.12,5.12,29.69,27.71,25.73,24.54,23.75,21.77,24.54,7.92,2.84,80.36,Baixa,-7.7966,-37.731750000000005,0.0,2603900
2604007,260400,Carpina,PE,Nordeste,2025,83482,28,3,2,2,3.35,3.59,2.4,2.4,38.32,44.61,50.91,54.68,57.2,63.49,54.68,25.17,9.03,73.21,Alta,-7.8257,-35.310199999999995,0.0,2604007
2604106,260410,Caruaru,PE,Nordeste,2025,405408,75,20,15,4,1.85,4.93,3.7,0.99,30.62,44.82,59.01,67.53,73.2,87.4,67.53,56.78,20.37,43.21,Alta,-8.1867,-36.016149999999996,0.0,2604106
2604155,260415,Casinhas,PE,Nordeste,2025,13468,8,1,1,1,5.94,7.43,7.43,7.43,18.94,18.72,18.51,18.38,18.29,18.08,18.38,0.86,0.31,87.59,Baixa,-7.762700000000001,-35.71475,0.0,2604155
2604205,260420,Catende,PE,Nordeste,2025,33086,16,1,0,1,4.84,3.02,0.0,3.02,41.55,39.8,38.05,36.99,36.29,34.54,36.99,7.02,2.52,80.88,Moderada,-8.6907,-35.74055,0.0,2604205
2604304,260430,Cedro,PE,Nordeste,2025,10843,6,1,0,1,5.53,9.22,0.0,9.22,13.97,16.31,18.66,20.07,21.01,23.35,20.07,9.39,3.37,84.36,Baixa,-7.72705,-39.1925,0.0,2604304
2604502,260450,Chã Grande,PE,Nordeste,2025,21258,9,1,1,1,4.23,4.7,4.7,4.7,31.7,35.44,39.19,41.43,42.93,46.67,41.43,14.97,5.37,77.92,Moderada,-8.2359,-35.4708,0.0,2604502
2604403,260440,Chã de Alegria,PE,Nordeste,2025,13496,9,1,0,1,6.67,7.41,0.0,7.41,18.97,17.13,15.28,14.18,13.44,11.6,14.18,7.38,2.65,85.33,Baixa,-8.006599999999999,-35.212199999999996,0.0,2604403
2604601,260460,Condado,PE,Nordeste,2025,25416,14,1,1,1,5.51,3.93,3.93,3.93,36.28,33.15,30.02,28.14,26.89,23.77,28.14,12.51,4.49,77.43,Moderada,-7.60585,-35.10405,0.0,2604601
2604700,260470,Correntes,PE,Nordeste,2025,17670,10,1,1,1,5.66,5.66,5.66,5.66,26.4,25.17,23.94,23.2,22.7,21.47,23.2,4.94,1.77,82.84,Baixa,-9.120999999999999,-36.33045,0.0,2604700
2604809,260480,Cortês,PE,Nordeste,2025,10426,8,1,1,1,7.67,9.59,9.59,9.59,12.26,10.89,9.51,8.69,8.14,6.77,8.69,5.49,1.97,89.69,Baixa,-8.41885,-35.5212,0.0,2604809
2604908,260490,Cumaru,PE,Nordeste,2025,16215,12,1,1,1,7.4,6.17,6.17,6.17,24.2,20.1,16.0,13.54,11.91,7.81,13.54,16.39,5.88,79.46,Baixa,-8.02935,-35.725300000000004,0.0,2604908
2605004,260500,Cupira,PE,Nordeste,2025,24343,10,1,1,1,4.11,4.11,4.11,4.11,34.73,38.29,41.84,43.97,45.4,48.95,43.97,14.22,5.1,77.94,Moderada,-8.58235,-35.923199999999994,0.0,2605004
2605103,260510,Custódia,PE,Nordeste,2025,39609,20,2,2,2,5.05,5.05,5.05,5.05,30.07,30.21,30.35,30.44,30.5,30.64,30.44,0.57,0.21,85.04,Moderada,-8.15215,-37.70265,0.0,2605103
2605152,260515,Dormentes,PE,Nordeste,2025,17850,8,2,2,1,4.48,11.2,11.2,5.6,10.03,17.91,25.78,30.5,33.65,41.52,30.5,31.48,11.3,68.51,Moderada,-8.4818,-40.604150000000004,0.0,2605152
2605202,260520,Escada,PE,Nordeste,2025,62174,10,3,3,3,1.61,4.83,4.83,4.83,31.16,45.93,60.7,69.56,75.47,90.24,69.56,59.07,21.2,40.92,Alta,-8.36525,-35.2522,0.0,2605202
2605301,260530,Exu,PE,Nordeste,2025,33486,14,1,1,1,4.18,2.99,2.99,2.99,41.68,43.16,44.64,45.53,46.12,47.6,45.53,5.92,2.13,81.85,Moderada,-7.5161999999999995,-39.72525,0.0,2605301
2605400,260540,Feira Nova,PE,Nordeste,2025,22222,13,1,1,1,5.85,4.5,4.5,4.5,32.94,29.46,25.97,23.88,22.49,19.01,23.88,13.93,5.0,76.16,Baixa,-7.946999999999999,-35.380849999999995,0.0,2605400
2605459,260545,Fernando de Noronha,PE,Nordeste,2025,3341,3,1,0,0,8.98,29.93,0.0,0.0,0.95,1.66,2.37,2.79,3.08,3.79,2.79,2.84,1.02,96.52,Baixa,-3.8615,-32.42785,0.0,2605459
2605509,260550,Ferreiros,PE,Nordeste,2025,15955,6,0,0,0,3.76,0.0,0.0,0.0,99.98,88.79,77.6,70.88,66.41,55.21,70.88,44.77,16.06,55.22,Alta,-7.4714,-35.235150000000004,6.9,2603603
2605608,260560,Flores,PE,Nordeste,2025,20776,10,1,1,1,4.81,4.81,4.81,4.81,31.2,32.13,33.06,33.61,33.98,34.91,33.61,3.72,1.33,83.07,Moderada,-7.925050000000001,-37.8906,0.0,2605608
2605707,260570,Floresta,PE,Nordeste,2025,31702,11,1,1,1,3.47,3.15,3.15,3.15,40.6,45.85,51.09,54.24,56.34,61.59,54.24,20.98,7.53,75.73,Alta,-8.6203,-38.24065,0.0,2605707
2605806,260580,Frei Miguelinho,PE,Nordeste,2025,14055,11,1,0,1,7.83,7.11,0.0,7.11,20.16,16.73,13.31,11.26,9.89,6.46,11.26,13.7,4.91,82.51,Baixa,-7.9321,-35.8858,0.0,2605806
2605905,260590,Gameleira,PE,Nordeste,2025,17583,4,1,0,1,2.27,5.69,0.0,5.69,26.17,40.19,54.22,62.63,68.24,82.27,62.63,56.09,20.13,43.9,Alta,-8.61695,-35.37625,0.0,2605905
2606002,260600,Garanhuns,PE,Nordeste,2025,151803,49,7,6,4,3.23,4.61,3.95,2.63,32.38,40.76,49.13,54.15,57.5,65.88,54.15,33.49,12.02,66.5,Alta,-8.934899999999999,-36.5018,0.0,2606002
2606101,260610,Glória do Goitá,PE,Nordeste,2025,30420,12,1,1,1,3.94,3.29,3.29,3.29,39.96,42.92,45.88,47.66,48.84,51.8,47.66,11.85,4.25,78.55,Moderada,-8.0115,-35.3451,0.0,2606101
2606200,260620,Goiana,PE,Nordeste,2025,85497,30,4,2,3,3.51,4.68,2.34,3.51,31.9,39.09,46.28,50.6,53.48,60.67,50.6,28.77,10.32,70.13,Alta,-7.5882000000000005,-34.9433,0.0,2606200
2606309,260630,Granito,PE,Nordeste,2025,7217,6,1,0,1,8.31,13.86,0.0,13.86,7.14,6.7,6.26,6.0,5.82,5.39,6.0,1.76,0.63,94.17,Baixa,-7.7896,-39.693799999999996,0.0,2606309
2606408,260640,Gravatá,PE,Nordeste,2025,92429,24,2,1,1,2.6,2.16,1.08,1.08,45.97,53.74,61.51,66.18,69.29,77.06,66.18,31.09,11.16,68.62,Alta,-8.2157,-35.5475,0.0,2606408
2606507,260650,Iati,PE,Nordeste,2025,17570,11,1,1,1,6.26,5.69,5.69,5.69,26.08,23.25,20.42,18.72,17.59,14.75,18.72,11.33,4.06,80.09,Baixa,-9.1328,-36.91215,0.0,2606507
2606606,260660,Ibimirim,PE,Nordeste,2025,28825,13,1,0,1,4.51,3.47,0.0,3.47,39.04,39.51,39.97,40.25,40.44,40.91,40.25,1.87,0.67,84.34,Moderada,-8.571349999999999,-37.63675,0.0,2606606
2606705,260670,Ibirajuba,PE,Nordeste,2025,7334,4,1,0,1,5.45,13.64,0.0,13.64,7.27,11.63,15.99,18.61,20.36,24.72,18.61,17.45,6.26,80.32,Baixa,-8.62935,-36.1939,0.0,2606705
2606804,260680,Igarassu,PE,Nordeste,2025,123017,39,3,1,1,3.17,2.44,0.81,0.81,44.7,50.3,55.9,59.26,61.5,67.1,59.26,22.4,8.04,76.03,Alta,-7.79535,-34.970299999999995,0.0,2606804
2606903,260690,Iguaracy,PE,Nordeste,2025,11347,5,1,1,0,4.41,8.81,8.81,0.0,15.35,22.25,29.15,33.29,36.05,42.95,33.29,27.61,9.91,71.69,Moderada,-7.8443000000000005,-37.394,0.0,2606903
2607604,260760,Ilha de Itamaracá,PE,Nordeste,2025,25658,13,1,0,0,5.07,3.9,0.0,0.0,36.55,35.01,33.47,32.54,31.93,30.39,32.54,6.16,2.21,80.61,Moderada,-7.7521,-34.856700000000004,0.0,2607604
2607000,260700,Inajá,PE,Nordeste,2025,27758,9,1,0,1,3.24,3.6,0.0,3.6,38.27,45.11,51.95,56.05,58.79,65.63,56.05,27.36,9.82,72.64,Alta,-8.81255,-37.7616,0.0,2607000
2607109,260710,Ingazeira,PE,Nordeste,2025,4975,3,1,0,0,6.03,20.1,0.0,0.0,3.14,6.65,10.15,12.25,13.66,17.16,12.25,14.02,5.03,84.97,Baixa,-7.7113499999999995,-37.422700000000006,0.0,2607109
2607208,260720,Ipojuca,PE,Nordeste,2025,106539,30,2,2,1,2.82,1.88,1.88,0.94,47.17,53.61,60.05,63.92,66.49,72.93,63.92,25.76,9.24,72.59,Alta,-8.45965,-35.09935,0.0,2607208
2607307,260730,Ipubi,PE,Nordeste,2025,30720,11,3,0,2,3.58,9.77,0.0,6.51,11.99,23.75,35.51,42.57,47.28,59.04,42.57,47.05,16.88,52.94,Moderada,-7.501799999999999,-40.22465,0.0,2607307
2607406,260740,Itacuruba,PE,Nordeste,2025,4491,3,1,0,0,6.68,22.27,0.0,0.0,2.24,4.57,6.9,8.3,9.23,11.56,8.3,9.32,3.34,89.61,Baixa,-8.76985,-38.74195,0.0,2607406
2607653,260765,Itambé,PE,Nordeste,2025,36652,16,1,1,1,4.37,2.73,2.73,2.73,43.17,43.32,43.47,43.56,43.61,43.76,43.56,0.59,0.21,84.7,Moderada,-7.45925,-35.15915,0.0,2607653
2607703,260770,Itapetim,PE,Nordeste,2025,14236,7,1,1,1,4.92,7.02,7.02,7.02,20.71,23.8,26.89,28.74,29.98,33.06,28.74,12.35,4.43,81.17,Moderada,-7.3854500000000005,-37.1333,0.0,2607703
2607752,260775,Itapissuma,PE,Nordeste,2025,29669,12,1,0,0,4.04,3.37,0.0,0.0,39.6,42.21,44.83,46.4,47.45,50.06,46.4,10.46,3.75,79.5,Moderada,-7.7494,-34.9023,0.0,2607752
2607802,260780,Itaquitinga,PE,Nordeste,2025,17142,12,1,0,1,7.0,5.83,0.0,5.83,25.33,21.39,17.45,15.08,13.51,9.57,15.08,15.76,5.66,79.07,Baixa,-7.6814,-35.0229,0.0,2607802
2607505,260750,Itaíba,PE,Nordeste,2025,33995,11,1,1,1,3.24,2.94,2.94,2.94,42.0,47.94,53.87,57.43,59.8,65.73,57.43,23.73,8.51,75.37,Alta,-9.0196,-37.3123,0.0,2607505
2607901,260790,Jaboatão dos Guararapes,PE,Nordeste,2025,684293,134,8,7,5,1.96,1.17,1.02,0.73,49.83,58.98,68.14,73.63,77.29,86.45,73.63,36.62,13.14,62.82,Alta,-8.14345,-35.00295,0.0,2607901
2607950,260795,Jaqueira,PE,Nordeste,2025,10440,7,1,1,1,6.7,9.58,9.58,9.58,12.33,12.08,11.82,11.67,11.56,11.31,11.67,1.02,0.37,91.15,Baixa,-8.74155,-35.80335,0.0,2607950
2608008,260800,Jataúba,PE,Nordeste,2025,16328,9,1,0,1,5.51,6.12,0.0,6.12,24.32,24.17,24.01,23.91,23.85,23.69,23.91,0.63,0.23,85.8,Baixa,-8.057,-36.537099999999995,0.0,2608008
2608057,260805,Jatobá,PE,Nordeste,2025,14477,6,1,1,1,4.14,6.91,6.91,6.91,21.67,28.33,34.98,38.98,41.64,48.3,38.98,26.64,9.56,72.98,Moderada,-9.216899999999999,-38.202600000000004,0.0,2608057
2608206,260820,Joaquim Nabuco,PE,Nordeste,2025,13416,9,1,1,1,6.71,7.45,7.45,7.45,18.79,16.92,15.04,13.92,13.17,11.29,13.92,7.5,2.69,85.4,Baixa,-8.5731,-35.539249999999996,0.0,2608206
2608107,260810,João Alfredo,PE,Nordeste,2025,28842,15,1,1,1,5.2,3.47,3.47,3.47,39.06,36.39,33.73,32.13,31.06,28.4,32.13,10.66,3.83,77.79,Moderada,-7.8555,-35.597750000000005,0.0,2608107
2608255,260825,Jucati,PE,Nordeste,2025,12023,8,1,0,1,6.65,8.32,0.0,8.32,16.73,15.48,14.23,13.49,12.99,11.74,13.49,4.99,1.79,87.4,Baixa,-8.72935,-36.45845,0.0,2608255
2608305,260830,Jupi,PE,Nordeste,2025,16022,9,1,1,1,5.62,6.24,6.24,6.24,23.91,23.45,22.99,22.71,22.52,22.06,22.71,1.85,0.66,85.22,Baixa,-8.71795,-36.3885,0.0,2608305
2608404,260840,Jurema,PE,Nordeste,2025,14002,8,1,0,1,5.71,7.14,0.0,7.14,19.98,20.17,20.36,20.48,20.56,20.75,20.48,0.77,0.28,86.95,Baixa,-8.7508,-36.146100000000004,0.0,2608404
2608750,260875,Lagoa Grande,PE,Nordeste,2025,24951,10,1,1,1,4.01,4.01,4.01,4.01,35.7,39.46,43.21,45.47,46.97,50.73,45.47,15.02,5.39,77.34,Moderada,-8.806650000000001,-40.2256,0.0,2608750
2608503,260850,Lagoa de Itaenga,PE,Nordeste,2025,19863,10,1,1,1,5.03,5.03,5.03,5.03,30.16,30.35,30.55,30.67,30.75,30.95,30.67,0.79,0.28,84.96,Moderada,-7.9083,-35.2982,0.0,2608503
2608453,260845,Lagoa do Carro,PE,Nordeste,2025,18804,11,1,1,1,5.85,5.32,5.32,5.32,28.52,26.15,23.77,22.35,21.4,19.03,22.35,9.5,3.41,79.78,Baixa,-7.85685,-35.3475,0.0,2608453
2608602,260860,Lagoa do Ouro,PE,Nordeste,2025,12367,6,1,1,1,4.85,8.09,8.09,8.09,17.3,21.54,25.78,28.32,30.01,34.25,28.32,16.94,6.08,79.08,Moderada,-9.170449999999999,-36.4666,0.0,2608602
2608701,260870,Lagoa dos Gatos,PE,Nordeste,2025,14333,7,1,1,1,4.88,6.98,6.98,6.98,21.09,24.25,27.41,29.31,30.57,33.73,29.31,12.64,4.53,80.97,Moderada,-8.67885,-35.8932,0.0,2608701
2608800,260880,Lajedo,PE,Nordeste,2025,41960,17,1,1,1,4.05,2.38,2.38,2.38,44.96,46.21,47.45,48.2,48.69,49.94,48.2,4.97,1.78,82.14,Moderada,-8.67465,-36.288650000000004,0.0,2608800
2608909,260890,Limoeiro,PE,Nordeste,2025,59236,21,2,2,2,3.55,3.38,3.38,3.38,39.54,44.62,49.7,52.75,54.78,59.86,52.75,20.32,7.29,74.29,Alta,-7.83755,-35.438050000000004,0.0,2608909
2609006,260900,Macaparana,PE,Nordeste,2025,24642,13,1,1,1,5.28,4.06,4.06,4.06,35.24,33.23,31.22,30.02,29.22,27.21,30.02,8.02,2.88,80.18,Moderada,-7.5349,-35.45355,0.0,2609006
2609105,260910,Machados,PE,Nordeste,2025,11387,8,1,1,1,7.03,8.78,8.78,8.78,15.46,13.93,12.4,11.49,10.88,9.35,11.49,6.1,2.19,87.65,Baixa,-7.6998999999999995,-35.49705,0.0,2609105
2609154,260915,Manari,PE,Nordeste,2025,27046,9,1,0,1,3.33,3.7,0.0,3.7,37.73,44.32,50.92,54.87,57.51,64.1,54.87,26.37,9.46,72.69,Alta,-8.89215,-37.555400000000006,0.0,2609154
2609204,260920,Maraial,PE,Nordeste,2025,9322,5,1,0,1,5.36,10.73,0.0,10.73,10.72,14.47,18.23,20.48,21.98,25.74,20.48,15.02,5.39,81.53,Baixa,-8.8383,-35.7602,0.0,2609204
2609303,260930,Mirandiba,PE,Nordeste,2025,14605,8,1,1,1,5.48,6.85,6.85,6.85,22.02,22.58,23.13,23.46,23.68,24.23,23.46,2.21,0.79,85.75,Baixa,-8.1569,-38.73695,0.0,2609303
2614303,261430,Moreilândia,PE,Nordeste,2025,10839,5,1,0,1,4.61,9.23,0.0,9.23,13.95,20.2,26.46,30.21,32.71,38.97,30.21,25.02,8.98,73.59,Moderada,-7.61495,-39.50435,0.0,2614303
2609402,260940,Moreno,PE,Nordeste,2025,57654,17,1,1,1,2.95,1.73,1.73,1.73,47.89,53.63,59.37,62.81,65.11,70.85,62.81,22.96,8.24,74.69,Alta,-8.1506,-35.142700000000005,0.0,2609402
2609501,260950,Nazaré da Mata,PE,Nordeste,2025,32187,16,1,1,1,4.97,3.11,3.11,3.11,40.96,38.74,36.52,35.19,34.3,32.08,35.19,8.89,3.19,78.22,Moderada,-7.7421500000000005,-35.22995,0.0,2609501
2609600,260960,Olinda,PE,Nordeste,2025,364717,52,6,4,1,1.43,1.65,1.1,0.27,48.23,59.19,70.16,76.74,81.12,92.08,76.74,43.85,15.73,56.14,Muito alta,-8.0018,-34.87095,0.0,2609600
2609709,260970,Orobó,PE,Nordeste,2025,22412,11,1,1,1,4.91,4.46,4.46,4.46,33.06,33.12,33.18,33.22,33.24,33.3,33.22,0.23,0.08,84.47,Moderada,-7.71375,-35.6002,0.0,2609709
2609808,260980,Orocó,PE,Nordeste,2025,14129,10,1,1,1,7.08,7.08,7.08,7.08,20.43,17.56,14.68,12.96,11.81,8.94,12.96,11.49,4.12,83.14,Baixa,-8.454550000000001,-39.5794,0.0,2609808
2609907,260990,Ouricuri,PE,Nordeste,2025,68489,27,2,2,1,3.94,2.92,2.92,1.46,42.13,44.56,46.98,48.44,49.41,51.84,48.44,9.71,3.48,79.8,Moderada,-7.9491,-40.21455,0.0,2609907
2610004,261000,Palmares,PE,Nordeste,2025,56475,32,4,3,3,5.67,7.08,5.31,5.31,20.36,20.61,20.87,21.02,21.12,21.38,21.02,1.02,0.37,86.79,Baixa,-8.65765,-35.62925,0.0,2610004
2610103,261010,Palmeirina,PE,Nordeste,2025,7104,5,1,0,1,7.04,14.08,0.0,14.08,7.0,7.57,8.13,8.47,8.7,9.26,8.47,2.26,0.81,92.82,Baixa,-8.99625,-36.244550000000004,0.0,2610103
2610202,261020,Panelas,PE,Nordeste,2025,23337,16,1,1,1,6.86,4.29,4.29,4.29,33.85,27.96,22.07,18.53,16.18,10.29,18.53,23.57,8.46,71.54,Baixa,-8.664000000000001,-36.06485,0.0,2610202
2610301,261030,Paranatama,PE,Nordeste,2025,12778,7,1,1,1,5.48,7.83,7.83,7.83,17.95,19.51,21.07,22.01,22.64,24.2,22.01,6.25,2.24,84.88,Baixa,-8.8945,-36.737750000000005,0.0,2610301
2610400,261040,Parnamirim,PE,Nordeste,2025,18960,16,1,1,1,8.44,5.27,5.27,5.27,28.83,22.87,16.92,13.35,10.96,5.01,13.35,23.82,8.55,74.36,Baixa,-8.1637,-39.7805,0.0,2610400
2610509,261050,Passira,PE,Nordeste,2025,29744,19,1,1,1,6.39,3.36,3.36,3.36,39.65,33.12,26.58,22.66,20.05,13.52,22.66,26.14,9.38,67.7,Baixa,-8.01245,-35.540850000000006,0.0,2610509
2610608,261060,Paudalho,PE,Nordeste,2025,59924,24,1,1,1,4.01,1.67,1.67,1.67,48.18,48.84,49.5,49.89,50.16,50.82,49.89,2.64,0.95,83.05,Moderada,-7.8847000000000005,-35.142849999999996,0.0,2610608
2610707,261070,Paulista,PE,Nordeste,2025,365144,62,5,3,1,1.7,1.37,0.82,0.27,49.08,59.13,69.18,75.21,79.23,89.28,75.21,40.21,14.43,59.78,Muito alta,-7.91225,-34.92775,0.0,2610707
2610806,261080,Pedra,PE,Nordeste,2025,23671,12,1,1,1,5.07,4.22,4.22,4.22,34.09,33.15,32.22,31.66,31.29,30.35,31.66,3.73,1.34,82.39,Moderada,-8.6724,-36.915350000000004,0.0,2610806
2610905,261090,Pesqueira,PE,Nordeste,2025,65481,19,2,2,2,2.9,3.05,3.05,3.05,41.41,48.91,56.41,60.91,63.91,71.41,60.91,29.99,10.76,70.0,Alta,-8.43,-36.7429,0.0,2610905
2611101,261110,Petrolina,PE,Nordeste,2025,418444,62,15,14,5,1.48,3.58,3.35,1.19,38.38,51.66,64.93,72.9,78.21,91.49,72.9,53.11,19.06,46.88,Alta,-9.0532,-40.5839,0.0,2611101
2611002,261100,Petrolândia,PE,Nordeste,2025,36104,14,2,2,2,3.88,5.54,5.54,5.54,27.12,33.58,40.03,43.9,46.48,52.93,43.9,25.81,9.26,72.35,Moderada,-8.91265,-38.28975,0.0,2611002
2611309,261130,Pombos,PE,Nordeste,2025,26942,15,1,1,1,5.57,3.71,3.71,3.71,37.64,33.93,30.23,28.0,26.52,22.81,28.0,14.83,5.32,75.73,Moderada,-8.190100000000001,-35.39015,0.0,2611309
2611200,261120,Poção,PE,Nordeste,2025,10792,6,1,0,1,5.56,9.27,0.0,9.27,13.79,16.07,18.36,19.74,20.65,22.94,19.74,9.15,3.28,84.49,Baixa,-8.21675,-36.712050000000005,0.0,2611200
2611408,261140,Primavera,PE,Nordeste,2025,14380,6,1,0,1,4.17,6.95,0.0,6.95,21.31,27.92,34.53,38.49,41.14,47.75,38.49,26.44,9.49,73.09,Moderada,-8.34035,-35.4054,0.0,2611408
2611507,261150,Quipapá,PE,Nordeste,2025,17731,13,1,1,1,7.33,5.64,5.64,5.64,26.49,21.86,17.23,14.45,12.6,7.97,14.45,18.52,6.65,77.45,Baixa,-8.82965,-36.0358,0.0,2611507
2611533,261153,Quixaba,PE,Nordeste,2025,6753,4,1,0,1,5.92,14.81,0.0,14.81,6.41,9.36,12.31,14.09,15.27,18.22,14.09,11.81,4.24,85.33,Baixa,-7.7143999999999995,-37.8625,0.0,2611533
2611606,261160,Recife,PE,Nordeste,2025,1588376,180,89,69,16,1.13,5.6,4.34,1.01,26.75,43.64,60.54,70.67,77.43,94.33,70.67,67.58,24.25,32.41,Alta,-8.04215,-34.9386,0.0,2611606
2611705,261170,Riacho das Almas,PE,Nordeste,2025,21490,10,1,1,1,4.65,4.65,4.65,4.65,32.15,33.67,35.18,36.09,36.7,38.22,36.09,6.07,2.18,82.57,Moderada,-8.08995,-35.87145,0.0,2611705
2611804,261180,Ribeirão,PE,Nordeste,2025,33843,12,1,0,1,3.55,2.95,0.0,2.95,41.9,46.38,50.87,53.56,55.36,59.85,53.56,17.95,6.44,76.82,Alta,-8.524249999999999,-35.383750000000006,0.0,2611804
2611903,261190,Rio Formoso,PE,Nordeste,2025,20388,12,1,1,1,5.89,4.9,4.9,4.9,30.78,27.76,24.74,22.92,21.71,18.69,22.92,12.1,4.34,77.68,Baixa,-8.6691,-35.22755,0.0,2611903
2612000,261200,Sairé,PE,Nordeste,2025,11213,6,2,2,1,5.35,17.84,17.84,8.92,4.13,9.6,15.07,18.35,20.54,26.01,18.35,21.88,7.85,77.68,Baixa,-8.29535,-35.68615,0.0,2612000
2612109,261210,Salgadinho,PE,Nordeste,2025,5478,8,1,0,0,14.6,18.25,0.0,0.0,3.9,2.99,2.08,1.54,1.18,0.27,1.54,3.63,1.3,96.27,Baixa,-7.913,-35.59755,0.0,2612109
2612208,261220,Salgueiro,PE,Nordeste,2025,65946,22,3,2,2,3.34,4.55,3.03,3.03,32.72,40.51,48.29,52.97,56.08,63.87,52.97,31.14,11.17,68.85,Alta,-8.07535,-39.064949999999996,0.0,2612208
2612307,261230,Saloá,PE,Nordeste,2025,14125,9,1,1,1,6.37,7.08,7.08,7.08,20.41,18.72,17.03,16.02,15.35,13.66,16.02,6.75,2.42,84.72,Baixa,-9.001100000000001,-36.748,0.0,2612307
2612406,261240,Sanharó,PE,Nordeste,2025,18812,11,1,0,1,5.85,5.32,0.0,5.32,28.59,26.23,23.87,22.46,21.51,19.15,22.46,9.44,3.39,79.82,Baixa,-8.36855,-36.55675,0.0,2612406
2612455,261245,Santa Cruz,PE,Nordeste,2025,14342,7,1,0,1,4.88,6.97,0.0,6.97,21.15,24.3,27.46,29.36,30.62,33.78,29.36,12.64,4.53,80.99,Moderada,-8.28725,-40.27355,0.0,2612455
2612471,261247,Santa Cruz da Baixa Verde,PE,Nordeste,2025,11934,6,1,1,1,5.03,8.38,8.38,8.38,16.53,20.15,23.77,25.95,27.4,31.02,25.95,14.49,5.2,80.59,Moderada,-7.84425,-38.179100000000005,0.0,2612471
2612505,261250,Santa Cruz do Capibaribe,PE,Nordeste,2025,104854,27,1,1,1,2.58,0.95,0.95,0.95,50.42,57.15,63.88,67.91,70.6,77.33,67.91,26.91,9.65,70.9,Alta,-7.88835,-36.30555,0.0,2612505
2612554,261255,Santa Filomena,PE,Nordeste,2025,12360,8,1,0,1,6.47,8.09,0.0,8.09,17.29,16.18,15.07,14.4,13.96,12.85,14.4,4.43,1.59,87.31,Baixa,-8.2101,-40.60625,0.0,2612554
2612604,261260,Santa Maria da Boa Vista,PE,Nordeste,2025,42782,15,1,1,1,3.51,2.34,2.34,2.34,45.16,49.04,52.93,55.25,56.81,60.69,55.25,15.53,5.57,81.02,Alta,-8.6949,-39.92025,0.0,2612604
2612703,261270,Santa Maria do Cambucá,PE,Nordeste,2025,14586,8,1,0,0,5.48,6.86,0.0,0.0,21.95,22.48,23.01,23.33,23.54,24.07,23.33,2.12,0.76,85.8,Baixa,-7.8227,-35.8827,0.0,2612703
2612802,261280,Santa Terezinha,PE,Nordeste,2025,10487,6,1,0,1,5.72,9.54,0.0,9.54,12.62,14.62,16.61,17.81,18.61,20.61,17.81,7.99,2.87,85.69,Baixa,-7.44585,-37.442949999999996,0.0,2612802
2613909,261390,Serra Talhada,PE,Nordeste,2025,98816,26,8,6,4,2.63,8.1,6.07,4.05,17.23,32.05,46.87,55.76,61.69,76.5,55.76,59.27,21.27,40.72,Alta,-8.05845,-38.3279,0.0,2613909
2614006,261400,Serrita,PE,Nordeste,2025,18764,10,1,1,1,5.33,5.33,5.33,5.33,28.38,27.9,27.42,27.13,26.94,26.46,27.13,1.92,0.69,84.27,Moderada,-7.83385,-39.3531,0.0,2614006
2614105,261410,Sertânia,PE,Nordeste,2025,34271,18,2,2,2,5.25,5.84,5.84,5.84,25.27,25.84,26.4,26.74,26.97,27.54,26.74,2.26,0.81,84.87,Moderada,-8.19775,-37.319900000000004,0.0,2614105
2614204,261420,Sirinhaém,PE,Nordeste,2025,39171,17,1,1,1,4.34,2.55,2.55,2.55,44.1,44.17,44.23,44.27,44.29,44.35,44.27,0.25,0.09,84.7,Moderada,-8.582999999999998,-35.16445,0.0,2614204
2614402,261440,Solidão,PE,Nordeste,2025,5386,3,1,1,1,5.57,18.57,18.57,18.57,3.73,8.49,13.25,16.1,18.0,22.76,16.1,19.03,6.83,80.23,Baixa,-7.5813,-37.652249999999995,0.0,2614402
2614501,261450,Surubim,PE,Nordeste,2025,67821,20,1,1,1,2.95,1.47,1.47,1.47,48.81,54.31,59.82,63.12,65.32,70.83,63.12,22.02,7.9,75.22,Alta,-7.88915,-35.75005,0.0,2614501
2612901,261290,São Benedito do Sul,PE,Nordeste,2025,13456,3,1,0,1,2.23,7.43,0.0,7.43,18.87,34.84,50.82,60.4,66.79,82.77,60.4,63.9,22.93,36.09,Alta,-8.8177,-35.905950000000004,0.0,2612901
2613008,261300,São Bento do Una,PE,Nordeste,2025,51165,15,1,1,1,2.93,1.95,1.95,1.95,46.92,52.95,58.98,62.6,65.02,71.05,62.6,24.12,8.66,74.13,Alta,-8.54655,-36.4604,0.0,2613008
2613107,261310,São Caitano,PE,Nordeste,2025,39243,15,1,1,1,3.82,2.55,2.55,2.55,44.14,46.59,49.05,50.52,51.5,53.96,50.52,9.82,3.52,79.61,Alta,-8.33765,-36.14735,0.0,2613107
2613305,261330,São Joaquim do Monte,PE,Nordeste,2025,20438,12,1,1,1,5.87,4.89,4.89,4.89,30.8,27.8,24.81,23.01,21.81,18.81,23.01,11.99,4.3,77.72,Baixa,-8.48325,-35.834050000000005,0.0,2613305
2613404,261340,São José da Coroa Grande,PE,Nordeste,2025,19511,11,1,1,1,5.64,5.13,5.13,5.13,29.67,27.68,25.7,24.5,23.71,21.72,24.5,7.95,2.85,80.32,Baixa,-8.8717,-35.1954,0.0,2613404
2613503,261350,São José do Belmonte,PE,Nordeste,2025,36890,14,1,1,1,3.8,2.71,2.71,2.71,43.24,46.1,48.95,50.66,51.8,54.66,50.66,11.42,4.1,78.78,Alta,-7.8835500000000005,-38.758700000000005,0.0,2613503
2613602,261360,São José do Egito,PE,Nordeste,2025,32508,18,2,2,1,5.54,6.15,6.15,3.08,24.27,24.01,23.76,23.6,23.5,23.25,23.6,1.02,0.37,85.58,Baixa,-7.54175,-37.237700000000004,0.0,2613602
2613206,261320,São João,PE,Nordeste,2025,24895,15,1,1,1,6.03,4.02,4.02,4.02,35.6,31.0,26.4,23.65,21.81,17.21,23.65,18.38,6.6,72.94,Baixa,-8.88315,-36.384249999999994,0.0,2613206
2613701,261370,São Lourenço da Mata,PE,Nordeste,2025,118258,40,1,1,1,3.38,0.85,0.85,0.85,50.64,53.73,56.82,58.68,59.91,63.0,58.68,12.37,4.44,82.64,Alta,-8.01515,-35.1092,0.0,2613701
2613800,261380,São Vicente Férrer,PE,Nordeste,2025,17177,10,1,1,1,5.82,5.82,5.82,5.82,25.38,23.88,22.37,21.47,20.87,19.37,21.47,6.01,2.16,82.62,Baixa,-7.602600000000001,-35.4915,0.0,2613800
2614600,261460,Tabira,PE,Nordeste,2025,29180,14,2,2,2,4.8,6.85,6.85,6.85,21.99,25.31,28.62,30.61,31.94,35.25,30.61,13.27,4.76,80.59,Moderada,-7.578749999999999,-37.5176,0.0,2614600
2614709,261470,Tacaimbó,PE,Nordeste,2025,14330,9,0,0,0,6.28,0.0,0.0,0.0,99.98,78.63,57.28,44.47,35.93,14.58,44.47,85.41,30.65,14.58,Moderada,-8.33975,-36.272999999999996,13.83,2613107
2614808,261480,Tacaratu,PE,Nordeste,2025,24898,8,1,0,1,3.21,4.02,0.0,4.02,35.61,43.26,50.92,55.51,58.57,66.22,55.51,30.6,10.98,69.39,Alta,-8.913250000000001,-38.03115,0.0,2614808
2614857,261485,Tamandaré,PE,Nordeste,2025,24670,12,1,1,1,4.86,4.05,4.05,4.05,35.25,34.94,34.63,34.45,34.33,34.02,34.45,1.24,0.44,83.16,Moderada,-8.7463,-35.22375,0.0,2614857
2615003,261500,Taquaritinga do Norte,PE,Nordeste,2025,25511,11,1,1,1,4.31,3.92,3.92,3.92,36.4,38.54,40.68,41.97,42.82,44.96,41.97,8.56,3.07,80.92,Moderada,-7.884399999999999,-36.13485,0.0,2615003
2615102,261510,Terezinha,PE,Nordeste,2025,6853,7,1,0,1,10.21,14.59,0.0,14.59,6.59,5.49,4.4,3.74,3.3,2.21,3.74,4.38,1.57,94.02,Baixa,-9.07405,-36.6199,0.0,2615102
2615201,261520,Terra Nova,PE,Nordeste,2025,9231,5,1,0,1,5.42,10.83,0.0,10.83,10.55,14.2,17.84,20.03,21.49,25.13,20.03,14.58,5.23,81.92,Baixa,-8.14865,-39.417100000000005,0.0,2615201
2615300,261530,Timbaúba,PE,Nordeste,2025,47312,29,2,2,2,6.13,4.23,4.23,4.23,34.07,29.59,25.1,22.41,20.62,16.14,22.41,17.93,6.43,73.68,Baixa,-7.5192,-35.32125,0.0,2615300
2615409,261540,Toritama,PE,Nordeste,2025,43921,12,1,1,1,2.73,2.28,2.28,2.28,45.45,52.74,60.03,64.41,67.33,74.62,64.41,29.17,10.47,70.43,Alta,-8.00145,-36.0547,0.0,2615409
2615508,261550,Tracunhaém,PE,Nordeste,2025,14439,9,1,0,1,6.23,6.93,0.0,6.93,21.47,19.89,18.31,17.36,16.73,15.15,17.36,6.32,2.27,84.22,Baixa,-7.74795,-35.1719,0.0,2615508
2615607,261560,Trindade,PE,Nordeste,2025,32257,13,2,2,2,4.03,6.2,6.2,6.2,24.02,30.6,37.18,41.13,43.77,50.35,41.13,26.33,9.45,72.53,Moderada,-7.7054,-40.2984,0.0,2615607
2615706,261570,Triunfo,PE,Nordeste,2025,15141,7,1,1,1,4.62,6.6,6.6,6.6,22.87,26.84,30.82,33.21,34.8,38.77,33.21,15.9,5.71,78.96,Moderada,-7.8363499999999995,-38.074200000000005,0.0,2615706
2615805,261580,Tupanatinga,PE,Nordeste,2025,28141,13,1,0,1,4.62,3.55,0.0,3.55,38.54,38.62,38.71,38.76,38.79,38.88,38.76,0.34,0.12,85.33,Moderada,-8.674199999999999,-37.2465,0.0,2615805
2615904,261590,Tuparetama,PE,Nordeste,2025,8261,4,1,1,1,4.84,12.11,12.11,12.11,8.96,15.32,21.68,25.5,28.05,34.41,25.5,25.45,9.13,73.54,Moderada,-7.701650000000001,-37.257850000000005,0.0,2615904
2616001,261600,Venturosa,PE,Nordeste,2025,17563,9,1,1,1,5.12,5.69,5.69,5.69,26.05,26.92,27.79,28.31,28.66,29.53,28.31,3.48,1.25,84.34,Moderada,-8.5748,-36.8011,0.0,2616001
2616100,261610,Verdejante,PE,Nordeste,2025,9483,5,1,0,0,5.27,10.55,0.0,0.0,11.08,15.12,19.17,21.6,23.22,27.27,21.6,16.19,5.81,80.57,Baixa,-7.9514,-38.9904,0.0,2616100
2616183,261618,Vertente do Lério,PE,Nordeste,2025,7776,5,1,0,0,6.43,12.86,0.0,0.0,8.06,9.34,10.63,11.4,11.91,13.19,11.4,5.13,1.84,90.25,Baixa,-7.774850000000001,-35.816649999999996,0.0,2616183
2616209,261620,Vertentes,PE,Nordeste,2025,23127,8,1,1,0,3.46,4.32,4.32,0.0,33.69,40.72,47.75,51.96,54.77,61.8,51.96,28.11,10.09,70.57,Alta,-7.8900500000000005,-35.990899999999996,0.0,2616209
2616308,261630,Vicência,PE,Nordeste,2025,27151,14,1,0,1,5.16,3.68,0.0,3.68,37.93,35.68,33.42,32.07,31.17,28.92,32.07,9.01,3.23,78.85,Moderada,-7.665900000000001,-35.35375,0.0,2616308
2616407,261640,Vitória de Santo Antão,PE,Nordeste,2025,144243,46,5,5,2,3.19,3.47,3.47,1.39,39.08,45.98,52.89,57.03,59.8,66.7,57.03,27.63,9.91,72.37,Alta,-8.1633,-35.3136,0.0,2616407
2616506,261650,Xexéu,PE,Nordeste,2025,11699,2,1,0,1,1.71,8.55,0.0,8.55,16.24,34.47,52.7,63.64,70.93,89.16,63.64,72.91,26.16,27.07,Alta,-8.84255,-35.6529,0.0,2616506
2600401,260040,Água Preta,PE,Nordeste,2025,26981,17,1,1,1,6.3,3.71,3.71,3.71,37.66,31.86,26.05,22.57,20.25,14.45,22.57,23.21,8.33,69.84,Baixa,-8.67605,-35.47655,0.0,2600401
2600500,260050,Águas Belas,PE,Nordeste,2025,43822,25,1,0,1,5.7,2.28,0.0,2.28,45.41,39.29,33.16,29.49,27.04,20.91,29.49,24.5,8.79,68.78,Moderada,-9.1024,-37.03195,0.0,2600500
2200053,220005,Acauã,PI,Nordeste,2025,6323,3,0,0,0,4.74,0.0,0.0,0.0,99.98,84.14,68.3,58.8,52.46,36.62,58.8,63.36,22.74,36.62,Alta,-8.3309,-40.991299999999995,25.99,2207801
2200103,220010,Agricolândia,PI,Nordeste,2025,5016,5,1,1,1,9.97,19.94,19.94,19.94,3.21,3.02,2.84,2.72,2.65,2.46,2.72,0.75,0.27,97.22,Baixa,-5.7735,-42.68075,0.0,2200103
2200251,220025,Alagoinha do Piauí,PI,Nordeste,2025,6876,4,1,1,1,5.82,14.54,14.54,14.54,6.61,9.81,13.01,14.94,16.22,19.42,14.94,12.82,4.6,84.43,Baixa,-6.95355,-40.914699999999996,0.0,2200251
2200277,220027,Alegrete do Piauí,PI,Nordeste,2025,4707,3,0,0,0,6.37,0.0,0.0,0.0,99.98,78.4,56.81,43.86,35.23,13.64,43.86,86.34,30.98,13.64,Moderada,-7.2058,-40.78735,15.39,2210300
2200301,220030,Alto Longá,PI,Nordeste,2025,13729,7,1,0,0,5.1,7.28,0.0,0.0,19.35,22.01,24.66,26.26,27.32,29.98,26.26,10.63,3.81,82.21,Moderada,-5.3956,-42.1563,0.0,2200301
2200400,220040,Altos,PI,Nordeste,2025,50094,10,1,1,1,2.0,2.0,2.0,2.0,46.74,56.54,66.33,72.21,76.13,85.93,72.21,39.19,14.06,60.81,Alta,-5.0175,-42.45735,0.0,2200400
2200459,220045,Alvorada do Gurguéia,PI,Nordeste,2025,5474,3,0,0,0,5.48,0.0,0.0,0.0,99.98,81.02,62.05,50.67,43.09,24.12,50.67,75.86,27.22,24.13,Alta,-8.43955,-44.0195,28.81,2205904
2200509,220050,Amarante,PI,Nordeste,2025,17594,12,1,1,1,6.82,5.68,5.68,5.68,26.23,22.28,18.34,15.97,14.39,10.45,15.97,15.78,5.66,78.47,Baixa,-6.40285,-42.785849999999996,0.0,2200509
2200608,220060,Angical do Piauí,PI,Nordeste,2025,6991,9,1,1,1,12.87,14.3,14.3,14.3,6.79,5.23,3.68,2.75,2.13,0.57,2.75,6.21,2.23,93.57,Baixa,-6.08925,-42.747,0.0,2200608
2200806,220080,Antônio Almeida,PI,Nordeste,2025,3234,2,0,0,0,6.18,0.0,0.0,0.0,99.98,78.89,57.79,45.13,36.69,15.6,45.13,84.38,30.28,15.6,Moderada,-7.23785,-44.210350000000005,31.59,2205607
2200707,220070,Anísio de Abreu,PI,Nordeste,2025,9649,2,1,1,1,2.07,10.36,10.36,10.36,11.34,29.78,48.22,59.29,66.66,85.1,59.29,73.76,26.47,26.23,Alta,-9.244050000000001,-43.036500000000004,0.0,2200707
2200905,220090,Aroazes,PI,Nordeste,2025,5413,5,1,1,1,9.24,18.47,18.47,18.47,3.81,3.68,3.55,3.48,3.43,3.3,3.48,0.5,0.18,96.84,Baixa,-6.12205,-41.8472,0.0,2200905
2200954,220095,Aroeiras do Itaim,PI,Nordeste,2025,2777,1,0,0,0,3.6,0.0,0.0,0.0,99.98,89.63,79.29,73.08,68.94,58.59,73.08,41.39,14.85,58.6,Alta,-7.242900000000001,-41.538,19.5,2205003
2201002,220100,Arraial,PI,Nordeste,2025,4517,4,1,0,1,8.86,22.14,0.0,22.14,2.33,2.76,3.19,3.44,3.61,4.04,3.44,1.71,0.61,96.59,Baixa,-6.6495999999999995,-42.481300000000005,0.0,2201002
2201051,220105,Assunção do Piauí,PI,Nordeste,2025,7596,2,0,0,0,2.63,0.0,0.0,0.0,99.98,94.09,88.21,84.67,82.32,76.43,84.67,23.55,8.45,76.45,Muito alta,-5.8758,-41.06635,36.37,2311264
2201101,220110,Avelino Lopes,PI,Nordeste,2025,11118,5,1,1,1,4.5,8.99,8.99,8.99,14.75,21.36,27.97,31.93,34.57,41.18,31.93,26.42,9.48,72.46,Moderada,-10.208,-43.92475,0.0,2201101
2201150,220115,Baixa Grande do Ribeiro,PI,Nordeste,2025,13983,8,1,1,1,5.72,7.15,7.15,7.15,19.92,20.1,20.27,20.38,20.45,20.62,20.38,0.7,0.25,87.0,Baixa,-8.51535,-45.18825,0.0,2201150
2201176,220117,Barra D'Alcântara,PI,Nordeste,2025,4099,2,0,0,0,4.88,0.0,0.0,0.0,99.98,83.44,66.89,56.96,50.35,33.8,56.96,66.18,23.75,33.81,Alta,-6.53775,-42.10185,13.88,2206902
2201200,220120,Barras,PI,Nordeste,2025,49703,23,2,2,2,4.63,4.02,4.02,4.02,35.52,36.3,37.08,37.55,37.87,38.65,37.55,3.12,1.12,84.17,Moderada,-4.1537999999999995,-42.321650000000005,0.0,2201200
2201309,220130,Barreiras do Piauí,PI,Nordeste,2025,3336,2,0,0,0,6.0,0.0,0.0,0.0,99.98,79.34,58.71,46.32,38.07,17.43,46.32,82.55,29.62,17.43,Moderada,-10.025500000000001,-45.703649999999996,59.86,2204402
2201408,220140,Barro Duro,PI,Nordeste,2025,6731,4,1,0,0,5.94,14.86,0.0,0.0,6.34,9.26,12.19,13.94,15.11,18.04,13.94,11.7,4.2,85.42,Baixa,-5.8106,-42.50895,0.0,2201408
2201507,220150,Batalha,PI,Nordeste,2025,27129,2,1,0,1,0.74,3.69,0.0,3.69,37.86,52.61,67.36,76.21,82.11,96.86,76.21,59.0,21.17,40.99,Muito alta,-3.96225,-42.05605,0.0,2201507
2201556,220155,Bela Vista do Piauí,PI,Nordeste,2025,4225,0,0,0,0,0.0,0.0,0.0,0.0,99.98,99.98,99.98,99.98,99.98,99.98,99.98,0.0,0.0,100.0,Muito alta,-7.9972,-41.86255,27.82,2210805
2201572,220157,Belém do Piauí,PI,Nordeste,2025,3515,2,0,0,0,5.69,0.0,0.0,0.0,99.98,80.25,60.52,48.68,40.79,21.06,48.68,78.93,28.32,21.06,Moderada,-7.392250000000001,-40.9828,11.07,2207207
2201606,220160,Beneditinos,PI,Nordeste,2025,10093,14,1,0,1,13.87,9.91,0.0,9.91,11.87,9.0,6.13,4.41,3.26,0.39,4.41,11.47,4.12,88.53,Baixa,-5.516,-42.413650000000004,0.0,2201606
2201705,220170,Bertolínia,PI,Nordeste,2025,5715,1,1,0,1,1.75,17.5,0.0,17.5,4.52,25.56,46.6,59.22,67.64,88.67,59.22,84.15,30.19,15.83,Alta,-7.750249999999999,-43.85525,0.0,2201705
2201739,220173,Betânia do Piauí,PI,Nordeste,2025,6596,3,0,0,0,4.55,0.0,0.0,0.0,99.98,85.07,70.17,61.22,55.26,40.35,61.22,59.63,21.4,40.36,Alta,-8.1336,-40.759100000000004,18.85,2612554
2201770,220177,Boa Hora,PI,Nordeste,2025,7140,3,1,0,0,4.2,14.01,0.0,0.0,7.05,17.07,27.09,33.1,37.1,47.12,33.1,40.06,14.38,59.93,Moderada,-4.37415,-42.098200000000006,0.0,2201770
2201804,220180,Bocaina,PI,Nordeste,2025,4118,4,2,1,0,9.71,48.57,24.28,0.0,0.09,0.74,1.4,1.79,2.06,2.71,1.79,2.62,0.94,97.36,Baixa,-6.9049,-41.3061,0.0,2201804
2201903,220190,Bom Jesus,PI,Nordeste,2025,30658,12,1,1,1,3.91,3.26,3.26,3.26,40.15,43.21,46.27,48.1,49.32,52.38,48.1,12.22,4.39,78.38,Moderada,-9.264800000000001,-44.54705,0.0,2201903
2201919,220191,Bom Princípio do Piauí,PI,Nordeste,2025,5805,1,1,0,0,1.72,17.23,0.0,0.0,4.61,25.71,46.81,59.47,67.91,89.01,59.47,84.4,30.28,15.58,Alta,-3.1594499999999996,-41.6173,0.0,2201919
2201929,220192,Bonfim do Piauí,PI,Nordeste,2025,6117,2,0,0,0,3.27,0.0,0.0,0.0,99.98,91.25,82.53,77.29,73.8,65.07,77.29,34.91,12.53,65.08,Muito alta,-9.184750000000001,-42.88865,17.52,2200707
2201945,220194,Boqueirão do Piauí,PI,Nordeste,2025,6751,3,0,0,0,4.44,0.0,0.0,0.0,99.98,85.52,71.06,62.38,56.59,42.13,62.38,57.85,20.76,42.14,Alta,-4.5381,-42.13305,18.64,2201770
2201960,220196,Brasileira,PI,Nordeste,2025,8684,4,1,0,1,4.61,11.52,0.0,11.52,9.69,17.04,24.39,28.79,31.73,39.08,28.79,29.38,10.54,70.43,Moderada,-4.1269,-41.61715,0.0,2201960
2201988,220198,Brejo do Piauí,PI,Nordeste,2025,3964,2,0,0,0,5.05,0.0,0.0,0.0,99.98,82.67,65.36,54.97,48.04,30.73,54.97,69.25,24.85,30.74,Alta,-8.36675,-42.8227,50.54,2202307
2202000,220200,Buriti dos Lopes,PI,Nordeste,2025,20130,11,1,1,1,5.46,4.97,4.97,4.97,30.46,28.98,27.5,26.61,26.02,24.54,26.61,5.92,2.13,81.89,Moderada,-3.2710999999999997,-41.82115,0.0,2202000
2202026,220202,Buriti dos Montes,PI,Nordeste,2025,7517,2,1,0,1,2.66,13.3,0.0,13.3,7.56,24.64,41.73,51.98,58.81,75.89,51.98,68.34,24.52,31.65,Alta,-5.1244,-41.20475,0.0,2202026
2202059,220205,Cabeceiras do Piauí,PI,Nordeste,2025,10466,4,0,0,0,3.82,0.0,0.0,0.0,99.98,88.49,76.99,70.09,65.49,53.99,70.09,45.99,16.5,54.0,Alta,-4.44275,-42.353750000000005,23.12,2205557
2202075,220207,Cajazeiras do Piauí,PI,Nordeste,2025,3135,2,0,0,0,6.38,0.0,0.0,0.0,99.98,78.38,56.79,43.83,35.19,13.59,43.83,86.39,31.0,13.59,Moderada,-6.7888,-42.463049999999996,15.61,2201002
2202083,220208,Cajueiro da Praia,PI,Nordeste,2025,8246,2,0,0,0,2.43,0.0,0.0,0.0,99.98,94.92,89.86,86.82,84.8,79.73,86.82,20.25,7.27,79.75,Muito alta,-2.9913499999999997,-41.3488,15.55,2303907
2202091,220209,Caldeirão Grande do Piauí,PI,Nordeste,2025,5602,5,0,0,0,8.93,0.0,0.0,0.0,99.98,75.96,51.94,37.53,27.92,3.9,37.53,96.09,34.48,3.9,Moderada,-7.3215,-40.61805,16.15,2205953
2202109,220210,Campinas do Piauí,PI,Nordeste,2025,4964,5,0,0,0,10.07,0.0,0.0,0.0,99.98,75.57,51.16,36.51,26.75,2.33,36.51,97.65,35.04,2.33,Moderada,-7.67905,-41.89335,14.92,2210805
2202117,220211,Campo Alegre do Fidalgo,PI,Nordeste,2025,4698,3,0,0,0,6.39,0.0,0.0,0.0,99.98,78.37,56.77,43.8,35.16,13.55,43.8,86.43,31.01,13.55,Moderada,-8.24435,-41.80735,45.45,2202802
2202133,220213,Campo Grande do Piauí,PI,Nordeste,2025,6211,3,0,0,0,4.83,0.0,0.0,0.0,99.98,83.65,67.31,57.51,50.98,34.64,57.51,65.34,23.44,34.65,Alta,-7.177099999999999,-41.06745,22.45,2204204
2202174,220217,Campo Largo do Piauí,PI,Nordeste,2025,7669,4,0,0,0,5.22,0.0,0.0,0.0,99.98,82.03,64.07,53.3,46.12,28.16,53.3,71.82,25.77,28.17,Alta,-3.8684000000000003,-42.53635,18.08,2206803
2202208,220220,Campo Maior,PI,Nordeste,2025,47119,18,6,6,3,3.82,12.73,12.73,6.37,8.26,19.71,31.16,38.03,42.61,54.07,38.03,45.81,16.44,54.18,Moderada,-4.85935,-42.12885,0.0,2202208
2202251,220225,Canavieira,PI,Nordeste,2025,3404,2,1,1,1,5.88,29.38,29.38,29.38,1.06,5.48,9.91,12.56,14.33,18.76,12.56,17.7,6.35,82.3,Baixa,-7.584099999999999,-43.5441,0.0,2202251
2202307,220230,Canto do Buriti,PI,Nordeste,2025,19639,9,1,1,1,4.58,5.09,5.09,5.09,29.89,32.31,34.74,36.2,37.17,39.6,36.2,9.71,3.48,81.35,Moderada,-8.3333,-43.2808,0.0,2202307
2202455,220245,Capitão Gervásio Oliveira,PI,Nordeste,2025,4071,2,0,0,0,4.91,0.0,0.0,0.0,99.98,83.28,66.58,56.56,49.87,33.17,56.56,66.81,23.97,33.18,Alta,-8.529599999999999,-41.93265,42.98,2210003
2202406,220240,Capitão de Campos,PI,Nordeste,2025,11362,5,1,1,1,4.4,8.8,8.8,8.8,15.4,22.31,29.21,33.36,36.12,43.03,33.36,27.63,9.91,71.69,Moderada,-4.52565,-41.9093,0.0,2202406
2202505,220250,Caracol,PI,Nordeste,2025,10546,3,1,1,1,2.84,9.48,9.48,9.48,12.78,27.69,42.6,51.54,57.5,72.41,51.54,59.63,21.4,40.36,Alta,-9.0741,-43.36495,0.0,2202505
2202539,220253,Caraúbas do Piauí,PI,Nordeste,2025,5581,1,0,0,0,1.79,0.0,0.0,0.0,99.98,97.05,94.12,92.36,91.19,88.26,92.36,11.72,4.21,88.28,Muito alta,-3.5883000000000003,-41.80775,31.99,2205409
2202554,220255,Caridade do Piauí,PI,Nordeste,2025,5176,3,0,0,0,5.8,0.0,0.0,0.0,99.98,79.88,59.78,47.72,39.68,19.58,47.72,80.4,28.85,19.59,Moderada,-7.71155,-40.94845,20.48,2210706
2202604,220260,Castelo do Piauí,PI,Nordeste,2025,19669,8,1,1,1,4.07,5.08,5.08,5.08,29.92,34.83,39.73,42.68,44.64,49.54,42.68,19.62,7.04,75.58,Moderada,-5.30655,-41.553399999999996,0.0,2202604
2202653,220265,Caxingó,PI,Nordeste,2025,5682,3,0,0,0,5.28,0.0,0.0,0.0,99.98,81.78,63.58,52.66,45.38,27.18,52.66,72.81,26.12,27.18,Alta,-3.3931,-41.8675,14.51,2202000
2202703,220270,Cocal,PI,Nordeste,2025,29302,8,1,1,1,2.73,3.41,3.41,3.41,39.29,48.13,56.97,62.28,65.81,74.65,62.28,35.36,12.69,64.63,Alta,-3.42915,-41.5248,0.0,2202703
2202711,220271,Cocal de Telha,PI,Nordeste,2025,5046,4,0,0,0,7.93,0.0,0.0,0.0,99.98,76.49,53.01,38.91,29.52,6.03,38.91,93.95,33.71,6.03,Moderada,-4.61495,-41.951,10.95,2202406
2202729,220272,Cocal dos Alves,PI,Nordeste,2025,6596,3,0,0,0,4.55,0.0,0.0,0.0,99.98,85.07,70.17,61.22,55.26,40.35,61.22,59.63,21.4,40.36,Alta,-3.6459,-41.42775,26.4,2202703
2202737,220273,Coivaras,PI,Nordeste,2025,4249,1,0,0,0,2.35,0.0,0.0,0.0,99.98,95.21,90.44,87.58,85.67,80.9,87.58,19.08,6.85,80.92,Muito alta,-5.117900000000001,-42.27055,23.51,2200400
2202752,220275,Colônia do Gurguéia,PI,Nordeste,2025,6294,5,0,0,0,7.94,0.0,0.0,0.0,99.98,76.49,53.0,38.9,29.51,6.01,38.9,93.97,33.72,6.01,Moderada,-8.15385,-43.6708,23.87,2203602
2202778,220277,Colônia do Piauí,PI,Nordeste,2025,7067,3,1,1,1,4.25,14.15,14.15,14.15,6.95,16.83,26.71,32.64,36.59,46.47,32.64,39.53,14.18,60.47,Moderada,-7.27245,-42.1567,0.0,2202778
2202802,220280,Conceição do Canindé,PI,Nordeste,2025,5078,1,1,1,0,1.97,19.69,19.69,0.0,3.3,24.05,44.8,57.25,65.55,86.3,57.25,83.0,29.78,16.98,Alta,-7.918100000000001,-41.5587,0.0,2202802
2202851,220285,Coronel José Dias,PI,Nordeste,2025,4291,2,0,0,0,4.66,0.0,0.0,0.0,99.98,84.51,69.05,59.76,53.58,38.11,59.76,61.87,22.2,38.11,Alta,-8.95865,-42.33655,35.51,2210607
2202901,220290,Corrente,PI,Nordeste,2025,28381,13,1,1,1,4.58,3.52,3.52,3.52,38.7,38.94,39.18,39.32,39.41,39.65,39.32,0.95,0.34,84.92,Moderada,-10.392900000000001,-45.14255,0.0,2202901
2203008,220300,Cristalândia do Piauí,PI,Nordeste,2025,7431,4,2,2,2,5.38,26.91,26.91,26.91,1.35,7.39,13.43,17.05,19.47,25.51,17.05,24.16,8.67,75.83,Baixa,-10.7593,-45.13915,0.0,2203008
2203107,220310,Cristino Castro,PI,Nordeste,2025,10801,9,1,0,0,8.33,9.26,0.0,0.0,13.84,11.7,9.56,8.27,7.42,5.28,8.27,8.56,3.07,87.86,Baixa,-8.80125,-43.9942,0.0,2203107
2203206,220320,Curimatá,PI,Nordeste,2025,11581,5,1,1,1,4.32,8.63,8.63,8.63,16.01,23.22,30.43,34.75,37.63,44.84,34.75,28.83,10.34,70.86,Moderada,-9.974699999999999,-44.35615,0.0,2203206
2203230,220323,Currais,PI,Nordeste,2025,4977,2,0,0,0,4.02,0.0,0.0,0.0,99.98,87.65,75.32,67.92,62.99,50.66,67.92,49.33,17.7,50.66,Alta,-8.7336,-44.6944,36.22,2207405
2203271,220327,Curral Novo do Piauí,PI,Nordeste,2025,5191,5,0,0,0,9.63,0.0,0.0,0.0,99.98,75.69,51.39,36.81,27.1,2.8,36.81,97.18,34.87,2.8,Moderada,-7.8831500000000005,-40.751450000000006,19.88,2210706
2203255,220325,Curralinhos,PI,Nordeste,2025,4555,3,0,0,0,6.59,0.0,0.0,0.0,99.98,78.05,56.12,42.96,34.19,12.26,42.96,87.72,31.48,12.26,Moderada,-5.6029,-42.854749999999996,27.03,2200103
2203305,220330,Demerval Lobão,PI,Nordeste,2025,17139,7,1,1,1,4.08,5.83,5.83,5.83,25.31,31.32,37.34,40.94,43.35,49.36,40.94,24.05,8.63,73.63,Moderada,-5.337300000000001,-42.6739,0.0,2203305
2203354,220335,Dirceu Arcoverde,PI,Nordeste,2025,7259,1,1,0,1,1.38,13.78,0.0,13.78,7.22,28.55,49.88,62.68,71.22,92.55,62.68,85.33,30.62,14.65,Alta,-9.3446,-42.466300000000004,0.0,2203354
2203404,220340,Dom Expedito Lopes,PI,Nordeste,2025,6410,3,0,0,0,4.68,0.0,0.0,0.0,99.98,84.44,68.89,59.57,53.35,37.8,59.57,62.18,22.31,37.81,Alta,-6.9663,-41.71115,20.88,2204808
2203453,220345,Dom Inocêncio,PI,Nordeste,2025,9332,5,0,0,0,5.36,0.0,0.0,0.0,99.98,81.45,62.92,51.8,44.38,25.85,51.8,74.13,26.6,25.85,Alta,-8.922699999999999,-41.82415,68.57,2907202
2203420,220342,Domingos Mourão,PI,Nordeste,2025,4129,1,0,0,0,2.42,0.0,0.0,0.0,99.98,94.94,89.89,86.87,84.85,79.81,86.87,20.18,7.24,79.82,Muito alta,-4.2867,-41.31155,30.77,2207900
2203503,220350,Elesbão Veloso,PI,Nordeste,2025,13743,7,1,1,1,5.09,7.28,7.28,7.28,19.37,22.04,24.71,26.31,27.38,30.05,26.31,10.68,3.83,82.15,Moderada,-6.1993,-42.2042,0.0,2203503
2203602,220360,Eliseu Martins,PI,Nordeste,2025,4421,4,1,1,1,9.05,22.62,22.62,22.62,2.14,2.52,2.9,3.13,3.28,3.66,3.13,1.53,0.55,96.86,Baixa,-7.94045,-43.6472,0.0,2203602
2203701,220370,Esperantina,PI,Nordeste,2025,42710,22,2,2,2,5.15,4.68,4.68,4.68,31.84,31.14,30.43,30.01,29.73,29.03,30.01,2.82,1.01,83.55,Moderada,-3.7948,-42.18655,0.0,2203701
2203750,220375,Fartura do Piauí,PI,Nordeste,2025,5426,2,0,0,0,3.69,0.0,0.0,0.0,99.98,89.22,78.46,72.0,67.7,56.94,72.0,43.04,15.45,56.95,Alta,-9.4803,-42.7812,37.7,2203354
2203800,220380,Flores do Piauí,PI,Nordeste,2025,4512,3,1,1,1,6.65,22.16,22.16,22.16,2.3,4.66,7.03,8.45,9.39,11.76,8.45,9.46,3.39,89.46,Baixa,-7.64855,-42.8689,0.0,2203800
2203859,220385,Floresta do Piauí,PI,Nordeste,2025,2354,4,0,0,0,16.99,0.0,0.0,0.0,99.98,75.01,50.04,35.06,25.08,0.11,35.06,99.87,35.84,0.11,Moderada,-7.45135,-41.79615,22.64,2211704
2203909,220390,Floriano,PI,Nordeste,2025,64393,26,4,3,2,4.04,6.21,4.66,3.11,24.0,30.56,37.13,41.07,43.7,50.26,41.07,26.26,9.42,72.59,Moderada,-7.003399999999999,-43.117450000000005,0.0,2203909
2204006,220400,Francinópolis,PI,Nordeste,2025,4481,3,1,1,1,6.69,22.32,22.32,22.32,2.17,4.47,6.78,8.16,9.08,11.38,8.16,9.21,3.3,89.73,Baixa,-6.41655,-42.23765,0.0,2204006
2204105,220410,Francisco Ayres,PI,Nordeste,2025,4548,2,1,1,1,4.4,21.99,21.99,21.99,2.42,12.6,22.77,28.87,32.94,43.12,28.87,40.69,14.6,59.3,Moderada,-6.6785499999999995,-42.72695,0.0,2204105
2204154,220415,Francisco Macedo,PI,Nordeste,2025,2985,1,0,0,0,3.35,0.0,0.0,0.0,99.98,90.88,81.77,76.31,72.67,63.56,76.31,36.42,13.07,63.57,Muito alta,-7.3331,-40.790000000000006,11.49,2207207
2204204,220420,Francisco Santos,PI,Nordeste,2025,8349,5,1,1,1,5.99,11.98,11.98,11.98,9.08,11.21,13.33,14.6,15.45,17.57,14.6,8.49,3.05,86.97,Baixa,-7.004149999999999,-41.17245,0.0,2204204
2204303,220430,Fronteiras,PI,Nordeste,2025,10344,11,1,1,1,10.63,9.67,9.67,9.67,12.22,9.62,7.02,5.46,4.42,1.81,5.46,10.41,3.74,88.69,Baixa,-7.0809,-40.60745,0.0,2204303
2204352,220435,Geminiano,PI,Nordeste,2025,5604,3,0,0,0,5.35,0.0,0.0,0.0,99.98,81.48,62.98,51.88,44.48,25.97,51.88,74.01,26.56,25.98,Alta,-7.2031,-41.327600000000004,24.06,2208007
2204402,220440,Gilbués,PI,Nordeste,2025,11193,3,1,1,1,2.68,8.93,8.93,8.93,14.9,30.06,45.23,54.32,60.39,75.55,54.32,60.65,21.76,39.34,Alta,-9.5785,-45.399150000000006,0.0,2204402
2204501,220450,Guadalupe,PI,Nordeste,2025,10480,5,1,1,1,4.77,9.54,9.54,9.54,12.57,18.43,24.29,27.8,30.15,36.01,27.8,23.44,8.41,74.6,Moderada,-6.8422,-43.70955,0.0,2204501
2204550,220455,Guaribas,PI,Nordeste,2025,4344,1,0,0,0,2.3,0.0,0.0,0.0,99.98,95.45,90.91,88.19,86.37,81.83,88.19,18.15,6.51,81.85,Muito alta,-9.084900000000001,-43.686,35.27,2202505
2204600,220460,Hugo Napoleão,PI,Nordeste,2025,3550,3,0,0,0,8.45,0.0,0.0,0.0,99.98,76.23,52.48,38.23,28.72,4.97,38.23,95.01,34.09,4.97,Moderada,-6.0435,-42.492149999999995,18.67,2209807
2204659,220465,Ilha Grande,PI,Nordeste,2025,9522,6,0,0,0,6.3,0.0,0.0,0.0,99.98,78.59,57.21,44.37,35.82,14.43,44.37,85.55,30.7,14.43,Moderada,-2.83645,-41.81075,12.8,2207702
2204709,220470,Inhuma,PI,Nordeste,2025,15268,9,1,0,1,5.89,6.55,0.0,6.55,23.07,21.92,20.78,20.09,19.63,18.49,20.09,4.58,1.64,84.15,Baixa,-6.6812000000000005,-41.703599999999994,0.0,2204709
2204808,220480,Ipiranga do Piauí,PI,Nordeste,2025,9627,5,1,0,0,5.19,10.39,0.0,0.0,11.29,15.59,19.89,22.47,24.19,28.49,22.47,17.2,6.17,79.77,Baixa,-6.787800000000001,-41.76975,0.0,2204808
2204907,220490,Isaías Coelho,PI,Nordeste,2025,7867,5,1,1,1,6.36,12.71,12.71,12.71,8.27,9.67,11.07,11.9,12.46,13.86,11.9,5.58,2.0,89.71,Baixa,-7.6153,-41.61925,0.0,2204907
2205003,220500,Itainópolis,PI,Nordeste,2025,10969,1,1,1,1,0.91,9.12,9.12,9.12,14.4,34.76,55.13,67.36,75.5,95.87,67.36,81.48,29.23,18.51,Alta,-7.406750000000001,-41.4749,0.0,2205003
2205102,220510,Itaueira,PI,Nordeste,2025,10477,6,1,1,1,5.73,9.54,9.54,9.54,12.55,14.54,16.54,17.74,18.54,20.53,17.74,7.99,2.87,85.73,Baixa,-7.47815,-43.1528,0.0,2205102
2205151,220515,Jacobina do Piauí,PI,Nordeste,2025,5711,3,0,0,0,5.25,0.0,0.0,0.0,99.98,81.87,63.75,52.88,45.63,27.52,52.88,72.46,26.0,27.52,Alta,-7.9125,-41.23875,28.14,2207801
2205201,220520,Jaicós,PI,Nordeste,2025,17789,11,1,1,1,6.18,5.62,5.62,5.62,26.58,23.84,21.1,19.46,18.36,15.62,19.46,10.97,3.94,79.96,Baixa,-7.4098500000000005,-41.19265,0.0,2205201
2205250,220525,Jardim do Mulato,PI,Nordeste,2025,4235,9,0,0,0,21.25,0.0,0.0,0.0,99.98,75.0,50.01,35.02,25.02,0.04,35.02,99.95,35.86,0.04,Moderada,-6.1352,-42.512150000000005,21.02,2209807
2205276,220527,Jatobá do Piauí,PI,Nordeste,2025,4560,5,0,0,0,10.96,0.0,0.0,0.0,99.98,75.35,50.72,35.94,26.09,1.45,35.94,98.53,35.35,1.45,Moderada,-4.85405,-41.9152,23.68,2202208
2205300,220530,Jerumenha,PI,Nordeste,2025,4606,2,1,1,1,4.34,21.71,21.71,21.71,2.46,12.92,23.38,29.66,33.84,44.3,29.66,41.84,15.01,58.15,Moderada,-7.11275,-43.5113,0.0,2205300
2205409,220540,Joaquim Pires,PI,Nordeste,2025,14265,8,1,1,1,5.61,7.01,7.01,7.01,20.82,21.16,21.5,21.71,21.85,22.19,21.71,1.36,0.49,86.46,Baixa,-3.51335,-42.086,0.0,2205409
2205458,220545,Joca Marques,PI,Nordeste,2025,5552,3,1,0,0,5.4,18.01,0.0,0.0,4.04,9.35,14.66,17.84,19.96,25.27,17.84,21.23,7.62,78.26,Baixa,-3.54075,-42.428399999999996,0.0,2205458
2205508,220550,José de Freitas,PI,Nordeste,2025,44689,22,1,0,1,4.92,2.24,0.0,2.24,45.67,42.49,39.31,37.4,36.13,32.96,37.4,12.71,4.56,77.61,Moderada,-4.695399999999999,-42.5422,0.0,2205508
2205359,220535,João Costa,PI,Nordeste,2025,3033,2,0,0,0,6.59,0.0,0.0,0.0,99.98,78.04,56.09,42.93,34.15,12.21,42.93,87.78,31.5,12.21,Moderada,-8.5516,-42.44615,31.78,2210003
2205516,220551,Juazeiro do Piauí,PI,Nordeste,2025,5308,2,0,0,0,3.77,0.0,0.0,0.0,99.98,88.77,77.55,70.82,66.34,55.12,70.82,44.86,16.1,55.13,Alta,-4.9675,-41.56335,37.72,2202604
2205532,220553,Jurema,PI,Nordeste,2025,4501,1,1,0,0,2.22,22.22,0.0,0.0,2.26,22.46,42.65,54.77,62.84,83.04,54.77,80.78,28.98,19.21,Alta,-9.059149999999999,-43.1502,0.0,2205532
2205524,220552,Júlio Borges,PI,Nordeste,2025,5501,1,0,0,0,1.82,0.0,0.0,0.0,99.98,96.97,93.95,92.14,90.94,87.92,92.14,12.06,4.33,87.94,Muito alta,-10.4175,-44.1689,35.44,2201101
2205557,220555,Lagoa Alegre,PI,Nordeste,2025,8464,2,1,1,1,2.36,11.81,11.81,11.81,9.32,27.19,45.06,55.79,62.94,80.81,55.79,71.5,25.65,28.49,Alta,-4.4845500000000005,-42.55805,0.0,2205557
2205573,220557,Lagoa de São Francisco,PI,Nordeste,2025,6446,3,0,0,0,4.65,0.0,0.0,0.0,99.98,84.53,69.08,59.81,53.63,38.18,59.81,61.8,22.18,38.19,Alta,-4.3583,-41.584450000000004,19.7,2208403
2205565,220556,Lagoa do Barro do Piauí,PI,Nordeste,2025,5171,2,0,0,0,3.87,0.0,0.0,0.0,99.98,88.26,76.54,69.51,64.82,53.1,69.51,46.89,16.82,53.11,Alta,-8.546949999999999,-41.568,56.45,2600203
2205581,220558,Lagoa do Piauí,PI,Nordeste,2025,5017,2,0,0,0,3.99,0.0,0.0,0.0,99.98,87.77,75.56,68.23,63.35,51.14,68.23,48.84,17.53,51.15,Alta,-5.4526,-42.60205,15.09,2203305
2205599,220559,Lagoa do Sítio,PI,Nordeste,2025,4559,4,0,0,0,8.77,0.0,0.0,0.0,99.98,76.04,52.1,37.74,28.16,4.22,37.74,95.76,34.36,4.22,Moderada,-6.49505,-41.47695,26.43,2208106
2205540,220554,Lagoinha do Piauí,PI,Nordeste,2025,3044,1,0,0,0,3.29,0.0,0.0,0.0,99.98,91.2,82.43,77.16,73.65,64.87,77.16,35.11,12.6,64.88,Muito alta,-5.81325,-42.6315,7.02,2200103
2205607,220560,Landri Sales,PI,Nordeste,2025,5309,3,1,1,1,5.65,18.84,18.84,18.84,3.59,8.08,12.57,15.27,17.07,21.56,15.27,17.97,6.45,81.15,Baixa,-7.3139,-43.9344,0.0,2205607
2205805,220580,Luzilândia,PI,Nordeste,2025,26143,15,1,1,1,5.74,3.83,3.83,3.83,36.91,32.77,28.63,26.15,24.49,20.36,26.15,16.55,5.94,73.55,Moderada,-3.599,-42.37905,0.0,2205805
2205706,220570,Luís Correia,PI,Nordeste,2025,31901,15,1,0,0,4.7,3.13,0.0,0.0,40.73,39.89,39.05,38.55,38.21,37.37,38.55,3.36,1.2,83.72,Moderada,-3.10715,-41.484,0.0,2205706
2205854,220585,Madeiro,PI,Nordeste,2025,8231,5,0,0,0,6.07,0.0,0.0,0.0,99.98,79.14,58.3,45.8,37.46,16.62,45.8,83.36,29.91,16.62,Moderada,-3.55605,-42.5376,12.24,2205458
2205904,220590,Manoel Emídio,PI,Nordeste,2025,5315,4,1,1,1,7.53,18.81,18.81,18.81,3.61,4.54,5.47,6.02,6.39,7.32,6.02,3.72,1.33,93.79,Baixa,-8.18955,-44.0882,0.0,2205904
2205953,220595,Marcolândia,PI,Nordeste,2025,8822,3,1,1,0,3.4,11.34,11.34,0.0,9.91,23.1,36.3,44.21,49.49,62.68,44.21,52.77,18.94,47.22,Moderada,-7.41705,-40.72835,0.0,2205953
2206001,220600,Marcos Parente,PI,Nordeste,2025,4863,2,1,0,1,4.11,20.56,0.0,20.56,2.91,14.39,25.88,32.77,37.36,48.84,32.77,45.93,16.48,54.06,Moderada,-7.0823,-43.8863,0.0,2206001
2206050,220605,Massapê do Piauí,PI,Nordeste,2025,5165,4,0,0,0,7.74,0.0,0.0,0.0,99.98,76.64,53.3,39.3,29.96,6.62,39.3,93.36,33.5,6.62,Moderada,-7.5352,-41.09025,17.94,2205201
2206100,220610,Matias Olímpio,PI,Nordeste,2025,10886,1,1,1,1,0.92,9.19,9.19,9.19,14.07,34.5,54.94,67.2,75.37,95.8,67.2,81.73,29.33,18.26,Alta,-3.7074499999999997,-42.586,0.0,2206100
2206209,220620,Miguel Alves,PI,Nordeste,2025,33074,11,1,1,1,3.33,3.02,3.02,3.02,41.54,47.19,52.84,56.23,58.49,64.14,56.23,22.6,8.11,76.36,Alta,-4.2031,-42.7672,0.0,2206209
2206308,220630,Miguel Leão,PI,Nordeste,2025,1355,5,0,0,0,36.9,0.0,0.0,0.0,99.98,74.99,49.99,34.99,25.0,0.0,34.99,99.98,35.88,0.0,Moderada,-5.709849999999999,-42.7087,7.72,2200103
2206357,220635,Milton Brandão,PI,Nordeste,2025,6681,3,0,0,0,4.49,0.0,0.0,0.0,99.98,85.32,70.66,61.86,56.0,41.34,61.86,58.64,21.04,41.35,Alta,-4.72,-41.522400000000005,22.78,2207900
2206407,220640,Monsenhor Gil,PI,Nordeste,2025,10513,5,1,0,1,4.76,9.51,0.0,9.51,12.69,18.6,24.51,28.06,30.42,36.33,28.06,23.64,8.48,74.43,Moderada,-5.6139,-42.6032,0.0,2206407
2206506,220650,Monsenhor Hipólito,PI,Nordeste,2025,7762,7,1,1,1,9.02,12.88,12.88,12.88,8.01,6.93,5.86,5.22,4.79,3.72,5.22,4.29,1.54,92.96,Baixa,-6.94085,-41.04325,0.0,2206506
2206605,220660,Monte Alegre do Piauí,PI,Nordeste,2025,10928,4,1,1,1,3.66,9.15,9.15,9.15,14.18,24.98,35.78,42.26,46.58,57.39,42.26,43.21,15.5,56.79,Moderada,-9.577100000000002,-44.9968,0.0,2206605
2206654,220665,Morro Cabeça no Tempo,PI,Nordeste,2025,4456,1,0,0,0,2.24,0.0,0.0,0.0,99.98,95.64,91.29,88.69,86.95,82.61,88.69,17.38,6.23,82.62,Muito alta,-9.7615,-43.92025,49.65,2201101
2206670,220667,Morro do Chapéu do Piauí,PI,Nordeste,2025,6548,5,0,0,0,7.64,0.0,0.0,0.0,99.98,76.72,53.46,39.5,30.19,6.93,39.5,93.05,33.39,6.93,Moderada,-3.69555,-42.27355,14.66,2203701
2206696,220669,Murici dos Portelas,PI,Nordeste,2025,10210,3,0,0,0,2.94,0.0,0.0,0.0,99.98,92.73,85.48,81.13,78.23,70.97,81.13,29.01,10.41,70.99,Muito alta,-3.3612,-42.01685,13.42,2106300
2206704,220670,Nazaré do Piauí,PI,Nordeste,2025,6697,8,1,1,1,11.95,14.93,14.93,14.93,6.3,4.94,3.57,2.75,2.21,0.84,2.75,5.46,1.96,94.09,Baixa,-7.0772,-42.7556,0.0,2206704
2206720,220672,Nazária,PI,Nordeste,2025,10821,4,0,0,0,3.7,0.0,0.0,0.0,99.98,89.14,78.3,71.79,67.46,56.61,71.79,43.37,15.56,56.62,Alta,-5.43985,-42.87845,25.35,2203305
2206753,220675,Nossa Senhora de Nazaré,PI,Nordeste,2025,5442,3,0,0,0,5.51,0.0,0.0,0.0,99.98,80.91,61.83,50.38,42.75,23.68,50.38,76.31,27.38,23.68,Alta,-4.6407,-42.18815,25.19,2202208
2206803,220680,Nossa Senhora dos Remédios,PI,Nordeste,2025,8751,5,1,1,1,5.71,11.43,11.43,11.43,9.76,12.51,15.25,16.89,17.99,20.73,16.89,10.97,3.94,84.72,Baixa,-4.0152,-42.606350000000006,0.0,2206803
2207959,220795,Nova Santa Rita,PI,Nordeste,2025,4142,2,0,0,0,4.83,0.0,0.0,0.0,99.98,83.66,67.34,57.55,51.02,34.7,57.55,65.28,23.43,34.7,Alta,-8.116,-42.0093,36.81,2210003
2206902,220690,Novo Oriente do Piauí,PI,Nordeste,2025,6158,3,1,0,0,4.87,16.24,0.0,0.0,5.35,12.49,19.63,23.91,26.77,33.91,23.91,28.56,10.25,71.44,Baixa,-6.47755,-41.991749999999996,0.0,2206902
2206951,220695,Novo Santo Antônio,PI,Nordeste,2025,2888,4,0,0,0,13.85,0.0,0.0,0.0,99.98,75.09,50.2,35.26,25.31,0.41,35.26,99.57,35.73,0.41,Moderada,-5.2873,-41.91575,29.23,2200301
2207009,220700,Oeiras,PI,Nordeste,2025,39687,21,3,3,3,5.29,7.56,7.56,7.56,18.58,20.67,22.77,24.03,24.87,26.96,24.03,8.38,3.01,83.75,Baixa,-6.9677500000000006,-42.2526,0.0,2207009
2207108,220710,Olho D'Água do Piauí,PI,Nordeste,2025,2730,6,0,0,0,21.98,0.0,0.0,0.0,99.98,74.99,50.0,35.01,25.01,0.02,35.01,99.96,35.87,0.02,Moderada,-5.82835,-42.54,3.96,2201408
2207207,220720,Padre Marcos,PI,Nordeste,2025,6468,6,1,1,1,9.28,15.46,15.46,15.46,5.85,5.19,4.53,4.14,3.87,3.21,4.14,2.64,0.95,94.92,Baixa,-7.3791,-40.883250000000004,0.0,2207207
2207306,220730,Paes Landim,PI,Nordeste,2025,4176,1,1,1,1,2.39,23.95,23.95,23.95,1.85,21.47,41.09,52.86,60.71,80.33,52.86,78.48,28.16,21.51,Alta,-7.83565,-42.288349999999994,0.0,2207306
2207355,220735,Pajeú do Piauí,PI,Nordeste,2025,3032,4,0,0,0,13.19,0.0,0.0,0.0,99.98,75.11,50.24,35.32,25.37,0.5,35.32,99.48,35.69,0.5,Moderada,-7.8634,-42.874700000000004,23.9,2203800
2207405,220740,Palmeira do Piauí,PI,Nordeste,2025,5047,4,1,0,1,7.93,19.81,0.0,19.81,3.27,3.97,4.67,5.09,5.37,6.07,5.09,2.8,1.0,94.88,Baixa,-8.5319,-44.43575,0.0,2207405
2207504,220750,Palmeirais,PI,Nordeste,2025,13458,8,1,0,1,5.94,7.43,0.0,7.43,18.88,18.66,18.43,18.3,18.21,17.99,18.3,0.9,0.32,87.61,Baixa,-5.8406,-42.922799999999995,0.0,2207504
2207553,220755,Paquetá,PI,Nordeste,2025,3873,1,0,0,0,2.58,0.0,0.0,0.0,99.98,94.29,88.6,85.19,82.91,77.22,85.19,22.76,8.17,77.24,Muito alta,-7.16275,-41.70015,10.55,2209104
2207603,220760,Parnaguá,PI,Nordeste,2025,10282,6,1,1,1,5.84,9.73,9.73,9.73,12.08,13.87,15.66,16.74,17.45,19.24,16.74,7.16,2.57,86.43,Baixa,-10.311150000000001,-44.5587,0.0,2207603
2207702,220770,Parnaíba,PI,Nordeste,2025,170491,36,7,4,4,2.11,4.11,2.35,2.35,34.79,47.22,59.65,67.11,72.08,84.51,67.11,49.72,17.84,50.27,Alta,-2.9395,-41.75935,0.0,2207702
2207751,220775,Passagem Franca do Piauí,PI,Nordeste,2025,4222,2,0,0,0,4.74,0.0,0.0,0.0,99.98,84.18,68.37,58.89,52.57,36.76,58.89,63.22,22.68,36.77,Alta,-5.89695,-42.415000000000006,14.15,2201408
2207777,220777,Patos do Piauí,PI,Nordeste,2025,5427,7,0,0,0,12.9,0.0,0.0,0.0,99.98,75.13,50.27,35.36,25.41,0.56,35.36,99.43,35.68,0.56,Moderada,-7.66445,-41.270849999999996,29.59,2205201
2207793,220779,Pau D'Arco do Piauí,PI,Nordeste,2025,3979,4,0,0,0,10.05,0.0,0.0,0.0,99.98,75.57,51.17,36.52,26.76,2.35,36.52,97.63,35.03,2.35,Moderada,-5.251049999999999,-42.464,25.14,2203305
2207801,220780,Paulistana,PI,Nordeste,2025,21633,12,2,2,2,5.55,9.25,9.25,9.25,13.86,16.16,18.45,19.83,20.75,23.05,19.83,9.19,3.3,84.47,Baixa,-8.119,-41.09095,0.0,2207801
2207850,220785,Pavussu,PI,Nordeste,2025,3697,2,0,0,0,5.41,0.0,0.0,0.0,99.98,81.29,62.6,51.39,43.91,25.22,51.39,74.76,26.83,25.22,Alta,-7.90815,-43.32255,22.42,2209005
2207900,220790,Pedro II,PI,Nordeste,2025,39072,15,2,2,2,3.84,5.12,5.12,5.12,29.71,35.66,41.62,45.19,47.57,53.53,45.19,23.82,8.55,73.2,Moderada,-4.5358,-41.43235,0.0,2207900
2207934,220793,Pedro Laurentino,PI,Nordeste,2025,2517,2,0,0,0,7.95,0.0,0.0,0.0,99.98,76.49,52.99,38.89,29.49,6.0,38.89,93.99,33.72,6.0,Moderada,-8.089599999999999,-42.2851,26.6,2210003
2208007,220800,Picos,PI,Nordeste,2025,86701,37,6,6,6,4.27,6.92,6.92,6.92,21.54,27.64,33.74,37.4,39.84,45.93,37.4,24.39,8.75,74.36,Moderada,-7.0516000000000005,-41.4833,0.0,2208007
2208106,220810,Pimenteiras,PI,Nordeste,2025,11487,1,1,1,1,0.87,8.71,8.71,8.71,15.8,35.88,55.97,68.02,76.05,96.14,68.02,80.34,28.83,19.64,Alta,-6.4016,-41.257000000000005,0.0,2208106
2208205,220820,Pio IX,PI,Nordeste,2025,17948,9,1,1,1,5.01,5.57,5.57,5.57,26.94,28.04,29.14,29.8,30.24,31.34,29.8,4.4,1.58,83.82,Moderada,-6.76545,-40.73295,0.0,2208205
2208304,220830,Piracuruca,PI,Nordeste,2025,29721,13,2,2,2,4.37,6.73,6.73,6.73,22.46,27.74,33.02,36.19,38.3,43.58,36.19,21.13,7.58,75.91,Moderada,-3.85415,-41.5947,0.0,2208304
2208403,220840,Piripiri,PI,Nordeste,2025,67887,31,2,2,1,4.57,2.95,2.95,1.47,41.99,41.48,40.98,40.68,40.48,39.97,40.68,2.01,0.72,84.18,Moderada,-4.357799999999999,-41.762100000000004,0.0,2208403
2208502,220850,Porto,PI,Nordeste,2025,12323,7,1,1,1,5.68,8.11,8.11,8.11,17.09,18.11,19.13,19.74,20.14,21.16,19.74,4.07,1.46,86.23,Baixa,-3.9425499999999998,-42.7067,0.0,2208502
2208551,220855,Porto Alegre do Piauí,PI,Nordeste,2025,2382,2,1,0,0,8.4,41.98,0.0,0.0,0.25,1.46,2.67,3.39,3.87,5.08,3.39,4.83,1.73,95.17,Baixa,-6.9818,-44.055400000000006,0.0,2208551
2208601,220860,Prata do Piauí,PI,Nordeste,2025,3096,2,1,1,1,6.46,32.3,32.3,32.3,0.72,3.77,6.82,8.65,9.87,12.92,8.65,12.21,4.38,87.79,Baixa,-5.7257,-42.16305,0.0,2208601
2208650,220865,Queimada Nova,PI,Nordeste,2025,8948,5,0,0,0,5.59,0.0,0.0,0.0,99.98,80.62,61.26,49.65,41.9,22.55,49.65,77.44,27.79,22.55,Moderada,-8.50695,-41.3337,32.27,2600203
2208700,220870,Redenção do Gurguéia,PI,Nordeste,2025,8565,3,1,0,0,3.5,11.68,0.0,0.0,9.5,22.33,35.16,42.85,47.99,60.81,42.85,51.32,18.41,48.67,Moderada,-9.518,-44.4306,0.0,2208700
2208809,220880,Regeneração,PI,Nordeste,2025,17400,9,1,1,1,5.17,5.75,5.75,5.75,25.78,26.51,27.25,27.69,27.98,28.72,27.69,2.94,1.06,84.47,Moderada,-6.346299999999999,-42.504850000000005,0.0,2208809
2208858,220885,Riacho Frio,PI,Nordeste,2025,4238,2,0,0,0,4.72,0.0,0.0,0.0,99.98,84.26,68.53,59.1,52.81,37.08,59.1,62.9,22.57,37.09,Alta,-9.939250000000001,-44.8408,43.75,2206605
2208874,220887,Ribeira do Piauí,PI,Nordeste,2025,4105,1,0,0,0,2.44,0.0,0.0,0.0,99.98,94.82,89.66,86.56,84.5,79.34,86.56,20.64,7.41,79.35,Muito alta,-7.94325,-42.608599999999996,16.89,2210904
2208908,220890,Ribeiro Gonçalves,PI,Nordeste,2025,6182,1,1,1,1,1.62,16.18,16.18,16.18,5.4,26.58,47.76,60.46,68.93,90.11,60.46,84.71,30.39,15.28,Alta,-8.056999999999999,-45.3124,0.0,2208908
2209005,220900,Rio Grande do Piauí,PI,Nordeste,2025,5845,4,1,1,1,6.84,17.11,17.11,17.11,4.79,6.18,7.57,8.41,8.97,10.36,8.41,5.56,2.0,91.54,Baixa,-7.7857,-43.160849999999996,0.0,2209005
2209104,220910,Santa Cruz do Piauí,PI,Nordeste,2025,5872,2,1,1,1,3.41,17.03,17.03,17.03,4.83,19.27,33.71,42.37,48.15,62.59,42.37,57.76,20.73,42.23,Moderada,-7.2346,-41.76265,0.0,2209104
2209153,220915,Santa Cruz dos Milagres,PI,Nordeste,2025,3448,3,0,0,0,8.7,0.0,0.0,0.0,99.98,76.06,52.15,37.79,28.23,4.31,37.79,95.67,34.33,4.31,Moderada,-5.91495,-41.881,23.33,2200905
2209203,220920,Santa Filomena,PI,Nordeste,2025,6210,4,1,0,1,6.44,16.1,0.0,16.1,5.44,7.35,9.26,10.41,11.17,13.09,10.41,7.65,2.74,89.28,Baixa,-8.97225,-45.68825,0.0,2209203
2209302,220930,Santa Luz,PI,Nordeste,2025,5418,1,0,0,0,1.85,0.0,0.0,0.0,99.98,96.85,93.73,91.85,90.6,87.47,91.85,12.51,4.49,87.49,Muito alta,-9.0565,-44.11155,31.17,2203107
2209377,220937,Santa Rosa do Piauí,PI,Nordeste,2025,4666,3,1,0,1,6.43,21.43,0.0,21.43,2.51,5.19,7.86,9.47,10.54,13.21,9.47,10.7,3.84,88.19,Baixa,-6.8095,-42.2357,0.0,2209377
2209351,220935,Santana do Piauí,PI,Nordeste,2025,4159,2,0,0,0,4.81,0.0,0.0,0.0,99.98,83.75,67.51,57.77,51.27,35.04,57.77,64.94,23.3,35.04,Alta,-6.91935,-41.525800000000004,14.62,2210201
2209401,220940,Santo Antônio de Lisboa,PI,Nordeste,2025,5930,4,1,0,0,6.75,16.86,0.0,0.0,4.86,6.4,7.94,8.87,9.48,11.02,8.87,6.16,2.21,90.97,Baixa,-6.88525,-41.2238,0.0,2209401
2209450,220945,Santo Antônio dos Milagres,PI,Nordeste,2025,2169,4,0,0,0,18.44,0.0,0.0,0.0,99.98,75.0,50.03,35.04,25.05,0.07,35.04,99.91,35.85,0.07,Moderada,-6.05135,-42.6944,5.71,2209807
2209500,220950,Santo Inácio do Piauí,PI,Nordeste,2025,3682,3,1,0,1,8.15,27.16,0.0,27.16,1.31,2.43,3.55,4.22,4.66,5.78,4.22,4.47,1.6,94.7,Baixa,-7.45735,-42.02465,0.0,2209500
2210623,221062,Sebastião Barros,PI,Nordeste,2025,3210,2,0,0,0,6.23,0.0,0.0,0.0,99.98,78.78,57.58,44.86,36.38,15.19,44.86,84.8,30.43,15.19,Moderada,-10.665,-44.84785,33.51,2203008
2210631,221063,Sebastião Leal,PI,Nordeste,2025,4590,5,0,0,0,10.89,0.0,0.0,0.0,99.98,75.37,50.76,36.0,26.15,1.54,36.0,98.44,35.32,1.54,Moderada,-7.76935,-44.01285,17.49,2201705
2210656,221065,Sigefredo Pacheco,PI,Nordeste,2025,9623,4,0,0,0,4.16,0.0,0.0,0.0,99.98,87.0,74.02,66.23,61.03,48.05,66.23,51.93,18.63,48.06,Alta,-4.9518,-41.8121,36.57,2202208
2210805,221080,Simplício Mendes,PI,Nordeste,2025,14437,4,1,1,1,2.77,6.93,6.93,6.93,21.45,34.56,47.67,55.53,60.77,73.88,55.53,52.43,18.81,47.56,Alta,-7.77815,-41.9846,0.0,2210805
2210706,221070,Simões,PI,Nordeste,2025,14664,8,3,3,3,5.46,20.46,20.46,20.46,2.94,8.37,13.8,17.06,19.23,24.66,17.06,21.72,7.79,78.22,Baixa,-7.70475,-40.76275,0.0,2210706
2210904,221090,Socorro do Piauí,PI,Nordeste,2025,4165,4,1,1,1,9.6,24.01,24.01,24.01,1.83,2.08,2.33,2.48,2.58,2.84,2.48,1.01,0.36,97.52,Baixa,-7.880649999999999,-42.46885,0.0,2210904
2210938,221093,Sussuapara,PI,Nordeste,2025,6346,3,0,0,0,4.73,0.0,0.0,0.0,99.98,84.21,68.43,58.97,52.66,36.89,58.97,63.09,22.64,36.89,Alta,-7.006600000000001,-41.33735,11.82,2201804
2209559,220955,São Braz do Piauí,PI,Nordeste,2025,4454,3,0,0,0,6.74,0.0,0.0,0.0,99.98,77.76,55.55,42.22,33.33,11.11,42.22,88.87,31.89,11.11,Moderada,-8.9153,-42.97965,24.63,2205532
2209658,220965,São Francisco de Assis do Piauí,PI,Nordeste,2025,5713,3,0,0,0,5.25,0.0,0.0,0.0,99.98,81.88,63.78,52.92,45.67,27.57,52.92,72.41,25.98,27.58,Alta,-8.19745,-41.57769999999999,31.13,2202802
2209708,220970,São Francisco do Piauí,PI,Nordeste,2025,5358,3,1,1,1,5.6,18.66,18.66,18.66,3.72,8.37,13.03,15.83,17.69,22.35,15.83,18.63,6.69,80.56,Baixa,-7.19245,-42.48625,0.0,2209708
2209609,220960,São Félix do Piauí,PI,Nordeste,2025,2879,4,1,1,1,13.89,34.73,34.73,34.73,0.54,0.5,0.46,0.43,0.42,0.38,0.43,0.16,0.06,99.46,Baixa,-5.92215,-42.111599999999996,0.0,2209609
2209757,220975,São Gonçalo do Gurguéia,PI,Nordeste,2025,3026,2,0,0,0,6.61,0.0,0.0,0.0,99.98,78.01,56.04,42.86,34.07,12.1,42.86,87.88,31.53,12.1,Moderada,-10.118300000000001,-45.292699999999996,34.67,2202901
2209807,220980,São Gonçalo do Piauí,PI,Nordeste,2025,4985,3,1,1,1,6.02,20.06,20.06,20.06,3.16,6.69,10.22,12.34,13.75,17.29,12.34,14.13,5.07,84.87,Baixa,-6.01455,-42.65845,0.0,2209807
2210052,221005,São José do Divino,PI,Nordeste,2025,5317,6,0,0,0,11.28,0.0,0.0,0.0,99.98,75.27,50.57,35.74,25.86,1.15,35.74,98.83,35.46,1.15,Moderada,-3.782,-41.833749999999995,27.71,2208304
2210102,221010,São José do Peixe,PI,Nordeste,2025,3300,2,1,0,1,6.06,30.3,0.0,30.3,0.9,4.88,8.86,11.25,12.84,16.82,11.25,15.92,5.71,84.08,Baixa,-7.51695,-42.577200000000005,0.0,2210102
2210201,221020,São José do Piauí,PI,Nordeste,2025,6733,7,1,1,1,10.4,14.85,14.85,14.85,6.35,5.27,4.19,3.54,3.11,2.03,3.54,4.33,1.55,94.18,Baixa,-6.789949999999999,-41.5024,0.0,2210201
2209856,220985,São João da Canabrava,PI,Nordeste,2025,4359,4,0,0,0,9.18,0.0,0.0,0.0,99.98,75.87,51.76,37.29,27.65,3.54,37.29,96.45,34.61,3.54,Moderada,-6.7105,-41.39255,15.01,2210201
2209872,220987,São João da Fronteira,PI,Nordeste,2025,5608,3,0,0,0,5.35,0.0,0.0,0.0,99.98,81.5,63.02,51.94,44.54,26.06,51.94,73.92,26.52,26.07,Alta,-3.9358,-41.2915,30.87,2305308
2209906,220990,São João da Serra,PI,Nordeste,2025,6232,1,1,1,1,1.6,16.05,16.05,16.05,5.53,26.74,47.94,60.67,69.15,90.36,60.67,84.83,30.44,15.15,Alta,-5.550000000000001,-41.906,0.0,2209906
2209955,220995,São João da Varjota,PI,Nordeste,2025,4430,2,0,0,0,4.51,0.0,0.0,0.0,99.98,85.2,70.42,61.55,55.64,40.85,61.55,59.13,21.22,40.86,Alta,-6.9481,-41.867000000000004,20.81,2204808
2209971,220997,São João do Arraial,PI,Nordeste,2025,8494,4,0,0,0,4.71,0.0,0.0,0.0,99.98,84.3,68.61,59.2,52.93,37.25,59.2,62.74,22.51,37.25,Alta,-3.8224,-42.458,19.11,2206100
2210003,221000,São João do Piauí,PI,Nordeste,2025,22137,6,2,2,1,2.71,9.03,9.03,4.52,14.63,29.73,44.83,53.89,59.93,75.03,53.89,60.4,21.67,39.59,Alta,-8.3281,-42.26605,0.0,2210003
2210300,221030,São Julião,PI,Nordeste,2025,6131,3,2,2,2,4.89,32.62,32.62,32.62,0.68,8.89,17.11,22.03,25.32,33.53,22.03,32.85,11.79,67.15,Baixa,-7.07275,-40.82575,0.0,2210300
2210359,221035,São Lourenço do Piauí,PI,Nordeste,2025,4497,7,0,0,0,15.57,0.0,0.0,0.0,99.98,75.03,50.08,35.11,25.13,0.18,35.11,99.8,35.81,0.18,Moderada,-9.175,-42.50685,19.38,2203354
2210375,221037,São Luis do Piauí,PI,Nordeste,2025,2277,1,0,0,0,4.39,0.0,0.0,0.0,99.98,85.81,71.64,63.14,57.47,43.3,63.14,56.69,20.34,43.3,Alta,-6.7711500000000004,-41.26575,13.51,2209401
2210383,221038,São Miguel da Baixa Grande,PI,Nordeste,2025,2299,2,0,0,0,8.7,0.0,0.0,0.0,99.98,76.07,52.15,37.81,28.24,4.33,37.81,95.66,34.32,4.33,Moderada,-5.8004,-42.26405,13.92,2208601
2210391,221039,São Miguel do Fidalgo,PI,Nordeste,2025,2864,1,0,0,0,3.49,0.0,0.0,0.0,99.98,90.26,80.53,74.7,70.81,61.08,74.7,38.9,13.96,61.1,Alta,-7.59435,-42.32955,27.21,2207306
2210409,221040,São Miguel do Tapuio,PI,Nordeste,2025,17911,11,2,2,2,6.14,11.17,11.17,11.17,10.07,11.58,13.09,13.99,14.59,16.1,13.99,6.03,2.16,88.26,Baixa,-5.7865,-41.529399999999995,0.0,2210409
2210508,221050,São Pedro do Piauí,PI,Nordeste,2025,14055,8,1,1,1,5.69,7.11,7.11,7.11,20.16,20.38,20.6,20.73,20.82,21.04,20.73,0.88,0.32,86.88,Baixa,-5.847049999999999,-42.7987,0.0,2210508
2210607,221060,São Raimundo Nonato,PI,Nordeste,2025,41139,14,4,3,2,3.4,9.72,7.29,4.86,12.1,24.74,37.37,44.95,50.01,62.65,44.95,50.55,18.14,49.44,Moderada,-9.02525,-42.65275,0.0,2210607
2210953,221095,Tamboril do Piauí,PI,Nordeste,2025,3040,1,0,0,0,3.29,0.0,0.0,0.0,99.98,91.19,82.4,77.13,73.61,64.82,77.13,35.16,12.62,64.83,Muito alta,-8.485949999999999,-43.0572,29.88,2202307
2210979,221097,Tanque do Piauí,PI,Nordeste,2025,2319,4,0,0,0,17.25,0.0,0.0,0.0,99.98,75.01,50.04,35.05,25.06,0.09,35.05,99.89,35.84,0.09,Moderada,-6.6403,-42.2565,10.1,2211407
2211001,221100,Teresina,PI,Nordeste,2025,905692,98,36,24,9,1.08,3.97,2.65,0.99,36.01,50.68,65.36,74.16,80.03,94.7,74.16,58.7,21.06,41.29,Alta,-5.18645,-42.78485,0.0,2211001
2211100,221110,União,PI,Nordeste,2025,47896,18,1,1,1,3.76,2.09,2.09,2.09,46.28,48.55,50.82,52.18,53.09,55.36,52.18,9.08,3.26,81.11,Alta,-4.62435,-42.77295,0.0,2211100
2211209,221120,Uruçuí,PI,Nordeste,2025,26779,10,1,1,1,3.73,3.73,3.73,3.73,37.48,42.08,46.67,49.43,51.27,55.86,49.43,18.38,6.6,75.4,Moderada,-7.786,-44.5649,0.0,2211209
2211308,221130,Valença do Piauí,PI,Nordeste,2025,23025,10,1,1,1,4.34,4.34,4.34,4.34,33.58,36.26,38.93,40.54,41.61,44.28,40.54,10.7,3.84,80.02,Moderada,-6.3927,-41.783550000000005,0.0,2211308
2211506,221150,Vera Mendes,PI,Nordeste,2025,3282,3,0,0,0,9.14,0.0,0.0,0.0,99.98,75.88,51.79,37.33,27.69,3.59,37.33,96.39,34.59,3.59,Moderada,-7.60855,-41.5219,10.76,2204907
2211605,221160,Vila Nova do Piauí,PI,Nordeste,2025,2972,1,0,0,0,3.36,0.0,0.0,0.0,99.98,90.81,81.64,76.13,72.46,63.29,76.13,36.69,13.17,63.3,Muito alta,-7.20645,-40.93065,18.84,2210300
2211357,221135,Várzea Branca,PI,Nordeste,2025,5181,2,0,0,0,3.86,0.0,0.0,0.0,99.98,88.29,76.6,69.59,64.91,53.22,69.59,46.76,16.78,53.23,Alta,-9.2928,-42.913399999999996,14.56,2200707
2211407,221140,Várzea Grande,PI,Nordeste,2025,4520,5,1,0,1,11.06,22.12,0.0,22.12,2.35,2.1,1.85,1.7,1.6,1.35,1.7,1.01,0.36,97.9,Baixa,-6.5542,-42.227500000000006,0.0,2211407
2211704,221170,Wall Ferraz,PI,Nordeste,2025,4195,2,1,1,1,4.77,23.84,23.84,23.84,1.88,10.44,18.99,24.12,27.54,36.1,24.12,34.21,12.28,65.78,Baixa,-7.2711500000000004,-41.8918,0.0,2211704
2200202,220020,Água Branca,PI,Nordeste,2025,18095,8,1,1,1,4.42,5.53,5.53,5.53,27.27,31.11,34.96,37.27,38.8,42.65,37.27,15.38,5.52,78.69,Moderada,-5.9060500000000005,-42.617000000000004,0.0,2200202
4100103,410010,Abatiá,PR,Sul,2025,7233,3,0,0,0,4.15,0.0,0.0,0.0,99.98,87.05,74.12,66.37,61.2,48.27,66.37,51.71,18.56,48.28,Alta,-23.3034,-50.3312,15.23,4121901
4100202,410020,Adrianópolis,PR,Sul,2025,6319,1,0,0,0,1.58,0.0,0.0,0.0,99.98,97.61,95.23,93.81,92.86,90.49,93.81,9.5,3.41,90.5,Muito alta,-24.7992,-48.81935,50.49,4105201
4100301,410030,Agudos do Sul,PR,Sul,2025,10770,4,0,0,0,3.71,0.0,0.0,0.0,99.98,89.05,78.13,71.57,67.2,56.27,71.57,43.71,15.68,56.28,Alta,-26.04135,-49.305,14.98,4203303
4100400,410040,Almirante Tamandaré,PR,Sul,2025,125861,15,0,0,0,1.19,0.0,0.0,0.0,99.98,98.44,96.89,95.97,95.35,93.81,95.97,6.17,2.22,93.82,Muito alta,-25.30735,-49.34085,16.06,4105805
4100459,410045,Altamira do Paraná,PR,Sul,2025,3496,1,0,0,0,2.86,0.0,0.0,0.0,99.98,93.02,86.05,81.87,79.09,72.12,81.87,27.86,10.0,72.14,Muito alta,-24.8304,-52.69865,25.31,4103909
4100608,410060,Alto Paraná,PR,Sul,2025,14183,5,1,1,1,3.53,7.05,7.05,7.05,20.59,30.52,40.45,46.41,50.38,60.31,46.41,39.72,14.25,60.27,Moderada,-23.07195,-52.32695,0.0,4100608
4128625,412862,Alto Paraíso,PR,Sul,2025,3067,2,0,0,0,6.52,0.0,0.0,0.0,99.98,78.15,56.33,43.23,34.5,12.67,43.23,87.31,31.33,12.68,Moderada,-23.516849999999998,-53.840900000000005,24.51,4125357
4100707,410070,Alto Piquiri,PR,Sul,2025,9771,4,0,0,0,4.09,0.0,0.0,0.0,99.98,87.28,74.57,66.95,61.87,49.17,66.95,50.82,18.23,49.17,Alta,-24.090600000000002,-53.4155,23.83,4108205
4100509,410050,Altônia,PR,Sul,2025,18634,1,1,1,1,0.54,5.37,5.37,5.37,28.13,45.51,62.89,73.32,80.27,97.65,73.32,69.52,24.95,30.47,Alta,-23.915,-53.9539,0.0,4100509
4100806,410080,Alvorada do Sul,PR,Sul,2025,10481,4,1,1,1,3.82,9.54,9.54,9.54,12.58,22.99,33.4,39.64,43.8,54.21,39.64,41.63,14.94,58.37,Moderada,-22.8119,-51.249300000000005,0.0,4100806
4100905,410090,Amaporã,PR,Sul,2025,4688,3,1,1,1,6.4,21.33,21.33,21.33,2.57,5.28,8.0,9.63,10.71,13.43,9.63,10.86,3.9,88.04,Baixa,-23.1389,-52.8252,0.0,4100905
4101002,410100,Ampére,PR,Sul,2025,20337,7,1,1,1,3.44,4.92,4.92,4.92,30.71,38.57,46.42,51.13,54.27,62.13,51.13,31.41,11.27,68.58,Alta,-25.90985,-53.47435,0.0,4101002
4101051,410105,Anahy,PR,Sul,2025,2971,2,0,0,0,6.73,0.0,0.0,0.0,99.98,77.77,55.56,42.24,33.36,11.15,42.24,88.84,31.88,11.15,Moderada,-24.641,-53.1502,14.56,4106308
4101101,410110,Andirá,PR,Sul,2025,19989,8,1,1,1,4.0,5.0,5.0,5.0,30.28,35.42,40.57,43.65,45.71,50.85,43.65,20.57,7.38,74.85,Moderada,-23.01635,-50.27005,0.0,4101101
4101200,410120,Antonina,PR,Sul,2025,18140,5,1,1,1,2.76,5.51,5.51,5.51,27.39,39.1,50.81,57.83,62.52,74.22,57.83,46.83,16.8,53.16,Alta,-25.296,-48.7019,0.0,4101200
4101309,410130,Antônio Olinto,PR,Sul,2025,7048,0,0,0,0,0.0,0.0,0.0,0.0,99.98,99.98,99.98,99.98,99.98,99.98,99.98,0.0,0.0,100.0,Muito alta,-25.9414,-50.11815,29.15,4218301
4101408,410140,Apucarana,PR,Sul,2025,134910,36,4,3,1,2.67,2.96,2.22,0.74,41.88,50.35,58.81,63.89,67.28,75.75,63.89,33.87,12.15,66.12,Alta,-23.575650000000003,-51.42285,0.0,4101408
4101507,410150,Arapongas,PR,Sul,2025,124838,32,2,2,2,2.56,1.6,1.6,1.6,48.38,55.67,62.96,67.34,70.25,77.54,67.34,29.17,10.47,69.52,Alta,-23.445050000000002,-51.446,0.0,4101507
4101606,410160,Arapoti,PR,Sul,2025,26325,13,1,1,1,4.94,3.8,3.8,3.8,37.05,35.93,34.81,34.14,33.7,32.58,34.14,4.47,1.6,81.26,Moderada,-24.0726,-49.98609999999999,0.0,4101606
4101655,410165,Arapuã,PR,Sul,2025,3573,2,0,0,0,5.6,0.0,0.0,0.0,99.98,80.59,61.2,49.57,41.81,22.42,49.57,77.56,27.83,22.42,Moderada,-24.33095,-51.82145,14.87,4112504
4101705,410170,Araruna,PR,Sul,2025,14894,1,0,0,0,0.67,0.0,0.0,0.0,99.98,99.27,98.56,98.13,97.84,97.13,98.13,2.85,1.02,97.15,Muito alta,-23.9259,-52.5851,21.07,4105508
4101804,410180,Araucária,PR,Sul,2025,162247,18,2,1,1,1.11,1.23,0.62,0.62,49.6,60.84,72.09,78.84,83.33,94.58,78.84,44.98,16.14,55.01,Muito alta,-25.6348,-49.46275,0.0,4101804
4101853,410185,Ariranha do Ivaí,PR,Sul,2025,2351,1,0,0,0,4.25,0.0,0.0,0.0,99.98,86.57,73.16,65.12,59.76,46.35,65.12,53.63,19.25,46.36,Alta,-24.38295,-51.542950000000005,14.25,4111506
4101903,410190,Assaí,PR,Sul,2025,13477,3,2,2,2,2.23,14.84,14.84,14.84,6.37,25.5,44.63,56.11,63.76,82.89,56.11,76.52,27.46,23.46,Alta,-23.41325,-50.87825,0.0,4101903
4102000,410200,Assis Chateaubriand,PR,Sul,2025,38357,12,2,2,2,3.13,5.21,5.21,5.21,29.22,38.85,48.48,54.26,58.11,67.74,54.26,38.52,13.82,61.47,Alta,-24.4459,-53.576800000000006,0.0,4102000
4102109,410210,Astorga,PR,Sul,2025,26203,8,1,1,1,3.05,3.82,3.82,3.82,36.96,45.03,53.1,57.94,61.16,69.23,57.94,32.27,11.58,67.72,Alta,-23.232300000000002,-51.73005,0.0,4102109
4102208,410220,Atalaia,PR,Sul,2025,4046,2,0,0,0,4.94,0.0,0.0,0.0,99.98,83.1,66.22,56.09,49.34,32.45,56.09,67.53,24.23,32.46,Alta,-23.1249,-52.0635,18.38,4106704
4102307,410230,Balsa Nova,PR,Sul,2025,13867,6,0,0,0,4.33,0.0,0.0,0.0,99.98,86.15,72.31,64.01,58.48,44.64,64.01,55.34,19.86,44.65,Alta,-25.4841,-49.68655,25.24,4104204
4102406,410240,Bandeirantes,PR,Sul,2025,31747,11,2,2,2,3.46,6.3,6.3,6.3,23.77,33.26,42.76,48.45,52.25,61.75,48.45,37.98,13.63,62.01,Moderada,-23.1534,-50.33895,0.0,4102406
4102505,410250,Barbosa Ferraz,PR,Sul,2025,10580,7,0,0,0,6.62,0.0,0.0,0.0,99.98,77.99,56.0,42.81,34.02,12.03,42.81,87.96,31.56,12.03,Moderada,-24.086100000000002,-52.0727,18.74,4108551
4102703,410270,Barra do Jacaré,PR,Sul,2025,2872,2,0,0,0,6.96,0.0,0.0,0.0,99.98,77.41,54.85,41.31,32.28,9.71,41.31,90.27,32.39,9.71,Moderada,-23.107,-50.15645000000001,14.36,4103602
4102604,410260,Barracão,PR,Sul,2025,9903,4,0,0,0,4.04,0.0,0.0,0.0,99.98,87.53,75.09,67.62,62.64,50.19,67.62,49.79,17.87,50.2,Alta,-26.25015,-53.5411,9.58,4205001
4102752,410275,Bela Vista da Caroba,PR,Sul,2025,4122,1,0,0,0,2.43,0.0,0.0,0.0,99.98,94.91,89.84,86.8,84.77,79.7,86.8,20.28,7.28,79.71,Muito alta,-25.8825,-53.633449999999996,12.23,4120358
4102802,410280,Bela Vista do Paraíso,PR,Sul,2025,14982,5,1,0,1,3.34,6.67,0.0,6.67,22.58,32.88,43.19,49.37,53.49,63.79,49.37,41.21,14.79,58.78,Moderada,-23.00905,-51.25685,0.0,4102802
4102901,410290,Bituruna,PR,Sul,2025,15650,5,1,1,1,3.19,6.39,6.39,6.39,23.44,34.22,44.99,51.46,55.77,66.54,51.46,43.1,15.46,56.89,Alta,-26.13485,-51.5206,0.0,4102901
4103008,410300,Boa Esperança,PR,Sul,2025,4595,1,0,0,0,2.18,0.0,0.0,0.0,99.98,95.91,91.83,89.39,87.76,83.68,89.39,16.3,5.85,83.7,Muito alta,-24.26245,-52.7485,18.11,4114005
4103024,410302,Boa Esperança do Iguaçu,PR,Sul,2025,2421,2,0,0,0,8.26,0.0,0.0,0.0,99.98,76.37,52.76,38.59,29.14,5.53,38.59,94.45,33.89,5.53,Moderada,-25.63475,-53.2284,17.49,4107207
4103040,410304,Boa Ventura de São Roque,PR,Sul,2025,6241,3,0,0,0,4.81,0.0,0.0,0.0,99.98,83.76,67.54,57.8,51.31,35.09,57.8,64.89,23.28,35.1,Alta,-24.8305,-51.5953,16.33,4127965
4103057,410305,Boa Vista da Aparecida,PR,Sul,2025,8023,7,1,1,1,8.72,12.46,12.46,12.46,8.53,7.47,6.41,5.77,5.35,4.29,5.77,4.24,1.52,92.64,Baixa,-25.436799999999998,-53.4234,0.0,4103057
4103107,410310,Bocaiúva do Sul,PR,Sul,2025,13405,4,0,0,0,2.98,0.0,0.0,0.0,99.98,92.57,85.16,80.71,77.74,70.33,80.71,29.65,10.64,70.34,Muito alta,-25.097499999999997,-48.8942,29.35,4101200
4103156,410315,Bom Jesus do Sul,PR,Sul,2025,4072,1,0,0,0,2.46,0.0,0.0,0.0,99.98,94.75,89.53,86.39,84.3,79.07,86.39,20.91,7.5,79.08,Muito alta,-26.15595,-53.567,11.77,4124400
4103206,410320,Bom Sucesso,PR,Sul,2025,6674,4,1,1,1,5.99,14.98,14.98,14.98,6.19,9.02,11.86,13.56,14.69,17.52,13.56,11.33,4.06,85.78,Baixa,-23.7188,-51.8293,0.0,4103206
4103222,410322,Bom Sucesso do Sul,PR,Sul,2025,3244,3,0,0,0,9.25,0.0,0.0,0.0,99.98,75.81,51.63,37.13,27.46,3.28,37.13,96.7,34.7,3.29,Moderada,-26.083,-52.8262,17.6,4118501
4103305,410330,Borrazópolis,PR,Sul,2025,7818,3,1,1,1,3.84,12.79,12.79,12.79,8.19,19.53,30.87,37.68,42.22,53.56,37.68,45.38,16.28,54.61,Moderada,-23.951749999999997,-51.59415,0.0,4103305
4103354,410335,Braganey,PR,Sul,2025,4745,1,0,0,0,2.11,0.0,0.0,0.0,99.98,96.15,92.31,90.01,88.47,84.63,90.01,15.35,5.51,84.65,Muito alta,-24.794,-53.078950000000006,19.35,4106308
4103370,410337,Brasilândia do Sul,PR,Sul,2025,3861,2,0,0,0,5.18,0.0,0.0,0.0,99.98,82.14,64.29,53.58,46.44,28.59,53.58,71.39,25.62,28.6,Alta,-24.15445,-53.55145,23.81,4110607
4103404,410340,Cafeara,PR,Sul,2025,2648,1,0,0,0,3.78,0.0,0.0,0.0,99.98,88.7,77.43,70.66,66.15,54.87,70.66,45.11,16.19,54.88,Alta,-22.796,-51.7159,6.99,4113809
4103453,410345,Cafelândia,PR,Sul,2025,20145,5,1,1,0,2.48,4.96,4.96,0.0,30.5,42.51,54.53,61.74,66.55,78.57,61.74,48.07,17.25,51.92,Alta,-24.69265,-53.34885,0.0,4103453
4103479,410347,Cafezal do Sul,PR,Sul,2025,4580,3,0,0,0,6.55,0.0,0.0,0.0,99.98,78.1,56.22,43.09,34.34,12.46,43.09,87.52,31.41,12.46,Moderada,-23.955350000000003,-53.5691,19.54,4118907
4103503,410350,Califórnia,PR,Sul,2025,8963,3,0,0,0,3.35,0.0,0.0,0.0,99.98,90.89,81.8,76.34,72.71,63.62,76.34,36.37,13.05,63.63,Muito alta,-23.670450000000002,-51.33435,13.87,4101408
4103602,410360,Cambará,PR,Sul,2025,23393,0,2,2,2,0.0,8.55,8.55,8.55,16.23,37.17,58.1,70.67,79.04,99.98,70.67,83.76,30.05,16.23,Alta,-22.995350000000002,-50.08584999999999,0.0,4103602
4103800,410380,Cambira,PR,Sul,2025,10045,2,0,0,0,1.99,0.0,0.0,0.0,99.98,96.48,92.98,90.88,89.48,85.98,90.88,14.0,5.02,86.0,Muito alta,-23.59415,-51.55475,13.6,4101408
4103701,410370,Cambé,PR,Sul,2025,110923,13,2,2,1,1.17,1.8,1.8,0.9,47.48,59.11,70.73,77.71,82.36,93.99,77.71,46.51,16.69,53.48,Muito alta,-23.2046,-51.2941,0.0,4103701
4104006,410400,Campina Grande do Sul,PR,Sul,2025,50600,8,0,0,0,1.58,0.0,0.0,0.0,99.98,97.62,95.25,93.83,92.89,90.52,93.83,9.46,3.39,90.54,Muito alta,-25.1837,-48.8459,19.12,4101200
4103909,410390,Campina da Lagoa,PR,Sul,2025,16014,8,1,1,1,5.0,6.24,6.24,6.24,23.89,25.83,27.78,28.94,29.72,31.66,28.94,7.77,2.79,82.8,Moderada,-24.61755,-52.787549999999996,0.0,4103909
4103958,410395,Campina do Simão,PR,Sul,2025,3954,3,0,0,0,7.59,0.0,0.0,0.0,99.98,76.76,53.55,39.61,30.33,7.11,39.61,92.87,33.32,7.11,Moderada,-25.11525,-51.773849999999996,29.23,4127965
4104055,410405,Campo Bonito,PR,Sul,2025,3997,3,0,0,0,7.51,0.0,0.0,0.0,99.98,76.84,53.7,39.81,30.56,7.41,39.81,92.57,33.22,7.41,Moderada,-24.9039,-53.008750000000006,27.76,4109757
4104204,410420,Campo Largo,PR,Sul,2025,144504,20,3,2,0,1.38,2.08,1.38,0.0,46.37,57.89,69.41,76.33,80.94,92.46,76.33,46.1,16.54,53.9,Muito alta,-25.267400000000002,-49.611850000000004,0.0,4104204
4104253,410425,Campo Magro,PR,Sul,2025,31888,7,0,0,0,2.2,0.0,0.0,0.0,99.98,95.84,91.7,89.21,87.56,83.41,89.21,16.57,5.94,83.43,Muito alta,-25.2985,-49.45805,15.85,4104204
4104303,410430,Campo Mourão,PR,Sul,2025,104122,27,1,1,1,2.59,0.96,0.96,0.96,50.39,57.07,63.75,67.76,70.43,77.11,67.76,26.73,9.59,71.08,Alta,-24.12655,-52.36555,0.0,4104303
4104105,410410,Campo do Tenente,PR,Sul,2025,7693,4,0,0,0,5.2,0.0,0.0,0.0,99.98,82.09,64.2,53.46,46.31,28.42,53.46,71.57,25.68,28.42,Alta,-25.981749999999998,-49.666,17.65,4121208
4104428,410442,Candói,PR,Sul,2025,15174,2,1,1,1,1.32,6.59,6.59,6.59,22.92,40.46,57.99,68.51,75.52,93.05,68.51,70.13,25.16,29.86,Alta,-25.52015,-52.0663,0.0,4104428
4104451,410445,Cantagalo,PR,Sul,2025,10672,4,0,0,0,3.75,0.0,0.0,0.0,99.98,88.87,77.76,71.09,66.65,55.54,71.09,44.44,15.95,55.55,Alta,-25.3076,-52.12825,24.44,4104428
4104501,410450,Capanema,PR,Sul,2025,21088,2,1,1,1,0.95,4.74,4.74,4.74,31.56,47.54,63.52,73.1,79.5,95.48,73.1,63.92,22.94,36.07,Alta,-25.607,-53.7977,0.0,4104501
4104600,410460,Capitão Leônidas Marques,PR,Sul,2025,14776,2,1,1,1,1.35,6.77,6.77,6.77,22.26,39.89,57.53,68.11,75.17,92.8,68.11,70.54,25.31,29.44,Alta,-25.4543,-53.583600000000004,0.0,4104600
4104659,410465,Carambeí,PR,Sul,2025,24469,1,0,0,0,0.41,0.0,0.0,0.0,99.98,99.47,98.97,98.66,98.46,97.95,98.66,2.03,0.73,97.97,Muito alta,-24.88845,-50.133250000000004,27.83,4104907
4104709,410470,Carlópolis,PR,Sul,2025,17788,4,1,1,1,2.25,5.62,5.62,5.62,26.57,40.57,54.58,62.98,68.58,82.59,62.98,56.02,20.1,43.97,Alta,-23.454900000000002,-49.723600000000005,0.0,4104709
4104808,410480,Cascavel,PR,Sul,2025,368195,51,18,15,4,1.39,4.89,4.07,1.09,30.89,46.28,61.67,70.9,77.06,92.44,70.9,61.55,22.09,38.44,Alta,-25.0554,-53.38335,0.0,4104808
4104907,410490,Castro,PR,Sul,2025,75644,24,1,1,1,3.17,1.32,1.32,1.32,49.29,53.72,58.16,60.82,62.59,67.03,60.82,17.73,6.36,78.6,Alta,-24.80675,-49.872550000000004,0.0,4104907
4105003,410500,Catanduvas,PR,Sul,2025,10621,6,0,0,0,5.65,0.0,0.0,0.0,99.98,80.38,60.78,49.02,41.18,21.58,49.02,78.41,28.13,21.58,Moderada,-25.234949999999998,-53.1481,15.33,4109757
4105102,410510,Centenário do Sul,PR,Sul,2025,10903,5,1,1,1,4.59,9.17,9.17,9.17,14.14,20.49,26.84,30.65,33.19,39.54,30.65,25.4,9.11,73.27,Moderada,-22.79445,-51.5642,0.0,4105102
4105201,410520,Cerro Azul,PR,Sul,2025,16287,16,1,0,0,9.82,6.14,0.0,0.0,24.29,18.85,13.42,10.16,7.98,2.55,10.16,21.74,7.8,77.61,Baixa,-24.88485,-49.3107,0.0,4105201
4105409,410540,Chopinzinho,PR,Sul,2025,21604,3,1,1,1,1.39,4.63,4.63,4.63,32.33,47.35,62.38,71.39,77.4,92.43,71.39,60.1,21.56,39.89,Alta,-25.7955,-52.46825,0.0,4105409
4105508,410550,Cianorte,PR,Sul,2025,82988,16,2,2,1,1.93,2.41,2.41,1.2,44.84,55.3,65.77,72.05,76.23,86.7,72.05,41.86,15.02,58.13,Alta,-23.73675,-52.5975,0.0,4105508
4105607,410560,Cidade Gaúcha,PR,Sul,2025,11705,5,1,0,0,4.27,8.54,0.0,0.0,16.26,23.66,31.06,35.5,38.46,45.86,35.5,29.6,10.62,70.27,Moderada,-23.384700000000002,-52.9409,0.0,4105607
4105706,410570,Clevelândia,PR,Sul,2025,14833,2,1,1,0,1.35,6.74,6.74,0.0,22.44,40.03,57.63,68.19,75.22,92.82,68.19,70.38,25.25,29.61,Alta,-26.3176,-52.34265,0.0,4105706
4105805,410580,Colombo,PR,Sul,2025,241672,25,2,2,1,1.03,0.83,0.83,0.41,50.71,61.82,72.92,79.59,84.03,95.14,79.59,44.43,15.94,55.57,Muito alta,-25.3104,-49.1811,0.0,4105805
4105904,410590,Colorado,PR,Sul,2025,23313,6,1,1,1,2.57,4.29,4.29,4.29,33.84,44.71,55.59,62.12,66.47,77.35,62.12,43.51,15.61,56.48,Alta,-22.817,-51.96425,0.0,4105904
4106001,410600,Congonhinhas,PR,Sul,2025,8445,1,0,0,0,1.18,0.0,0.0,0.0,99.98,98.46,96.93,96.02,95.4,93.88,96.02,6.1,2.19,93.9,Muito alta,-23.6243,-50.506249999999994,24.01,4117008
4106100,410610,Conselheiro Mairinck,PR,Sul,2025,3474,2,0,0,0,5.76,0.0,0.0,0.0,99.98,79.99,59.99,47.99,39.99,20.0,47.99,79.99,28.7,20.0,Moderada,-23.584899999999998,-50.12005,15.53,4111704
4106209,410620,Contenda,PR,Sul,2025,20006,5,0,0,0,2.5,0.0,0.0,0.0,99.98,94.56,89.14,85.89,83.72,78.3,85.89,21.68,7.78,78.31,Muito alta,-25.7035,-49.5,8.5,4101804
4106308,410630,Corbélia,PR,Sul,2025,17933,6,1,1,1,3.35,5.58,5.58,5.58,26.93,36.11,45.3,50.81,54.48,63.67,50.81,36.74,13.18,63.25,Alta,-24.729100000000003,-53.25675,0.0,4106308
4106407,410640,Cornélio Procópio,PR,Sul,2025,45720,13,3,3,0,2.84,6.56,6.56,0.0,23.03,35.38,47.74,55.15,60.09,72.45,55.15,49.42,17.73,50.57,Alta,-23.19235,-50.6336,0.0,4106407
4106456,410645,Coronel Domingos Soares,PR,Sul,2025,5427,6,0,0,0,11.06,0.0,0.0,0.0,99.98,75.33,50.67,35.88,26.02,1.36,35.88,98.62,35.39,1.36,Moderada,-26.173650000000002,-51.9426,29.3,4117602
4106506,410650,Coronel Vivida,PR,Sul,2025,24010,9,0,0,0,3.75,0.0,0.0,0.0,99.98,88.86,77.74,71.07,66.62,55.5,71.07,44.48,15.96,55.51,Alta,-25.9932,-52.58475,19.18,4118501
4106555,410655,Corumbataí do Sul,PR,Sul,2025,3770,1,0,0,0,2.65,0.0,0.0,0.0,99.98,94.0,88.03,84.44,82.05,76.07,84.44,23.91,8.58,76.09,Muito alta,-24.1236,-52.1389,23.0,4104303
4106803,410680,Cruz Machado,PR,Sul,2025,15759,6,0,0,0,3.81,0.0,0.0,0.0,99.98,88.57,77.17,70.32,65.76,54.35,70.32,45.63,16.37,54.36,Alta,-25.8993,-51.27835,30.91,4128203
4106571,410657,Cruzeiro do Iguaçu,PR,Sul,2025,4129,1,0,0,0,2.42,0.0,0.0,0.0,99.98,94.94,89.89,86.87,84.85,79.81,86.87,20.18,7.24,79.82,Muito alta,-25.598950000000002,-53.1295,16.61,4107207
4106605,410660,Cruzeiro do Oeste,PR,Sul,2025,24859,4,1,1,1,1.61,4.02,4.02,4.02,35.54,49.21,62.88,71.08,76.55,90.22,71.08,54.68,19.62,45.31,Alta,-23.729,-53.0903,0.0,4106605
4106704,410670,Cruzeiro do Sul,PR,Sul,2025,4543,2,1,1,1,4.4,22.01,22.01,22.01,2.39,12.54,22.7,28.79,32.85,43.01,28.79,40.62,14.58,59.37,Moderada,-22.982100000000003,-52.153949999999995,0.0,4106704
4106852,410685,Cruzmaltina,PR,Sul,2025,2870,1,0,0,0,3.48,0.0,0.0,0.0,99.98,90.32,80.65,74.85,70.98,61.32,74.85,38.66,13.87,61.33,Alta,-24.001399999999997,-51.4996,11.08,4103305
4106902,410690,Curitiba,PR,Sul,2025,1830795,135,51,46,6,0.74,2.79,2.51,0.33,42.88,56.37,69.86,77.96,83.35,96.84,77.96,53.96,19.36,46.03,Muito alta,-25.49635,-49.28435,0.0,4106902
4107009,410700,Curiúva,PR,Sul,2025,13784,1,1,1,1,0.73,7.25,7.25,7.25,19.4,38.78,58.16,69.78,77.54,96.91,69.78,77.51,27.81,22.48,Alta,-23.9909,-50.495900000000006,0.0,4107009
4104402,410440,Cândido de Abreu,PR,Sul,2025,15081,5,1,1,1,3.32,6.63,6.63,6.63,22.76,33.16,43.56,49.79,53.95,64.35,49.79,41.59,14.92,58.4,Moderada,-24.68645,-51.226,0.0,4104402
4105300,410530,Céu Azul,PR,Sul,2025,11255,4,1,1,1,3.55,8.88,8.88,8.88,15.04,26.19,37.35,44.04,48.5,59.65,44.04,44.61,16.01,55.39,Moderada,-25.28725,-53.78915,0.0,4105300
4107157,410715,Diamante D'Oeste,PR,Sul,2025,4513,1,0,0,0,2.22,0.0,0.0,0.0,99.98,95.77,91.56,89.04,87.35,83.14,89.04,16.84,6.04,83.16,Muito alta,-24.96855,-54.0927,16.9,4128559
4107108,410710,Diamante do Norte,PR,Sul,2025,5139,2,1,1,1,3.89,19.46,19.46,19.46,3.36,15.7,28.05,35.45,40.39,52.74,35.45,49.38,17.72,50.61,Moderada,-22.6375,-52.89505,0.0,4107108
4107124,410712,Diamante do Sul,PR,Sul,2025,3147,2,0,0,0,6.36,0.0,0.0,0.0,99.98,78.46,56.93,44.01,35.4,13.88,44.01,86.11,30.9,13.88,Moderada,-24.99365,-52.6934,37.86,4109757
4107207,410720,Dois Vizinhos,PR,Sul,2025,47589,16,1,1,1,3.36,2.1,2.1,2.1,46.2,50.48,54.77,57.33,59.05,63.33,57.33,17.12,6.14,79.96,Alta,-25.74685,-53.1059,0.0,4107207
4107256,410725,Douradina,PR,Sul,2025,9631,4,0,0,0,4.15,0.0,0.0,0.0,99.98,87.03,74.07,66.3,61.12,48.16,66.3,51.82,18.59,48.17,Alta,-23.35105,-53.2866,16.33,4111555
4107306,410730,Doutor Camargo,PR,Sul,2025,6517,4,0,0,0,6.14,0.0,0.0,0.0,99.98,79.02,58.05,45.47,37.08,16.12,45.47,83.86,30.09,16.12,Moderada,-23.5684,-52.20255,11.5,4107900
4128633,412863,Doutor Ulysses,PR,Sul,2025,5744,2,0,0,0,3.48,0.0,0.0,0.0,99.98,90.33,80.68,74.89,71.02,61.37,74.89,38.61,13.85,61.38,Alta,-24.59995,-49.4225,33.63,4105201
4107504,410750,Engenheiro Beltrão,PR,Sul,2025,12347,5,1,1,1,4.05,8.1,8.1,8.1,17.18,25.38,33.58,38.49,41.77,49.97,38.49,32.79,11.77,67.2,Moderada,-23.761899999999997,-52.278,0.0,4107504
4107538,410753,Entre Rios do Oeste,PR,Sul,2025,4770,1,0,0,0,2.1,0.0,0.0,0.0,99.98,96.19,92.39,90.11,88.59,84.8,90.11,15.19,5.45,84.81,Muito alta,-24.707900000000002,-54.21425,8.72,4118451
4107405,410740,Enéas Marques,PR,Sul,2025,6146,1,0,0,0,1.63,0.0,0.0,0.0,99.98,97.48,94.97,93.47,92.47,89.97,93.47,10.02,3.59,89.98,Muito alta,-25.8831,-53.1563,11.01,4116950
4107520,410752,Esperança Nova,PR,Sul,2025,1852,1,0,0,0,5.4,0.0,0.0,0.0,99.98,81.32,62.66,51.47,44.0,25.35,51.47,74.64,26.78,25.35,Alta,-23.723149999999997,-53.802099999999996,12.64,4125357
4107546,410754,Espigão Alto do Iguaçu,PR,Sul,2025,4880,3,0,0,0,6.15,0.0,0.0,0.0,99.98,78.99,58.0,45.4,37.0,16.01,45.4,83.97,30.13,16.01,Moderada,-25.38485,-52.79025,17.75,4120903
4107553,410755,Farol,PR,Sul,2025,2994,3,0,0,0,10.02,0.0,0.0,0.0,99.98,75.59,51.2,36.57,26.81,2.42,36.57,97.56,35.01,2.42,Moderada,-24.1241,-52.636449999999996,25.37,4114005
4107603,410760,Faxinal,PR,Sul,2025,16596,0,0,0,0,0.0,0.0,0.0,0.0,99.98,99.98,99.98,99.98,99.98,99.98,99.98,0.0,0.0,100.0,Muito alta,-24.00015,-51.27235,32.06,4126678
4107652,410765,Fazenda Rio Grande,PR,Sul,2025,165943,14,0,0,0,0.84,0.0,0.0,0.0,99.98,99.06,98.13,97.58,97.21,96.28,97.58,3.7,1.33,96.3,Muito alta,-25.683100000000003,-49.3027,16.92,4101804
4107736,410773,Fernandes Pinheiro,PR,Sul,2025,6400,1,0,0,0,1.56,0.0,0.0,0.0,99.98,97.65,95.32,93.93,92.99,90.67,93.93,9.32,3.34,90.68,Muito alta,-25.48235,-50.49015,20.13,4127007
4107751,410775,Figueira,PR,Sul,2025,8129,4,1,1,0,4.92,12.3,12.3,0.0,8.76,14.82,20.88,24.52,26.95,33.01,24.52,24.25,8.7,74.6,Baixa,-23.856949999999998,-50.43345,0.0,4107751
4107850,410785,Flor da Serra do Sul,PR,Sul,2025,4342,2,0,0,0,4.61,0.0,0.0,0.0,99.98,84.76,69.53,60.39,54.3,39.08,60.39,60.9,21.85,39.08,Alta,-26.2565,-53.31955,22.25,4205001
4107801,410780,Floraí,PR,Sul,2025,4805,3,0,0,0,6.24,0.0,0.0,0.0,99.98,78.73,57.49,44.74,36.24,14.99,44.74,84.99,30.5,14.99,Moderada,-23.332050000000002,-52.320049999999995,19.62,4116901
4107900,410790,Floresta,PR,Sul,2025,11522,4,1,1,0,3.47,8.68,8.68,0.0,15.85,27.27,38.69,45.54,50.11,61.53,45.54,45.68,16.39,54.31,Moderada,-23.6005,-52.0953,0.0,4107900
4108007,410800,Florestópolis,PR,Sul,2025,11653,4,1,1,1,3.43,8.58,8.58,8.58,16.17,27.71,39.26,46.18,50.8,62.34,46.18,46.17,16.57,53.82,Moderada,-22.8881,-51.40005,0.0,4108007
4108106,410810,Flórida,PR,Sul,2025,2711,1,0,0,0,3.69,0.0,0.0,0.0,99.98,89.19,78.4,71.92,67.6,56.81,71.92,43.17,15.49,56.82,Alta,-23.105150000000002,-51.96395,23.77,4106704
4108205,410820,Formosa do Oeste,PR,Sul,2025,7763,1,1,1,1,1.29,12.88,12.88,12.88,8.02,29.33,50.65,63.43,71.96,93.27,63.43,85.25,30.59,14.74,Alta,-24.297449999999998,-53.354150000000004,0.0,4108205
4108304,410830,Foz do Iguaçu,PR,Sul,2025,297352,42,5,4,2,1.41,1.68,1.35,0.67,48.12,59.15,70.17,76.78,81.19,92.21,76.78,44.09,15.82,55.91,Muito alta,-25.435200000000002,-54.4577,0.0,4108304
4108452,410845,Foz do Jordão,PR,Sul,2025,4893,2,0,0,0,4.09,0.0,0.0,0.0,99.98,87.31,74.65,67.04,61.98,49.31,67.04,50.67,18.18,49.32,Alta,-25.6943,-52.102000000000004,19.69,4104428
4108320,410832,Francisco Alves,PR,Sul,2025,8573,3,0,0,0,3.5,0.0,0.0,0.0,99.98,90.24,80.49,74.64,70.74,60.99,74.64,38.99,13.99,61.01,Alta,-24.099449999999997,-53.87765,12.55,4110607
4108403,410840,Francisco Beltrão,PR,Sul,2025,102312,21,6,6,3,2.05,5.86,5.86,2.93,25.15,40.19,55.24,64.27,70.29,85.33,64.27,60.19,21.6,39.8,Alta,-26.065849999999998,-53.1321,0.0,4108403
4107702,410770,Fênix,PR,Sul,2025,4488,1,0,0,0,2.23,0.0,0.0,0.0,99.98,95.7,91.41,88.84,87.13,82.84,88.84,17.14,6.15,82.85,Muito alta,-23.8934,-52.042699999999996,18.97,4125803
4108502,410850,General Carneiro,PR,Sul,2025,10691,5,0,0,0,4.68,0.0,0.0,0.0,99.98,84.45,68.92,59.6,53.39,37.86,59.6,62.13,22.29,37.86,Alta,-26.4808,-51.4067,38.3,4213609
4108551,410855,Godoy Moreira,PR,Sul,2025,2911,2,1,1,1,6.87,34.35,34.35,34.35,0.57,2.98,5.39,6.83,7.79,10.2,6.83,9.62,3.45,90.38,Baixa,-24.15685,-51.90505,0.0,4108551
4108601,410860,Goioerê,PR,Sul,2025,28931,8,2,2,2,2.77,6.91,6.91,6.91,21.63,34.72,47.82,55.68,60.91,74.01,55.68,52.38,18.79,47.61,Alta,-24.17145,-53.059749999999994,0.0,4108601
4108650,410865,Goioxim,PR,Sul,2025,6469,1,0,0,0,1.55,0.0,0.0,0.0,99.98,97.71,95.44,94.08,93.17,90.9,94.08,9.08,3.26,90.92,Muito alta,-25.1376,-52.02525,42.74,4104428
4108700,410870,Grandes Rios,PR,Sul,2025,5527,3,0,0,0,5.43,0.0,0.0,0.0,99.98,81.24,62.5,51.26,43.76,25.02,51.26,74.96,26.9,25.03,Alta,-24.1976,-51.456649999999996,19.77,4111506
4108908,410890,Guairaçá,PR,Sul,2025,6762,1,1,1,1,1.48,14.79,14.79,14.79,6.44,27.71,48.98,61.74,70.24,91.51,61.74,85.07,30.52,14.92,Alta,-22.92055,-52.74035,0.0,4108908
4108957,410895,Guamiranga,PR,Sul,2025,7916,1,0,0,0,1.26,0.0,0.0,0.0,99.98,98.35,96.72,95.75,95.1,93.47,95.75,6.52,2.34,93.48,Muito alta,-25.173250000000003,-50.83605,26.32,4120606
4109005,410900,Guapirama,PR,Sul,2025,4857,1,0,0,0,2.06,0.0,0.0,0.0,99.98,96.31,92.64,90.44,88.97,85.3,90.44,14.68,5.27,85.31,Muito alta,-23.470950000000002,-50.07915,16.7,4120705
4109104,410910,Guaporema,PR,Sul,2025,2210,0,0,0,0,0.0,0.0,0.0,0.0,99.98,99.98,99.98,99.98,99.98,99.98,99.98,0.0,0.0,100.0,Muito alta,-23.333,-52.8293,12.76,4105607
4109203,410920,Guaraci,PR,Sul,2025,4743,3,0,0,0,6.33,0.0,0.0,0.0,99.98,78.55,57.11,44.25,35.67,14.23,44.25,85.75,30.77,14.24,Moderada,-22.9585,-51.68625,15.29,4111902
4109302,410930,Guaraniaçu,PR,Sul,2025,13770,7,0,0,0,5.08,0.0,0.0,0.0,99.98,82.53,65.07,54.6,47.61,30.16,54.6,69.83,25.05,30.16,Alta,-25.0438,-52.8467,21.73,4109757
4109401,410940,Guarapuava,PR,Sul,2025,189630,48,3,3,2,2.53,1.58,1.58,1.05,48.47,55.82,63.18,67.6,70.54,77.9,67.6,29.44,10.56,69.26,Alta,-25.354300000000002,-51.552499999999995,0.0,4109401
4109500,410950,Guaraqueçaba,PR,Sul,2025,7446,1,1,1,1,1.34,13.43,13.43,13.43,7.47,28.82,50.18,62.99,71.54,92.89,62.99,85.42,30.65,14.56,Alta,-25.23685,-48.3382,0.0,4109500
4109609,410960,Guaratuba,PR,Sul,2025,44913,7,0,0,0,1.56,0.0,0.0,0.0,99.98,97.68,95.37,93.98,93.06,90.76,93.98,9.23,3.31,90.77,Muito alta,-25.79365,-48.77105,21.64,4115705
4108809,410880,Guaíra,PR,Sul,2025,33058,13,1,1,1,3.93,3.02,3.02,3.02,41.52,44.17,46.81,48.4,49.46,52.11,48.4,10.59,3.8,79.32,Moderada,-24.1931,-54.222049999999996,0.0,4108809
4109658,410965,Honório Serpa,PR,Sul,2025,4803,4,0,0,0,8.33,0.0,0.0,0.0,99.98,76.31,52.65,38.45,28.98,5.31,38.45,94.67,33.97,5.31,Moderada,-26.16035,-52.394549999999995,18.24,4105706
4109708,410970,Ibaiti,PR,Sul,2025,29464,9,1,1,1,3.05,3.39,3.39,3.39,39.38,46.84,54.29,58.76,61.74,69.2,58.76,29.82,10.7,70.18,Alta,-23.78985,-50.295249999999996,0.0,4109708
4109757,410975,Ibema,PR,Sul,2025,6343,2,1,1,1,3.15,15.77,15.77,15.77,5.67,21.08,36.49,45.74,51.9,67.31,45.74,61.64,22.12,38.35,Moderada,-25.15305,-53.0256,0.0,4109757
4109807,410980,Ibiporã,PR,Sul,2025,53276,9,1,1,1,1.69,1.88,1.88,1.88,47.19,57.75,68.31,74.64,78.87,89.43,74.64,42.24,15.16,57.76,Alta,-23.2262,-51.05975,0.0,4109807
4109906,410990,Icaraíma,PR,Sul,2025,9149,3,0,0,0,3.28,0.0,0.0,0.0,99.98,91.22,82.46,77.21,73.7,64.94,77.21,35.04,12.57,64.96,Muito alta,-23.373399999999997,-53.602199999999996,16.17,4111555
4110003,411000,Iguaraçu,PR,Sul,2025,5693,2,0,0,0,3.51,0.0,0.0,0.0,99.98,90.15,80.31,74.41,70.47,60.64,74.41,39.35,14.12,60.65,Alta,-23.218899999999998,-51.83565,10.89,4102109
4110052,411005,Iguatu,PR,Sul,2025,2156,3,0,0,0,13.91,0.0,0.0,0.0,99.98,75.08,50.17,35.23,25.26,0.36,35.23,99.62,35.75,0.36,Moderada,-24.6822,-53.094899999999996,17.16,4106308
4110078,411007,Imbaú,PR,Sul,2025,15068,5,0,0,0,3.32,0.0,0.0,0.0,99.98,91.06,82.13,76.78,73.2,64.28,76.78,35.7,12.81,64.29,Muito alta,-24.4369,-50.744749999999996,31.74,4127106
4110102,411010,Imbituva,PR,Sul,2025,30849,1,0,0,0,0.32,0.0,0.0,0.0,99.98,99.54,99.09,98.83,98.65,98.2,98.83,1.78,0.64,98.22,Muito alta,-25.2245,-50.630700000000004,23.23,4127007
4110300,411030,Inajá,PR,Sul,2025,2481,1,1,1,1,4.03,40.31,40.31,40.31,0.31,12.81,25.32,32.82,37.83,50.33,32.82,50.03,17.95,49.96,Moderada,-22.7158,-52.22665,0.0,4110300
4110409,411040,Indianópolis,PR,Sul,2025,4544,3,1,0,0,6.6,22.01,0.0,0.0,2.41,4.85,7.29,8.75,9.73,12.17,8.75,9.76,3.5,89.08,Baixa,-23.48235,-52.67425,0.0,4110409
4110201,411020,Inácio Martins,PR,Sul,2025,9555,4,0,0,0,4.19,0.0,0.0,0.0,99.98,86.85,73.71,65.83,60.58,47.44,65.83,52.54,18.85,47.45,Alta,-25.65115,-51.1841,37.68,4110706
4110508,411050,Ipiranga,PR,Sul,2025,14317,4,0,0,0,2.79,0.0,0.0,0.0,99.98,93.35,86.72,82.74,80.08,73.45,82.74,26.53,9.52,73.46,Muito alta,-25.0111,-50.610200000000006,38.51,4127502
4110607,411060,Iporã,PR,Sul,2025,16102,2,2,1,1,1.24,12.42,6.21,6.21,8.56,29.81,51.06,63.81,72.31,93.56,63.81,84.99,30.5,14.99,Alta,-24.0599,-53.7619,0.0,4110607
4110656,411065,Iracema do Oeste,PR,Sul,2025,2328,2,0,0,0,8.59,0.0,0.0,0.0,99.98,76.14,52.3,37.99,28.46,4.61,37.99,95.37,34.22,4.61,Moderada,-24.43165,-53.35345,5.94,4112751
4110706,411070,Irati,PR,Sul,2025,61004,15,3,3,1,2.46,4.92,4.92,1.64,30.69,42.78,54.86,62.1,66.94,79.02,62.1,48.32,17.34,51.67,Alta,-25.48545,-50.8564,0.0,4110706
4110805,411080,Iretama,PR,Sul,2025,10832,2,1,0,0,1.85,9.23,0.0,0.0,13.89,32.28,50.66,61.7,69.05,87.43,61.7,73.54,26.39,26.45,Alta,-24.358449999999998,-52.115750000000006,0.0,4110805
4110904,411090,Itaguajé,PR,Sul,2025,4530,3,0,0,0,6.62,0.0,0.0,0.0,99.98,77.98,55.98,42.78,33.98,11.97,42.78,88.01,31.58,11.97,Moderada,-22.6714,-51.96745,16.19,4105904
4110953,411095,Itaipulândia,PR,Sul,2025,12116,1,1,1,1,0.83,8.25,8.25,8.25,16.84,36.72,56.61,68.54,76.49,96.37,68.54,79.54,28.54,20.45,Alta,-25.1348,-54.333600000000004,0.0,4110953
4111001,411100,Itambaracá,PR,Sul,2025,5819,1,1,0,0,1.72,17.19,0.0,0.0,4.67,25.76,46.86,59.52,67.95,89.05,59.52,84.38,30.28,15.6,Alta,-22.986150000000002,-50.432050000000004,0.0,4111001
4111100,411110,Itambé,PR,Sul,2025,6228,1,0,0,0,1.61,0.0,0.0,0.0,99.98,97.57,95.16,93.72,92.75,90.34,93.72,9.64,3.46,90.36,Muito alta,-23.7135,-52.01765,14.85,4107900
4111209,411120,Itapejara d'Oeste,PR,Sul,2025,12869,5,0,0,0,3.89,0.0,0.0,0.0,99.98,88.2,76.42,69.35,64.64,52.86,69.35,47.12,16.91,52.87,Alta,-25.98775,-52.8428,18.54,4128609
4111258,411125,Itaperuçu,PR,Sul,2025,33310,5,1,1,0,1.5,3.0,3.0,0.0,41.63,54.05,66.47,73.92,78.89,91.31,73.92,49.69,17.83,50.31,Alta,-25.11135,-49.46265,0.0,4111258
4111308,411130,Itaúna do Sul,PR,Sul,2025,3607,4,1,1,1,11.09,27.72,27.72,27.72,1.27,1.27,1.27,1.27,1.27,1.27,1.27,0.0,0.0,98.9,Baixa,-22.7305,-52.8919,0.0,4111308
4111506,411150,Ivaiporã,PR,Sul,2025,33566,11,1,1,1,3.28,2.98,2.98,2.98,41.73,47.54,53.35,56.83,59.15,64.96,56.83,23.23,8.33,75.87,Alta,-24.2813,-51.62864999999999,0.0,4111506
4111605,411160,Ivatuba,PR,Sul,2025,2685,2,0,0,0,7.45,0.0,0.0,0.0,99.98,76.88,53.77,39.91,30.66,7.56,39.91,92.43,33.16,7.56,Moderada,-23.58215,-52.1836,9.23,4107900
4111555,411155,Ivaté,PR,Sul,2025,6788,4,1,0,0,5.89,14.73,0.0,0.0,6.52,9.52,12.53,14.33,15.54,18.54,14.33,12.03,4.32,85.1,Baixa,-23.37805,-53.4439,0.0,4111555
4111407,411140,Ivaí,PR,Sul,2025,13476,2,0,0,0,1.48,0.0,0.0,0.0,99.98,97.84,95.7,94.42,93.56,91.42,94.42,8.56,3.07,91.44,Muito alta,-24.99585,-50.8585,27.96,4120606
4111704,411170,Jaboti,PR,Sul,2025,5655,2,1,1,1,3.54,17.68,17.68,17.68,4.34,18.27,32.19,40.55,46.12,60.04,40.55,55.7,19.99,44.29,Moderada,-23.7214,-50.0878,0.0,4111704
4111803,411180,Jacarezinho,PR,Sul,2025,41493,12,1,1,1,2.89,2.41,2.41,2.41,44.82,51.51,58.19,62.21,64.88,71.57,62.21,26.75,9.6,72.57,Alta,-23.144750000000002,-49.971599999999995,0.0,4111803
4111902,411190,Jaguapitã,PR,Sul,2025,15908,4,1,1,1,2.51,6.29,6.29,6.29,23.84,37.4,50.96,59.1,64.52,78.08,59.1,54.25,19.46,45.75,Alta,-23.04855,-51.57335,0.0,4111902
4112009,411200,Jaguariaíva,PR,Sul,2025,36384,5,1,1,1,1.37,2.75,2.75,2.75,43.12,55.48,67.85,75.27,80.22,92.59,75.27,49.47,17.75,50.52,Muito alta,-24.3398,-49.7217,0.0,4112009
4112108,411210,Jandaia do Sul,PR,Sul,2025,21930,6,2,1,1,2.74,9.12,4.56,4.56,14.38,29.42,44.45,53.48,59.49,74.53,53.48,60.15,21.58,39.84,Alta,-23.627299999999998,-51.69884999999999,0.0,4112108
4112207,411220,Janiópolis,PR,Sul,2025,5807,2,0,0,0,3.44,0.0,0.0,0.0,99.98,90.5,81.02,75.33,71.54,62.05,75.33,37.93,13.61,62.06,Muito alta,-24.1543,-52.7939,27.04,4108601
4112306,411230,Japira,PR,Sul,2025,5054,3,0,0,0,5.94,0.0,0.0,0.0,99.98,79.51,59.04,46.75,38.57,18.09,46.75,81.89,29.38,18.1,Moderada,-23.71305,-50.15905,7.31,4111704
4112405,411240,Japurá,PR,Sul,2025,9393,1,1,1,1,1.06,10.65,10.65,10.65,10.9,31.89,52.88,65.48,73.87,94.87,65.48,83.97,30.13,16.01,Alta,-23.43755,-52.540400000000005,0.0,4112405
4112504,411250,Jardim Alegre,PR,Sul,2025,12138,2,1,1,1,1.65,8.24,8.24,8.24,16.86,35.08,53.31,64.25,71.54,89.77,64.25,72.91,26.16,27.07,Alta,-24.2102,-51.758449999999996,0.0,4112504
4112603,411260,Jardim Olinda,PR,Sul,2025,1349,1,0,0,0,7.41,0.0,0.0,0.0,99.98,76.92,53.86,40.02,30.8,7.74,40.02,92.25,33.1,7.74,Moderada,-22.579050000000002,-52.078,21.54,4110300
4112702,411270,Jataizinho,PR,Sul,2025,11996,3,0,0,0,2.5,0.0,0.0,0.0,99.98,94.55,89.12,85.86,83.69,78.26,85.86,21.72,7.79,78.28,Muito alta,-23.248600000000003,-50.9169,10.93,4128401
4112751,411275,Jesuítas,PR,Sul,2025,10954,1,1,1,1,0.91,9.13,9.13,9.13,14.32,34.71,55.09,67.32,75.47,95.85,67.32,81.53,29.25,18.46,Alta,-24.4143,-53.4089,0.0,4112751
4112801,411280,Joaquim Távora,PR,Sul,2025,12341,1,1,1,1,0.81,8.1,8.1,8.1,17.16,37.0,56.85,68.75,76.69,96.54,68.75,79.38,28.48,20.61,Alta,-23.43875,-49.91585,0.0,4112801
4112900,411290,Jundiaí do Sul,PR,Sul,2025,3372,2,0,0,0,5.93,0.0,0.0,0.0,99.98,79.52,59.06,46.78,38.59,18.13,46.78,81.85,29.37,18.13,Moderada,-23.471400000000003,-50.2173,18.28,4121901
4112959,411295,Juranda,PR,Sul,2025,7899,3,0,0,0,3.8,0.0,0.0,0.0,99.98,88.64,77.29,70.49,65.95,54.6,70.49,45.38,16.28,54.61,Alta,-24.4044,-52.838350000000005,22.24,4128005
4113007,411300,Jussara,PR,Sul,2025,6786,4,0,0,0,5.89,0.0,0.0,0.0,99.98,79.61,59.24,47.02,38.88,18.51,47.02,81.48,29.23,18.51,Moderada,-23.655949999999997,-52.436350000000004,18.71,4105508
4113106,411310,Kaloré,PR,Sul,2025,4666,1,1,1,1,2.14,21.43,21.43,21.43,2.51,22.9,43.29,55.52,63.67,84.06,55.52,81.55,29.26,18.44,Alta,-23.859450000000002,-51.69145,0.0,4113106
4113205,411320,Lapa,PR,Sul,2025,45878,14,1,1,1,3.05,2.18,2.18,2.18,45.84,51.7,57.55,61.06,63.4,69.25,61.06,23.41,8.4,75.04,Alta,-25.78165,-49.8738,0.0,4113205
4113254,411325,Laranjal,PR,Sul,2025,5525,1,0,0,0,1.81,0.0,0.0,0.0,99.98,96.99,94.0,92.2,91.0,88.01,92.2,11.97,4.3,88.03,Muito alta,-24.88745,-52.5186,28.91,4116802
4113304,411330,Laranjeiras do Sul,PR,Sul,2025,33179,9,2,2,2,2.71,6.03,6.03,6.03,24.59,37.18,49.78,57.33,62.37,74.96,57.33,50.37,18.07,49.62,Alta,-25.31645,-52.410399999999996,0.0,4113304
4113403,411340,Leópolis,PR,Sul,2025,3725,4,0,0,0,10.74,0.0,0.0,0.0,99.98,75.41,50.83,36.09,26.26,1.69,36.09,98.29,35.27,1.69,Moderada,-23.02185,-50.7262,18.5,4126405
4113429,411342,Lidianópolis,PR,Sul,2025,3987,1,0,0,0,2.51,0.0,0.0,0.0,99.98,94.53,89.08,85.81,83.63,78.17,85.81,21.81,7.83,78.19,Muito alta,-24.0756,-51.63125,14.28,4103305
4113452,411345,Lindoeste,PR,Sul,2025,5217,2,1,1,1,3.83,19.17,19.17,19.17,3.45,16.0,28.55,36.08,41.1,53.65,36.08,50.21,18.01,49.78,Moderada,-25.2491,-53.5422,0.0,4113452
4113502,411350,Loanda,PR,Sul,2025,23966,7,2,1,1,2.92,8.35,4.17,4.17,16.66,30.3,43.94,52.13,57.58,71.23,52.13,54.57,19.58,45.42,Alta,-22.970999999999997,-53.08075,0.0,4113502
4113601,411360,Lobato,PR,Sul,2025,4707,1,0,0,0,2.12,0.0,0.0,0.0,99.98,96.06,92.14,89.78,88.22,84.29,89.78,15.69,5.63,84.31,Muito alta,-22.97905,-51.9841,17.39,4106704
4113700,411370,Londrina,PR,Sul,2025,581382,55,19,15,4,0.95,3.27,2.58,0.69,40.12,53.98,67.83,76.15,81.69,95.55,76.15,55.43,19.89,44.56,Muito alta,-23.4753,-51.0987,0.0,4113700
4113734,411373,Luiziana,PR,Sul,2025,6659,1,0,0,0,1.5,0.0,0.0,0.0,99.98,97.81,95.64,94.33,93.47,91.29,94.33,8.69,3.12,91.31,Muito alta,-24.3445,-52.29975,18.7,4110805
4113759,411375,Lunardelli,PR,Sul,2025,4864,2,1,1,1,4.11,20.56,20.56,20.56,2.93,14.42,25.91,32.81,37.4,48.9,32.81,45.97,16.49,54.02,Moderada,-24.075850000000003,-51.785650000000004,0.0,4113759
4113809,411380,Lupionópolis,PR,Sul,2025,4929,2,1,1,0,4.06,20.29,20.29,0.0,3.0,14.68,26.37,33.38,38.05,49.74,33.38,46.74,16.77,53.25,Moderada,-22.74465,-51.676649999999995,0.0,4113809
4113908,411390,Mallet,PR,Sul,2025,13681,8,1,1,1,5.85,7.31,7.31,7.31,19.3,19.26,19.22,19.19,19.18,19.13,19.19,0.16,0.06,87.65,Baixa,-25.8719,-50.84845,0.0,4113908
4114005,411400,Mamborê,PR,Sul,2025,13551,3,1,1,0,2.21,7.38,7.38,0.0,19.1,35.11,51.13,60.74,67.15,83.16,60.74,64.06,22.99,35.92,Alta,-24.349449999999997,-52.597449999999995,0.0,4114005
4114203,411420,Mandaguari,PR,Sul,2025,38313,8,1,1,1,2.09,2.61,2.61,2.61,43.74,54.04,64.34,70.52,74.64,84.94,70.52,41.2,14.78,58.8,Alta,-23.48375,-51.72365,0.0,4114203
4114104,411410,Mandaguaçu,PR,Sul,2025,34521,5,0,0,0,1.45,0.0,0.0,0.0,99.98,97.96,95.94,94.73,93.92,91.9,94.73,8.08,2.9,91.92,Muito alta,-23.2849,-52.07045,16.76,4115200
4114302,411430,Mandirituba,PR,Sul,2025,29104,5,0,0,0,1.72,0.0,0.0,0.0,99.98,97.25,94.53,92.89,91.8,89.07,92.89,10.91,3.92,89.08,Muito alta,-25.812800000000003,-49.32915,21.16,4121208
4114351,411435,Manfrinópolis,PR,Sul,2025,2790,4,0,0,0,14.34,0.0,0.0,0.0,99.98,75.06,50.13,35.18,25.21,0.29,35.18,99.69,35.77,0.29,Moderada,-26.1051,-53.3675,23.91,4108403
4114401,411440,Mangueirinha,PR,Sul,2025,16737,7,0,0,0,4.18,0.0,0.0,0.0,99.98,86.87,73.77,65.9,60.66,47.55,65.9,52.43,18.81,47.56,Alta,-26.03465,-52.231750000000005,33.35,4105706
4114500,411450,Manoel Ribas,PR,Sul,2025,14675,1,1,1,1,0.68,6.81,6.81,6.81,22.11,40.86,59.6,70.85,78.35,97.09,70.85,74.98,26.9,25.01,Alta,-24.49165,-51.6481,0.0,4114500
4114609,411460,Marechal Cândido Rondon,PR,Sul,2025,58734,20,2,2,1,3.41,3.41,3.41,1.7,39.33,45.15,50.97,54.46,56.79,62.61,54.46,23.28,8.35,74.36,Alta,-24.58985,-54.1619,0.0,4114609
4114708,411470,Maria Helena,PR,Sul,2025,5926,2,1,0,0,3.37,16.87,0.0,0.0,4.85,19.42,34.0,42.74,48.57,63.15,42.74,58.3,20.92,41.69,Moderada,-23.591,-53.2341,0.0,4114708
4114807,411480,Marialva,PR,Sul,2025,44749,9,0,0,0,2.01,0.0,0.0,0.0,99.98,96.45,92.93,90.81,89.4,85.87,90.81,14.11,5.06,85.89,Muito alta,-23.49775,-51.8857,3.29,4126256
4115002,411500,Marilena,PR,Sul,2025,7450,1,1,1,1,1.34,13.42,13.42,13.42,7.49,28.84,50.2,63.01,71.55,92.91,63.01,85.42,30.65,14.56,Alta,-22.736800000000002,-53.0613,0.0,4115002
4115101,411510,Mariluz,PR,Sul,2025,9910,2,0,0,0,2.02,0.0,0.0,0.0,99.98,96.43,92.88,90.75,89.33,85.78,90.75,14.2,5.09,85.8,Muito alta,-24.0552,-53.2166,20.51,4108601
4114906,411490,Marilândia do Sul,PR,Sul,2025,8761,1,0,0,0,1.14,0.0,0.0,0.0,99.98,98.53,97.08,96.21,95.63,94.18,96.21,5.8,2.08,94.2,Muito alta,-23.743299999999998,-51.292199999999994,22.9,4101408
4115200,411520,Maringá,PR,Sul,2025,429660,42,19,16,8,0.98,4.42,3.72,1.86,33.28,48.82,64.35,73.67,79.89,95.42,73.67,62.14,22.3,37.85,Alta,-23.405250000000002,-51.97165,0.0,4115200
4115358,411535,Maripá,PR,Sul,2025,6824,2,0,0,0,2.93,0.0,0.0,0.0,99.98,92.76,85.53,81.2,78.31,71.08,81.2,28.9,10.37,71.1,Muito alta,-24.472299999999997,-53.81115,18.05,4117222
4115309,411530,Mariópolis,PR,Sul,2025,6506,2,0,0,0,3.07,0.0,0.0,0.0,99.98,92.19,84.4,79.73,76.61,68.82,79.73,31.16,11.18,68.83,Muito alta,-26.3259,-52.598200000000006,20.76,4118501
4115408,411540,Marmeleiro,PR,Sul,2025,16605,3,0,0,0,1.81,0.0,0.0,0.0,99.98,97.0,94.02,92.23,91.04,88.06,92.23,11.92,4.28,88.08,Muito alta,-26.2455,-53.0873,20.47,4108403
4115457,411545,Marquinho,PR,Sul,2025,4491,2,0,0,0,4.45,0.0,0.0,0.0,99.98,85.48,70.97,62.27,56.47,41.97,62.27,58.01,20.82,41.97,Alta,-25.1189,-52.2439,27.62,4113304
4115507,411550,Marumbi,PR,Sul,2025,4780,2,1,1,1,4.18,20.92,20.92,20.92,2.75,13.94,25.14,31.86,36.34,47.53,31.86,44.79,16.07,55.21,Moderada,-23.752899999999997,-51.6658,0.0,4115507
4115606,411560,Matelândia,PR,Sul,2025,19223,6,1,1,1,3.12,5.2,5.2,5.2,29.31,38.94,48.57,54.35,58.2,67.83,54.35,38.52,13.82,61.47,Alta,-25.335749999999997,-53.90004999999999,0.0,4115606
4115705,411570,Matinhos,PR,Sul,2025,42063,7,1,1,1,1.66,2.38,2.38,2.38,45.0,56.16,67.32,74.02,78.48,89.64,74.02,44.64,16.02,55.35,Alta,-25.77585,-48.555800000000005,0.0,4115705
4115739,411573,Mato Rico,PR,Sul,2025,3249,3,0,0,0,9.23,0.0,0.0,0.0,99.98,75.82,51.65,37.15,27.49,3.32,37.15,96.66,34.68,3.32,Moderada,-24.6969,-52.235150000000004,34.02,4116802
4115754,411575,Mauá da Serra,PR,Sul,2025,9689,4,0,0,0,4.13,0.0,0.0,0.0,99.98,87.16,74.34,66.65,61.52,48.7,66.65,51.28,18.4,48.71,Alta,-23.916249999999998,-51.1785,18.79,4126678
4115804,411580,Medianeira,PR,Sul,2025,57910,11,2,2,2,1.9,3.45,3.45,3.45,39.15,51.09,63.02,70.18,74.96,86.9,70.18,47.75,17.13,52.24,Alta,-25.264699999999998,-54.0971,0.0,4115804
4115853,411585,Mercedes,PR,Sul,2025,6194,1,0,0,0,1.61,0.0,0.0,0.0,99.98,97.52,95.06,93.59,92.6,90.15,93.59,9.84,3.53,90.16,Muito alta,-24.43575,-54.19685,17.5,4114609
4115903,411590,Mirador,PR,Sul,2025,2248,2,0,0,0,8.9,0.0,0.0,0.0,99.98,75.98,51.97,37.57,27.97,3.97,37.57,96.02,34.45,3.97,Moderada,-23.2025,-52.7564,9.97,4100905
4116000,411600,Miraselva,PR,Sul,2025,2017,1,1,0,1,4.96,49.58,0.0,49.58,0.07,8.12,16.16,20.99,24.21,32.26,20.99,32.18,11.55,67.81,Baixa,-22.99165,-51.484449999999995,0.0,4116000
4116059,411605,Missal,PR,Sul,2025,11423,5,1,1,1,4.38,8.75,8.75,8.75,15.54,22.55,29.55,33.75,36.55,43.55,33.75,28.0,10.05,71.49,Moderada,-25.10595,-54.2589,0.0,4116059
4116109,411610,Moreira Sales,PR,Sul,2025,11043,5,0,0,0,4.53,0.0,0.0,0.0,99.98,85.13,70.28,61.37,55.43,40.59,61.37,59.4,21.31,40.59,Alta,-24.02315,-52.9933,17.82,4108601
4116208,411620,Morretes,PR,Sul,2025,19089,3,1,1,0,1.57,5.24,5.24,0.0,28.99,44.39,59.78,69.02,75.18,90.58,69.02,61.59,22.1,38.4,Alta,-25.5084,-48.827349999999996,0.0,4116208
4116307,411630,Munhoz de Melo,PR,Sul,2025,4057,3,0,0,0,7.39,0.0,0.0,0.0,99.98,76.95,53.91,40.09,30.88,7.84,40.09,92.14,33.06,7.85,Moderada,-23.130850000000002,-51.733999999999995,11.29,4102109
4116406,411640,Nossa Senhora das Graças,PR,Sul,2025,3669,2,0,0,0,5.45,0.0,0.0,0.0,99.98,81.18,62.39,51.11,43.59,24.79,51.11,75.19,26.98,24.79,Alta,-22.91785,-51.79535,20.62,4105904
4116505,411650,Nova Aliança do Ivaí,PR,Sul,2025,1322,1,0,0,0,7.56,0.0,0.0,0.0,99.98,76.79,53.6,39.68,30.41,7.22,39.68,92.77,33.29,7.22,Moderada,-23.1705,-52.62415,14.71,4126702
4116604,411660,Nova América da Colina,PR,Sul,2025,3286,1,0,0,0,3.04,0.0,0.0,0.0,99.98,92.34,84.71,80.12,77.07,69.43,80.12,30.55,10.96,69.44,Muito alta,-23.3349,-50.7025,17.34,4106407
4116703,411670,Nova Aurora,PR,Sul,2025,14331,3,1,1,1,2.09,6.98,6.98,6.98,21.07,37.02,52.96,62.53,68.91,84.85,62.53,63.78,22.88,36.21,Alta,-24.49075,-53.298100000000005,0.0,4116703
4116802,411680,Nova Cantu,PR,Sul,2025,6739,1,1,1,1,1.48,14.84,14.84,14.84,6.39,27.65,48.91,61.67,70.18,91.44,61.67,85.05,30.52,14.94,Alta,-24.63075,-52.5638,0.0,4116802
4116901,411690,Nova Esperança,PR,Sul,2025,27142,9,1,1,1,3.32,3.68,3.68,3.68,37.89,44.5,51.11,55.08,57.72,64.33,55.08,26.44,9.49,73.05,Alta,-23.1632,-52.26445,0.0,4116901
4116950,411695,Nova Esperança do Sudoeste,PR,Sul,2025,5783,1,1,1,1,1.73,17.29,17.29,17.29,4.6,25.68,46.77,59.42,67.86,88.94,59.42,84.35,30.27,15.64,Alta,-25.884349999999998,-53.26635,0.0,4116950
4117008,411700,Nova Fátima,PR,Sul,2025,7140,1,1,0,0,1.4,14.01,0.0,0.0,7.05,28.37,49.69,62.48,71.0,92.32,62.48,85.26,30.59,14.72,Alta,-23.4099,-50.5346,0.0,4117008
4117057,411705,Nova Laranjeiras,PR,Sul,2025,12298,4,0,0,0,3.25,0.0,0.0,0.0,99.98,91.33,82.68,77.49,74.03,65.37,77.49,34.61,12.42,65.39,Muito alta,-25.2226,-52.61845,23.38,4113304
4117107,411710,Nova Londrina,PR,Sul,2025,13074,6,1,1,1,4.59,7.65,7.65,7.65,18.33,23.61,28.9,32.07,34.19,39.47,32.07,21.15,7.59,76.61,Moderada,-22.7509,-52.9441,0.0,4117107
4117206,411720,Nova Olímpia,PR,Sul,2025,5982,1,1,1,1,1.67,16.72,16.72,16.72,4.94,26.09,47.24,59.94,68.4,89.55,59.94,84.62,30.36,15.37,Alta,-23.423650000000002,-53.07155,0.0,4117206
4117255,411725,Nova Prata do Iguaçu,PR,Sul,2025,13340,5,0,0,0,3.75,0.0,0.0,0.0,99.98,88.87,77.76,71.09,66.65,55.54,71.09,44.44,15.95,55.55,Alta,-25.587400000000002,-53.38095,17.28,4103057
4117214,411721,Nova Santa Bárbara,PR,Sul,2025,4308,2,0,0,0,4.64,0.0,0.0,0.0,99.98,84.59,69.21,59.97,53.82,38.43,59.97,61.55,22.09,38.44,Alta,-23.589599999999997,-50.757850000000005,23.14,4101903
4117222,411722,Nova Santa Rosa,PR,Sul,2025,8581,1,1,0,0,1.17,11.65,0.0,0.0,9.55,30.68,51.81,64.49,72.94,94.08,64.49,84.53,30.33,15.46,Alta,-24.44865,-53.9876,0.0,4117222
4117271,411727,Nova Tebas,PR,Sul,2025,6852,8,0,0,0,11.68,0.0,0.0,0.0,99.98,75.23,50.48,35.62,25.72,0.97,35.62,99.01,35.53,0.97,Moderada,-24.43195,-51.936,19.95,4110805
4117297,411729,Novo Itacolomi,PR,Sul,2025,3227,2,0,0,0,6.2,0.0,0.0,0.0,99.98,78.84,57.69,45.0,36.55,15.4,45.0,84.58,30.35,15.4,Moderada,-23.7845,-51.533950000000004,13.87,4115507
4117305,411730,Ortigueira,PR,Sul,2025,24706,13,0,0,0,5.26,0.0,0.0,0.0,99.98,81.83,63.68,52.79,45.53,27.37,52.79,72.61,26.05,27.38,Alta,-24.1035,-51.0257,30.16,4122651
4117404,411740,Ourizona,PR,Sul,2025,3193,3,0,0,0,9.4,0.0,0.0,0.0,99.98,75.75,51.52,36.98,27.28,3.05,36.98,96.93,34.78,3.05,Moderada,-23.461199999999998,-52.23665,12.37,4117503
4117453,411745,Ouro Verde do Oeste,PR,Sul,2025,7102,2,0,0,0,2.82,0.0,0.0,0.0,99.98,93.21,86.45,82.39,79.68,72.91,82.39,27.07,9.71,72.93,Muito alta,-24.79815,-53.9251,18.08,4127700
4117503,411750,Paiçandu,PR,Sul,2025,48695,7,2,1,0,1.44,4.11,2.05,0.0,34.75,49.05,63.35,71.92,77.64,91.94,71.92,57.19,20.52,42.8,Alta,-23.46165,-52.11535000000001,0.0,4117503
4117602,411760,Palmas,PR,Sul,2025,50238,11,1,1,1,2.19,1.99,1.99,1.99,46.76,55.95,65.13,70.64,74.32,83.5,70.64,36.74,13.18,63.25,Alta,-26.42185,-51.843999999999994,0.0,4117602
4117701,411770,Palmeira,PR,Sul,2025,34948,15,1,1,1,4.29,2.86,2.86,2.86,42.49,43.2,43.91,44.33,44.61,45.32,44.33,2.84,1.02,83.43,Moderada,-25.4568,-50.04985,0.0,4117701
4117800,411780,Palmital,PR,Sul,2025,12879,4,0,0,0,3.11,0.0,0.0,0.0,99.98,92.06,84.14,79.39,76.22,68.3,79.39,31.68,11.37,68.31,Muito alta,-24.8901,-52.2465,43.11,4116802
4117909,411790,Palotina,PR,Sul,2025,37039,10,2,2,2,2.7,5.4,5.4,5.4,27.98,39.8,51.62,58.72,63.44,75.26,58.72,47.28,16.97,52.71,Alta,-24.293950000000002,-53.817099999999996,0.0,4117909
4118105,411810,Paranacity,PR,Sul,2025,9549,3,0,0,0,3.14,0.0,0.0,0.0,99.98,91.87,83.76,78.89,75.64,67.53,78.89,32.45,11.64,67.54,Muito alta,-22.83305,-52.155150000000006,14.96,4110300
4118204,411820,Paranaguá,PR,Sul,2025,150104,12,3,3,3,0.8,2.0,2.0,2.0,46.69,59.17,71.65,79.14,84.13,96.61,79.14,49.92,17.91,50.07,Muito alta,-25.561799999999998,-48.4905,0.0,4118204
4118303,411830,Paranapoema,PR,Sul,2025,2352,2,0,0,0,8.5,0.0,0.0,0.0,99.98,76.19,52.4,38.12,28.6,4.81,38.12,95.17,34.15,4.81,Moderada,-22.64925,-52.0934,15.55,4110300
4118402,411840,Paranavaí,PR,Sul,2025,96209,23,4,3,2,2.39,4.16,3.12,2.08,34.45,45.93,57.4,64.29,68.88,80.36,64.29,45.92,16.48,54.08,Alta,-22.8747,-52.55355,0.0,4118402
4118006,411800,Paraíso do Norte,PR,Sul,2025,13728,5,0,0,0,3.64,0.0,0.0,0.0,99.98,89.44,78.9,72.57,68.36,57.82,72.57,42.16,15.13,57.83,Alta,-23.255650000000003,-52.6553,18.62,4126702
4118451,411845,Pato Bragado,PR,Sul,2025,6004,3,1,1,1,5.0,16.66,16.66,16.66,5.01,11.66,18.32,22.31,24.97,31.63,22.31,26.62,9.55,73.38,Baixa,-24.635849999999998,-54.24825,0.0,4118451
4118501,411850,Pato Branco,PR,Sul,2025,97821,19,1,1,1,1.94,1.02,1.02,1.02,50.28,59.35,68.43,73.87,77.5,86.57,73.87,36.3,13.02,62.96,Alta,-26.14945,-52.6662,0.0,4118501
4118600,411860,Paula Freitas,PR,Sul,2025,5706,3,0,0,0,5.26,0.0,0.0,0.0,99.98,81.84,63.7,52.82,45.57,27.43,52.82,72.55,26.03,27.43,Alta,-26.173250000000003,-50.84545,21.73,4207908
4118709,411870,Paulo Frontin,PR,Sul,2025,6414,2,0,0,0,3.12,0.0,0.0,0.0,99.98,91.98,83.98,79.18,75.98,67.98,79.18,32.01,11.48,67.99,Muito alta,-26.0753,-50.762600000000006,24.19,4113908
4118808,411880,Peabiru,PR,Sul,2025,13494,3,0,0,0,2.22,0.0,0.0,0.0,99.98,95.73,91.48,88.93,87.23,82.98,88.93,17.0,6.1,83.0,Muito alta,-23.9301,-52.31255,19.03,4107504
4118857,411885,Perobal,PR,Sul,2025,7599,2,0,0,0,2.63,0.0,0.0,0.0,99.98,94.1,88.22,84.7,82.35,76.47,84.7,23.51,8.44,76.48,Muito alta,-23.9583,-53.3842,28.42,4128104
4119152,411915,Pinhais,PR,Sul,2025,131255,14,1,0,0,1.07,0.76,0.0,0.0,50.89,61.87,72.86,79.45,83.84,94.83,79.45,43.94,15.77,56.05,Muito alta,-25.42495,-49.15365,0.0,4119152
4119251,411925,Pinhal de São Bento,PR,Sul,2025,2805,1,0,0,0,3.57,0.0,0.0,0.0,99.98,89.82,79.65,73.56,69.49,59.33,73.56,40.66,14.59,59.34,Alta,-26.00895,-53.4519,11.25,4101002
4119202,411920,Pinhalão,PR,Sul,2025,6676,2,1,1,1,3.0,14.98,14.98,14.98,6.21,22.19,38.17,47.76,54.15,70.13,47.76,63.92,22.94,36.07,Moderada,-23.8639,-50.066050000000004,0.0,4119202
4119301,411930,Pinhão,PR,Sul,2025,30451,12,0,0,0,3.94,0.0,0.0,0.0,99.98,87.96,75.93,68.71,63.9,51.88,68.71,48.11,17.26,51.89,Alta,-25.80225,-51.66445,39.68,4102901
4119509,411950,Piraquara,PR,Sul,2025,127433,20,3,0,0,1.57,2.35,0.0,0.0,45.09,56.47,67.84,74.67,79.22,90.59,74.67,45.5,16.33,54.49,Alta,-25.469949999999997,-49.05955,0.0,4119509
4119400,411940,Piraí do Sul,PR,Sul,2025,23977,7,1,0,0,2.92,4.17,0.0,0.0,34.37,43.6,52.83,58.36,62.05,71.28,58.36,36.91,13.24,63.09,Alta,-24.44565,-49.8918,0.0,4119400
4119608,411960,Pitanga,PR,Sul,2025,34527,2,1,1,1,0.58,2.9,2.9,2.9,42.27,56.06,69.84,78.12,83.63,97.42,78.12,55.14,19.79,44.85,Muito alta,-24.67295,-51.78745,0.0,4119608
4119657,411965,Pitangueiras,PR,Sul,2025,3141,1,0,0,0,3.18,0.0,0.0,0.0,99.98,91.68,83.39,78.41,75.09,66.79,78.41,33.19,11.91,66.8,Muito alta,-23.2068,-51.5713,16.47,4102109
4119103,411910,Piên,PR,Sul,2025,14409,5,0,0,0,3.47,0.0,0.0,0.0,99.98,90.38,80.78,75.01,71.17,61.57,75.01,38.41,13.78,61.58,Muito alta,-26.06675,-49.4469,17.07,4121208
4119707,411970,Planaltina do Paraná,PR,Sul,2025,4125,1,1,0,0,2.42,24.24,0.0,0.0,1.76,21.26,40.76,52.45,60.25,79.75,52.45,77.99,27.99,21.99,Alta,-23.090600000000002,-52.911199999999994,0.0,4119707
4119806,411980,Planalto,PR,Sul,2025,14722,4,1,1,1,2.72,6.79,6.79,6.79,22.2,35.37,48.53,56.43,61.69,74.85,56.43,52.65,18.89,47.34,Alta,-25.73525,-53.7258,0.0,4119806
4119905,411990,Ponta Grossa,PR,Sul,2025,375632,61,6,5,3,1.62,1.6,1.33,0.8,48.39,58.8,69.22,75.46,79.63,90.04,75.46,41.64,14.94,58.35,Muito alta,-25.13915,-50.0565,0.0,4119905
4119954,411995,Pontal do Paraná,PR,Sul,2025,33131,4,0,0,0,1.21,0.0,0.0,0.0,99.98,98.42,96.86,95.92,95.3,93.74,95.92,6.25,2.24,93.75,Muito alta,-25.63915,-48.47415,8.76,4118204
4120002,412000,Porecatu,PR,Sul,2025,11271,4,0,0,0,3.55,0.0,0.0,0.0,99.98,89.93,79.89,73.86,69.84,59.79,73.86,40.19,14.42,59.8,Alta,-22.74155,-51.414500000000004,16.36,4108007
4120101,412010,Porto Amazonas,PR,Sul,2025,4072,2,0,0,0,4.91,0.0,0.0,0.0,99.98,83.29,66.6,56.59,49.91,33.23,56.59,66.76,23.95,33.23,Alta,-25.5279,-49.878600000000006,18.92,4117701
4120150,412015,Porto Barreiro,PR,Sul,2025,3057,2,0,0,0,6.54,0.0,0.0,0.0,99.98,78.11,56.25,43.13,34.38,12.51,43.13,87.47,31.39,12.51,Moderada,-25.59215,-52.39985,23.63,4105409
4120200,412020,Porto Rico,PR,Sul,2025,3370,1,1,1,0,2.97,29.67,29.67,0.0,1.02,18.42,35.82,46.26,53.22,70.62,46.26,69.59,24.97,30.39,Moderada,-22.83435,-53.3245,0.0,4120200
4120309,412030,Porto Vitória,PR,Sul,2025,3515,3,0,0,0,8.53,0.0,0.0,0.0,99.98,76.17,52.35,38.06,28.54,4.72,38.06,95.26,34.18,4.72,Moderada,-26.241,-51.2053,17.79,4128203
4120333,412033,Prado Ferreira,PR,Sul,2025,3816,1,1,0,1,2.62,26.21,0.0,26.21,1.45,20.27,39.09,50.38,57.9,76.72,50.38,75.26,27.01,24.72,Alta,-23.026,-51.40625,0.0,4120333
4120358,412035,Pranchita,PR,Sul,2025,5831,1,1,1,1,1.71,17.15,17.15,17.15,4.74,25.83,46.92,59.58,68.01,89.1,59.58,84.37,30.27,15.62,Alta,-25.9723,-53.70415,0.0,4120358
4120408,412040,Presidente Castelo Branco,PR,Sul,2025,4304,3,0,0,0,6.97,0.0,0.0,0.0,99.98,77.41,54.83,41.28,32.25,9.68,41.28,90.31,32.4,9.68,Moderada,-23.269849999999998,-52.15135,16.56,4116901
4120507,412050,Primeiro de Maio,PR,Sul,2025,10064,4,1,0,1,3.97,9.94,0.0,9.94,11.76,21.66,31.57,37.51,41.47,51.37,37.51,39.62,14.21,60.38,Moderada,-22.85295,-51.0587,0.0,4120507
4120606,412060,Prudentópolis,PR,Sul,2025,50946,16,2,2,2,3.14,3.93,3.93,3.93,36.37,44.17,51.97,56.66,59.78,67.58,56.66,31.22,11.2,68.78,Alta,-25.130200000000002,-51.09315,0.0,4120606
4118907,411890,Pérola,PR,Sul,2025,12389,3,1,1,1,2.42,8.07,8.07,8.07,17.34,32.96,48.58,57.95,64.2,79.82,57.95,62.48,22.42,37.5,Alta,-23.8303,-53.7042,0.0,4118907
4119004,411900,Pérola d'Oeste,PR,Sul,2025,6218,1,0,0,0,1.61,0.0,0.0,0.0,99.98,97.55,95.12,93.66,92.69,90.25,93.66,9.73,3.49,90.27,Muito alta,-25.849,-53.72285,12.65,4119806
4120655,412065,Quarto Centenário,PR,Sul,2025,4127,3,0,0,0,7.27,0.0,0.0,0.0,99.98,77.06,54.13,40.37,31.2,8.27,40.37,91.71,32.91,8.28,Moderada,-24.31645,-53.14925,18.5,4108601
4120705,412070,Quatiguá,PR,Sul,2025,8426,1,1,1,1,1.19,11.87,11.87,11.87,9.23,30.38,51.53,64.22,72.68,93.83,64.22,84.6,30.36,15.39,Alta,-23.55625,-49.94435,0.0,4120705
4120804,412080,Quatro Barras,PR,Sul,2025,25397,9,0,0,0,3.54,0.0,0.0,0.0,99.98,89.96,79.93,73.92,69.91,59.88,73.92,40.1,14.39,59.89,Alta,-25.37375,-49.01515,11.59,4119509
4120853,412085,Quatro Pontes,PR,Sul,2025,4672,1,1,0,0,2.14,21.4,0.0,0.0,2.55,22.94,43.32,55.55,63.71,84.1,55.55,81.55,29.26,18.44,Alta,-24.57175,-53.965450000000004,0.0,4120853
4120903,412090,Quedas do Iguaçu,PR,Sul,2025,31423,12,1,1,1,3.82,3.18,3.18,3.18,40.55,43.94,47.33,49.36,50.71,54.1,49.36,13.55,4.86,77.83,Moderada,-25.4443,-52.9543,0.0,4120903
4121000,412100,Querência do Norte,PR,Sul,2025,10625,5,1,1,1,4.71,9.41,9.41,9.41,13.1,19.16,25.22,28.85,31.28,37.34,28.85,24.23,8.7,74.0,Moderada,-23.05985,-53.515699999999995,0.0,4121000
4121109,412110,Quinta do Sol,PR,Sul,2025,5052,1,0,0,0,1.98,0.0,0.0,0.0,99.98,96.52,93.05,90.97,89.59,86.12,90.97,13.86,4.97,86.14,Muito alta,-23.82355,-52.1494,14.77,4107504
4121208,412120,Quitandinha,PR,Sul,2025,18882,0,1,1,0,0.0,5.3,5.3,0.0,28.74,46.55,64.36,75.05,82.17,99.98,75.05,71.24,25.56,28.74,Muito alta,-25.92165,-49.5026,0.0,4121208
4121257,412125,Ramilândia,PR,Sul,2025,4279,0,0,0,0,0.0,0.0,0.0,0.0,99.98,99.98,99.98,99.98,99.98,99.98,99.98,0.0,0.0,100.0,Muito alta,-25.1024,-54.0877,17.24,4116059
4121307,412130,Rancho Alegre,PR,Sul,2025,3472,1,0,0,0,2.88,0.0,0.0,0.0,99.98,92.91,85.85,81.61,78.78,71.71,81.61,28.27,10.14,71.72,Muito alta,-23.0649,-50.92185,13.57,4126405
4121356,412135,Rancho Alegre D'Oeste,PR,Sul,2025,2623,3,0,0,0,11.44,0.0,0.0,0.0,99.98,75.25,50.52,35.68,25.79,1.06,35.68,98.92,35.5,1.06,Moderada,-24.267000000000003,-52.97045,13.96,4108601
4121406,412140,Realeza,PR,Sul,2025,20097,7,1,1,0,3.48,4.98,4.98,0.0,30.41,38.14,45.88,50.52,53.62,61.35,50.52,30.95,11.1,69.01,Alta,-25.6709,-53.545,0.0,4121406
4121505,412150,Rebouças,PR,Sul,2025,14825,0,0,0,0,0.0,0.0,0.0,0.0,99.98,99.98,99.98,99.98,99.98,99.98,99.98,0.0,0.0,100.0,Muito alta,-25.66895,-50.621849999999995,31.14,4110706
4121604,412160,Renascença,PR,Sul,2025,6945,1,0,0,0,1.44,0.0,0.0,0.0,99.98,97.97,95.95,94.74,93.94,91.92,94.74,8.06,2.89,91.94,Muito alta,-26.220550000000003,-52.9441,25.46,4108403
4121703,412170,Reserva,PR,Sul,2025,24878,4,0,0,0,1.61,0.0,0.0,0.0,99.98,97.55,95.13,93.67,92.7,90.27,93.67,9.71,3.48,90.29,Muito alta,-24.5943,-50.943,30.38,4104402
4121752,412175,Reserva do Iguaçu,PR,Sul,2025,6493,0,0,0,0,0.0,0.0,0.0,0.0,99.98,99.98,99.98,99.98,99.98,99.98,99.98,0.0,0.0,100.0,Muito alta,-25.87875,-51.98205,40.76,4104428
4121802,412180,Ribeirão Claro,PR,Sul,2025,12856,2,1,1,1,1.56,7.78,7.78,7.78,18.06,36.24,54.42,65.33,72.61,90.79,65.33,72.73,26.1,27.25,Alta,-23.2619,-49.7566,0.0,4121802
4121901,412190,Ribeirão do Pinhal,PR,Sul,2025,13158,2,1,1,1,1.52,7.6,7.6,7.6,18.45,36.64,54.82,65.73,73.0,91.19,65.73,72.73,26.1,27.25,Alta,-23.4291,-50.39045,0.0,4121901
4122008,412200,Rio Azul,PR,Sul,2025,14174,5,0,0,0,3.53,0.0,0.0,0.0,99.98,90.05,80.11,74.15,70.18,60.24,74.15,39.74,14.26,60.25,Alta,-25.73105,-50.79925,16.42,4113908
4122107,412210,Rio Bom,PR,Sul,2025,3214,2,0,0,0,6.22,0.0,0.0,0.0,99.98,78.8,57.62,44.91,36.44,15.26,44.91,84.72,30.4,15.26,Moderada,-23.794849999999997,-51.4324,23.98,4103305
4122156,412215,Rio Bonito do Iguaçu,PR,Sul,2025,14297,4,0,0,0,2.8,0.0,0.0,0.0,99.98,93.33,86.67,82.68,80.02,73.36,82.68,26.62,9.55,73.38,Muito alta,-25.557299999999998,-52.60975,30.04,4105409
4122172,412217,Rio Branco do Ivaí,PR,Sul,2025,3841,3,0,0,0,7.81,0.0,0.0,0.0,99.98,76.62,53.25,39.23,29.88,6.52,39.23,93.47,33.54,6.52,Moderada,-24.3445,-51.328450000000004,12.1,4122651
4122206,412220,Rio Branco do Sul,PR,Sul,2025,40308,10,0,0,0,2.48,0.0,0.0,0.0,99.98,94.64,89.29,86.09,83.95,78.6,86.09,21.38,7.67,78.62,Muito alta,-25.0645,-49.3255,14.76,4111258
4122305,412230,Rio Negro,PR,Sul,2025,31951,11,0,0,0,3.44,0.0,0.0,0.0,99.98,90.51,81.04,75.36,71.58,62.11,75.36,37.87,13.59,62.12,Muito alta,-26.0899,-49.710049999999995,25.1,4210100
4122404,412240,Rolândia,PR,Sul,2025,75818,10,3,2,2,1.32,3.96,2.64,2.64,36.12,50.35,64.58,73.11,78.81,93.04,73.11,56.92,20.42,43.07,Alta,-23.278550000000003,-51.414100000000005,0.0,4122404
4122503,412250,Roncador,PR,Sul,2025,11339,3,0,0,0,2.65,0.0,0.0,0.0,99.98,94.04,88.09,84.52,82.14,76.2,84.52,23.78,8.53,76.21,Muito alta,-24.565350000000002,-52.26705,27.64,4110805
4122602,412260,Rondon,PR,Sul,2025,9255,3,1,1,1,3.24,10.8,10.8,10.8,10.59,24.36,38.13,46.39,51.89,65.66,46.39,55.07,19.76,44.92,Moderada,-23.46365,-52.811499999999995,0.0,4122602
4122651,412265,Rosário do Ivaí,PR,Sul,2025,5484,3,1,1,1,5.47,18.23,18.23,18.23,3.97,9.08,14.2,17.27,19.31,24.43,17.27,20.46,7.34,78.92,Baixa,-24.313499999999998,-51.21395,0.0,4122651
4122701,412270,Sabáudia,PR,Sul,2025,9511,2,0,0,0,2.1,0.0,0.0,0.0,99.98,96.16,92.34,90.04,88.51,84.69,90.04,15.29,5.49,84.7,Muito alta,-23.3448,-51.595299999999995,18.6,4102109
4122800,412280,Salgado Filho,PR,Sul,2025,4090,1,0,0,0,2.44,0.0,0.0,0.0,99.98,94.79,89.6,86.48,84.41,79.21,86.48,20.77,7.45,79.23,Muito alta,-26.13345,-53.417500000000004,22.52,4124400
4122909,412290,Salto do Itararé,PR,Sul,2025,5214,2,0,0,0,3.84,0.0,0.0,0.0,99.98,88.39,76.79,69.83,65.19,53.6,69.83,46.38,16.64,53.61,Alta,-23.618699999999997,-49.692350000000005,9.63,4126603
4123006,412300,Salto do Lontra,PR,Sul,2025,15706,7,0,0,0,4.46,0.0,0.0,0.0,99.98,85.46,70.93,62.21,56.4,41.88,62.21,58.1,20.85,41.89,Alta,-25.7742,-53.269,12.25,4116950
4123105,412310,Santa Amélia,PR,Sul,2025,3358,1,0,0,0,2.98,0.0,0.0,0.0,99.98,92.6,85.21,80.78,77.82,70.44,80.78,29.55,10.6,70.45,Muito alta,-23.2543,-50.38635,12.22,4102406
4123204,412320,Santa Cecília do Pavão,PR,Sul,2025,3357,3,0,0,0,8.94,0.0,0.0,0.0,99.98,75.95,51.91,37.49,27.88,3.84,37.49,96.14,34.5,3.84,Moderada,-23.5362,-50.79015,16.36,4101903
4123303,412330,Santa Cruz de Monte Castelo,PR,Sul,2025,8840,6,0,0,0,6.79,0.0,0.0,0.0,99.98,77.67,55.36,41.97,33.05,10.73,41.97,89.25,32.02,10.74,Moderada,-23.076700000000002,-53.3725,13.98,4123709
4123402,412340,Santa Fé,PR,Sul,2025,11730,3,0,0,0,2.56,0.0,0.0,0.0,99.98,94.39,88.79,85.43,83.19,77.6,85.43,22.38,8.03,77.61,Muito alta,-23.061999999999998,-51.8322,21.63,4102109
4123501,412350,Santa Helena,PR,Sul,2025,26461,1,1,1,0,0.38,3.78,3.78,0.0,37.1,52.34,67.57,76.71,82.81,98.04,76.71,60.94,21.87,39.05,Muito alta,-24.8669,-54.30115,0.0,4123501
4123600,412360,Santa Inês,PR,Sul,2025,1745,2,0,0,0,11.46,0.0,0.0,0.0,99.98,75.25,50.51,35.67,25.78,1.04,35.67,98.94,35.5,1.04,Moderada,-22.719050000000003,-51.9074,12.35,4105904
4123709,412370,Santa Isabel do Ivaí,PR,Sul,2025,9043,2,1,1,1,2.21,11.06,11.06,11.06,10.23,28.47,46.72,57.66,64.96,83.2,57.66,72.97,26.18,27.02,Alta,-23.1074,-53.23995,0.0,4123709
4123808,412380,Santa Izabel do Oeste,PR,Sul,2025,14462,6,1,1,1,4.15,6.91,6.91,6.91,21.59,28.25,34.91,38.91,41.57,48.23,38.91,26.64,9.56,73.0,Moderada,-25.7776,-53.425,0.0,4123808
4123824,412382,Santa Lúcia,PR,Sul,2025,3638,2,0,0,0,5.5,0.0,0.0,0.0,99.98,80.99,62.0,50.6,43.01,24.02,50.6,75.96,27.26,24.02,Alta,-25.387,-53.55345,8.07,4104600
4123857,412385,Santa Maria do Oeste,PR,Sul,2025,9869,2,0,0,0,2.03,0.0,0.0,0.0,99.98,96.41,92.83,90.68,89.25,85.68,90.68,14.31,5.13,85.69,Muito alta,-24.899250000000002,-51.9045,27.8,4119608
4123907,412390,Santa Mariana,PR,Sul,2025,10941,0,1,1,1,0.0,9.14,9.14,9.14,14.27,35.7,57.13,69.98,78.55,99.98,69.98,85.71,30.75,14.27,Alta,-23.0561,-50.542550000000006,0.0,4123907
4123956,412395,Santa Mônica,PR,Sul,2025,3361,1,0,0,0,2.98,0.0,0.0,0.0,99.98,92.61,85.24,80.81,77.86,70.49,80.81,29.49,10.58,70.5,Muito alta,-23.1432,-53.117149999999995,13.17,4123709
4124020,412402,Santa Tereza do Oeste,PR,Sul,2025,13938,5,0,0,0,3.59,0.0,0.0,0.0,99.98,89.7,79.42,73.25,69.14,58.86,73.25,41.12,14.76,58.87,Alta,-25.02,-53.62545,24.71,4104808
4124053,412405,Santa Terezinha de Itaipu,PR,Sul,2025,25300,3,0,0,0,1.19,0.0,0.0,0.0,99.98,98.45,96.92,96.0,95.39,93.86,96.0,6.12,2.2,93.88,Muito alta,-25.43855,-54.415350000000004,4.27,4108304
4124004,412400,Santana do Itararé,PR,Sul,2025,5646,2,1,1,1,3.54,17.71,17.71,17.71,4.29,18.19,32.09,40.44,46.0,59.9,40.44,55.61,19.95,44.38,Moderada,-23.74575,-49.6558,0.0,4124004
4124103,412410,Santo Antônio da Platina,PR,Sul,2025,45628,9,3,2,2,1.97,6.57,4.38,4.38,22.96,38.79,54.62,64.12,70.45,86.29,64.12,63.33,22.72,36.66,Alta,-23.289949999999997,-50.082899999999995,0.0,4124103
4124202,412420,Santo Antônio do Caiuá,PR,Sul,2025,2474,1,1,1,1,4.04,40.42,40.42,40.42,0.29,12.74,25.2,32.68,37.66,50.12,32.68,49.83,17.88,50.16,Moderada,-22.69345,-52.3484,0.0,4124202
4124301,412430,Santo Antônio do Paraíso,PR,Sul,2025,2088,1,0,0,0,4.79,0.0,0.0,0.0,99.98,83.85,67.72,58.04,51.58,35.45,58.04,64.53,23.15,35.46,Alta,-23.58365,-50.6302,21.64,4117008
4124400,412440,Santo Antônio do Sudoeste,PR,Sul,2025,24980,2,1,1,1,0.8,4.0,4.0,4.0,35.74,50.95,66.16,75.29,81.38,96.59,75.29,60.85,21.83,39.14,Muito alta,-26.06675,-53.6304,0.0,4124400
4124509,412450,Santo Inácio,PR,Sul,2025,6463,3,0,0,0,4.64,0.0,0.0,0.0,99.98,84.6,69.22,59.99,53.83,38.45,59.99,61.53,22.08,38.46,Alta,-22.72255,-51.79265,12.15,4113809
4126207,412620,Sapopema,PR,Sul,2025,6778,1,1,1,1,1.48,14.75,14.75,14.75,6.46,27.73,49.0,61.77,70.27,91.55,61.77,85.08,30.53,14.9,Alta,-23.88535,-50.6118,0.0,4126207
4126256,412625,Sarandi,PR,Sul,2025,128106,13,1,1,1,1.01,0.78,0.78,0.78,50.85,61.94,73.03,79.68,84.12,95.21,79.68,44.35,15.92,55.64,Muito alta,-23.4757,-51.86425,0.0,4126256
4126272,412627,Saudade do Iguaçu,PR,Sul,2025,6413,1,0,0,0,1.56,0.0,0.0,0.0,99.98,97.67,95.35,93.96,93.04,90.72,93.96,9.26,3.32,90.74,Muito alta,-25.70945,-52.6105,17.16,4105409
4126306,412630,Sengés,PR,Sul,2025,17256,3,0,0,0,1.74,0.0,0.0,0.0,99.98,97.2,94.41,92.74,91.62,88.84,92.74,11.15,4.0,88.85,Muito alta,-24.2654,-49.41775,31.89,4112009
4126355,412635,Serranópolis do Iguaçu,PR,Sul,2025,5161,2,0,0,0,3.88,0.0,0.0,0.0,99.98,88.23,76.48,69.42,64.72,52.97,69.42,47.01,16.87,52.98,Alta,-25.46025,-54.024950000000004,18.68,4115606
4126405,412640,Sertaneja,PR,Sul,2025,5654,4,1,1,1,7.07,17.69,17.69,17.69,4.33,5.49,6.66,7.36,7.83,8.99,7.36,4.67,1.67,92.59,Baixa,-22.947049999999997,-50.8876,0.0,4126405
4126504,412650,Sertanópolis,PR,Sul,2025,16210,3,1,1,0,1.85,6.17,6.17,0.0,24.14,39.95,55.75,65.24,71.56,87.36,65.24,63.22,22.68,36.77,Alta,-23.0659,-51.055899999999994,0.0,4126504
4126603,412660,Siqueira Campos,PR,Sul,2025,24031,11,1,1,1,4.58,4.16,4.16,4.16,34.43,35.74,37.06,37.85,38.37,39.69,37.85,5.26,1.89,83.11,Moderada,-23.65615,-49.777550000000005,0.0,4126603
4126652,412665,Sulina,PR,Sul,2025,3498,2,0,0,0,5.72,0.0,0.0,0.0,99.98,80.16,60.33,48.43,40.5,20.68,48.43,79.3,28.46,20.68,Moderada,-25.664250000000003,-52.713300000000004,28.56,4105409
4124608,412460,São Carlos do Ivaí,PR,Sul,2025,6727,2,0,0,0,2.97,0.0,0.0,0.0,99.98,92.62,85.25,80.84,77.89,70.53,80.84,29.46,10.57,70.54,Muito alta,-23.3679,-52.49735,8.9,4112405
4124707,412470,São Jerônimo da Serra,PR,Sul,2025,10884,2,0,0,0,1.84,0.0,0.0,0.0,99.98,96.87,93.76,91.9,90.65,87.54,91.9,12.44,4.46,87.56,Muito alta,-23.707050000000002,-50.7535,24.51,4126207
4125209,412520,São Jorge d'Oeste,PR,Sul,2025,9587,4,0,0,0,4.17,0.0,0.0,0.0,99.98,86.93,73.87,66.04,60.82,47.77,66.04,52.22,18.74,47.77,Alta,-25.6585,-52.94025,19.29,4107207
4125308,412530,São Jorge do Ivaí,PR,Sul,2025,5170,2,0,0,0,3.87,0.0,0.0,0.0,99.98,88.26,76.53,69.49,64.8,53.08,69.49,46.9,16.83,53.09,Alta,-23.4359,-52.3005,19.1,4117503
4125357,412535,São Jorge do Patrocínio,PR,Sul,2025,6690,2,1,1,1,2.99,14.95,14.95,14.95,6.26,22.27,38.27,47.87,54.27,70.27,47.87,64.01,22.97,35.98,Moderada,-23.722949999999997,-53.926249999999996,0.0,4125357
4125407,412540,São José da Boa Vista,PR,Sul,2025,6023,3,1,1,1,4.98,16.6,16.6,16.6,5.08,11.78,18.49,22.51,25.19,31.9,22.51,26.82,9.62,73.18,Baixa,-23.955199999999998,-49.6644,0.0,4125407
4125456,412545,São José das Palmeiras,PR,Sul,2025,4031,1,1,1,1,2.48,24.81,24.81,24.81,1.63,20.88,40.13,51.68,59.37,78.62,51.68,76.99,27.62,23.0,Alta,-24.8168,-54.12105,0.0,4125456
4125506,412550,São José dos Pinhais,PR,Sul,2025,349880,31,2,2,2,0.89,0.57,0.57,0.57,51.14,62.37,73.6,80.33,84.82,96.05,80.33,44.91,16.11,55.08,Muito alta,-25.646749999999997,-49.0616,0.0,4125506
4124806,412480,São João,PR,Sul,2025,12297,3,0,0,0,2.44,0.0,0.0,0.0,99.98,94.8,89.62,86.52,84.45,79.27,86.52,20.71,7.43,79.28,Muito alta,-25.73685,-52.80945,21.47,4128609
4124905,412490,São João do Caiuá,PR,Sul,2025,5607,2,1,1,1,3.57,17.83,17.83,17.83,4.15,17.93,31.71,39.98,45.49,59.27,39.98,55.12,19.78,44.87,Moderada,-22.82985,-52.327,0.0,4124905
4125001,412500,São João do Ivaí,PR,Sul,2025,10639,4,1,1,1,3.76,9.4,9.4,9.4,13.18,23.69,34.21,40.52,44.73,55.25,40.52,42.08,15.1,57.92,Moderada,-24.002299999999998,-51.825900000000004,0.0,4125001
4125100,412510,São João do Triunfo,PR,Sul,2025,13899,3,1,1,1,2.16,7.19,7.19,7.19,19.58,35.65,51.72,61.37,67.79,83.86,61.37,64.28,23.06,35.71,Alta,-25.6837,-50.2926,0.0,4125100
4125555,412555,São Manoel do Paraná,PR,Sul,2025,2176,1,0,0,0,4.6,0.0,0.0,0.0,99.98,84.8,69.62,60.51,54.44,39.26,60.51,60.73,21.79,39.26,Alta,-23.378700000000002,-52.60455,9.26,4112405
4125605,412560,São Mateus do Sul,PR,Sul,2025,43490,22,1,1,1,5.06,2.3,2.3,2.3,45.34,41.64,37.93,35.7,34.22,30.52,35.7,14.83,5.32,74.65,Moderada,-25.926949999999998,-50.44855,0.0,4125605
4125704,412570,São Miguel do Iguaçu,PR,Sul,2025,30416,1,1,1,1,0.33,3.29,3.29,3.29,39.94,54.5,69.06,77.8,83.63,98.19,77.8,58.25,20.9,41.74,Muito alta,-25.396749999999997,-54.25305,0.0,4125704
4125753,412575,São Pedro do Iguaçu,PR,Sul,2025,5730,6,0,0,0,10.47,0.0,0.0,0.0,99.98,75.48,50.98,36.28,26.48,1.97,36.28,98.01,35.17,1.97,Moderada,-24.8911,-53.86995,13.14,4128559
4125803,412580,São Pedro do Ivaí,PR,Sul,2025,8514,2,1,1,1,2.35,11.75,11.75,11.75,9.35,27.28,45.2,55.95,63.12,81.04,55.95,71.69,25.72,28.29,Alta,-23.82945,-51.8698,0.0,4125803
4125902,412590,São Pedro do Paraná,PR,Sul,2025,2726,3,0,0,0,11.01,0.0,0.0,0.0,99.98,75.35,50.71,35.93,26.07,1.44,35.93,98.55,35.36,1.44,Moderada,-22.7759,-53.18245,13.16,4115002
4126009,412600,São Sebastião da Amoreira,PR,Sul,2025,8063,2,0,0,0,2.48,0.0,0.0,0.0,99.98,94.65,89.31,86.11,83.98,78.64,86.11,21.34,7.66,78.65,Muito alta,-23.4521,-50.71775,16.94,4101903
4126108,412610,São Tomé,PR,Sul,2025,5282,2,0,0,0,3.79,0.0,0.0,0.0,99.98,88.68,77.38,70.6,66.08,54.78,70.6,45.2,16.22,54.79,Alta,-23.52205,-52.536550000000005,9.4,4112405
4126678,412667,Tamarana,PR,Sul,2025,10540,4,1,1,1,3.8,9.49,9.49,9.49,12.73,23.21,33.69,39.98,44.18,54.66,39.98,41.93,15.05,58.06,Moderada,-23.81475,-51.0308,0.0,4126678
4126702,412670,Tamboara,PR,Sul,2025,4986,2,1,0,0,4.01,20.06,0.0,0.0,3.18,15.06,26.94,34.07,38.83,50.71,34.07,47.53,17.06,52.46,Moderada,-23.199350000000003,-52.4837,0.0,4126702
4126801,412680,Tapejara,PR,Sul,2025,16326,4,0,0,0,2.45,0.0,0.0,0.0,99.98,94.76,89.54,86.4,84.31,79.09,86.4,20.89,7.5,79.1,Muito alta,-23.638849999999998,-52.8718,20.43,4122602
4126900,412690,Tapira,PR,Sul,2025,5807,3,0,0,0,5.17,0.0,0.0,0.0,99.98,82.18,64.39,53.71,46.59,28.79,53.71,71.19,25.54,28.8,Alta,-23.33865,-53.11615,10.49,4117206
4127007,412700,Teixeira Soares,PR,Sul,2025,9540,3,1,0,1,3.14,10.48,0.0,10.48,11.16,25.24,39.32,47.77,53.4,67.47,47.77,56.31,20.2,43.68,Moderada,-25.312350000000002,-50.42115,0.0,4127007
4127106,412710,Telêmaco Borba,PR,Sul,2025,77479,20,1,1,1,2.58,1.29,1.29,1.29,49.45,56.4,63.35,67.51,70.29,77.24,67.51,27.79,9.97,70.38,Alta,-24.25355,-50.504599999999996,0.0,4127106
4127205,412720,Terra Boa,PR,Sul,2025,18168,4,0,0,0,2.2,0.0,0.0,0.0,99.98,95.81,91.64,89.13,87.46,83.29,89.13,16.69,5.99,83.3,Muito alta,-23.6953,-52.39145,13.72,4107504
4127304,412730,Terra Rica,PR,Sul,2025,14961,7,1,1,1,4.68,6.68,6.68,6.68,22.55,26.36,30.18,32.47,34.0,37.82,32.47,15.28,5.48,79.3,Moderada,-22.7194,-52.69355,0.0,4127304
4127403,412740,Terra Roxa,PR,Sul,2025,18636,5,0,0,0,2.68,0.0,0.0,0.0,99.98,93.85,87.72,84.04,81.59,75.46,84.04,24.52,8.8,75.48,Muito alta,-24.187800000000003,-54.068799999999996,15.56,4108809
4127502,412750,Tibagi,PR,Sul,2025,20374,7,1,1,1,3.44,4.91,4.91,4.91,30.77,38.65,46.53,51.25,54.41,62.29,51.25,31.52,11.31,68.47,Alta,-24.68325,-50.48725,0.0,4127502
4127601,412760,Tijucas do Sul,PR,Sul,2025,18458,0,0,0,0,0.0,0.0,0.0,0.0,99.98,99.98,99.98,99.98,99.98,99.98,99.98,0.0,0.0,100.0,Muito alta,-25.887549999999997,-49.13005,27.35,4203303
4127700,412770,Toledo,PR,Sul,2025,160701,28,6,6,3,1.74,3.73,3.73,1.87,37.5,50.31,63.13,70.82,75.95,88.76,70.82,51.27,18.39,48.73,Alta,-24.697450000000003,-53.784549999999996,0.0,4127700
4127809,412780,Tomazina,PR,Sul,2025,8523,1,1,1,1,1.17,11.73,11.73,11.73,9.37,30.52,51.67,64.36,72.82,93.97,64.36,84.6,30.36,15.39,Alta,-23.7196,-49.95995,0.0,4127809
4127858,412785,Três Barras do Paraná,PR,Sul,2025,11157,1,1,1,1,0.9,8.96,8.96,8.96,14.83,35.12,55.41,67.59,75.7,96.0,67.59,81.17,29.13,18.82,Alta,-25.45415,-53.22365,0.0,4127858
4127882,412788,Tunas do Paraná,PR,Sul,2025,6304,3,0,0,0,4.76,0.0,0.0,0.0,99.98,84.05,68.12,58.56,52.19,36.26,58.56,63.72,22.86,36.27,Alta,-24.9391,-48.8868,43.17,4105201
4127908,412790,Tuneiras do Oeste,PR,Sul,2025,8067,4,1,1,1,4.96,12.4,12.4,12.4,8.6,14.51,20.42,23.96,26.33,32.24,23.96,23.64,8.48,75.06,Baixa,-23.85915,-52.8609,0.0,4127908
4127957,412795,Tupãssi,PR,Sul,2025,8208,2,0,0,0,2.44,0.0,0.0,0.0,99.98,94.82,89.65,86.55,84.49,79.32,86.55,20.66,7.41,79.34,Muito alta,-24.639699999999998,-53.51125,17.43,4103453
4127965,412796,Turvo,PR,Sul,2025,14101,6,1,1,1,4.26,7.09,7.09,7.09,20.28,26.78,33.27,37.17,39.76,46.26,37.17,25.97,9.32,73.29,Moderada,-24.96665,-51.53455,0.0,4127965
4128005,412800,Ubiratã,PR,Sul,2025,25732,11,2,2,2,4.27,7.77,7.77,7.77,18.08,25.0,31.93,36.09,38.86,45.79,36.09,27.71,9.94,71.8,Moderada,-24.50835,-53.0261,0.0,4128005
4128104,412810,Umuarama,PR,Sul,2025,123059,26,5,4,3,2.11,4.06,3.25,2.44,35.18,47.5,59.83,67.22,72.15,84.47,67.22,49.29,17.69,50.7,Alta,-23.7043,-53.4152,0.0,4128104
4128302,412830,Uniflor,PR,Sul,2025,2106,2,0,0,0,9.5,0.0,0.0,0.0,99.98,75.71,51.44,36.88,27.18,2.91,36.88,97.07,34.83,2.91,Moderada,-23.06445,-52.10685,10.35,4106704
4128203,412820,União da Vitória,PR,Sul,2025,56560,14,3,2,2,2.48,5.3,3.54,3.54,28.67,41.18,53.69,61.2,66.2,78.71,61.2,50.04,17.96,49.95,Alta,-26.1194,-51.0894,0.0,4128203
4128401,412840,Uraí,PR,Sul,2025,10308,2,1,1,1,1.94,9.7,9.7,9.7,12.15,30.76,49.37,60.54,67.98,86.59,60.54,74.44,26.71,25.55,Alta,-23.207749999999997,-50.8196,0.0,4128401
4128534,412853,Ventania,PR,Sul,2025,9760,2,0,0,0,2.05,0.0,0.0,0.0,99.98,96.35,92.71,90.53,89.08,85.44,90.53,14.54,5.22,85.46,Muito alta,-24.1926,-50.228300000000004,27.97,4101606
4128559,412855,Vera Cruz do Oeste,PR,Sul,2025,8178,1,1,1,1,1.22,12.23,12.23,12.23,8.78,29.99,51.21,63.94,72.43,93.65,63.94,84.87,30.45,15.12,Alta,-24.9969,-53.92795,0.0,4128559
4128609,412860,Verê,PR,Sul,2025,8077,0,1,1,1,0.0,12.38,12.38,12.38,8.63,31.47,54.31,68.01,77.15,99.98,68.01,91.35,32.78,8.64,Alta,-25.86575,-52.96915,0.0,4128609
4128658,412865,Virmond,PR,Sul,2025,3828,2,0,0,0,5.22,0.0,0.0,0.0,99.98,81.96,63.95,53.14,45.93,27.91,53.14,72.07,25.86,27.92,Alta,-25.416150000000002,-52.2354,20.54,4104428
4128708,412870,Vitorino,PR,Sul,2025,10549,2,0,0,0,1.9,0.0,0.0,0.0,99.98,96.72,93.47,91.51,90.21,86.95,91.51,13.03,4.68,86.97,Muito alta,-26.25305,-52.794399999999996,17.21,4118501
4128500,412850,Wenceslau Braz,PR,Sul,2025,19398,11,1,1,1,5.67,5.16,5.16,5.16,29.49,27.45,25.41,24.18,23.37,21.32,24.18,8.17,2.93,80.31,Baixa,-23.870449999999998,-49.79805,0.0,4128500
4128807,412880,Xambrê,PR,Sul,2025,5835,2,0,0,0,3.43,0.0,0.0,0.0,99.98,90.58,81.17,75.53,71.76,62.36,75.53,37.62,13.5,62.37,Muito alta,-23.749699999999997,-53.60365,13.6,4118907
4101150,410115,Ângulo,PR,Sul,2025,3357,1,0,0,0,2.98,0.0,0.0,0.0,99.98,92.59,85.19,80.75,77.8,70.4,80.75,29.58,10.61,70.41,Muito alta,-23.1984,-51.915350000000004,19.31,4102109
3300100,330010,Angra dos Reis,RJ,Sudeste,2025,179142,55,4,1,0,3.07,2.23,0.56,0.0,45.68,51.49,57.31,60.79,63.12,68.93,60.79,23.25,8.34,75.17,Alta,-23.030299999999997,-44.3666,0.0,3300100
3300159,330015,Aperibé,RJ,Sudeste,2025,11426,7,0,0,0,6.13,0.0,0.0,0.0,99.98,79.03,58.08,45.51,37.13,16.17,45.51,83.81,30.07,16.18,Moderada,-21.65315,-42.129850000000005,9.41,3302106
3300209,330020,Araruama,RJ,Sudeste,2025,137906,0,4,4,3,0.0,2.9,2.9,2.18,42.24,56.67,71.11,79.77,85.55,99.98,79.77,57.75,20.72,42.24,Muito alta,-22.7461,-42.28935,0.0,3300209
3300225,330022,Areal,RJ,Sudeste,2025,12239,5,0,0,0,4.09,0.0,0.0,0.0,99.98,87.32,74.66,67.07,62.0,49.34,67.07,50.64,18.17,49.35,Alta,-22.23465,-43.11475,12.7,3306008
3300233,330023,Armação dos Búzios,RJ,Sudeste,2025,42527,22,1,1,1,5.17,2.35,2.35,2.35,45.14,41.03,36.91,34.45,32.8,28.68,34.45,16.46,5.91,73.25,Moderada,-22.776200000000003,-41.95885,0.0,3300233
3300258,330025,Arraial do Cabo,RJ,Sudeste,2025,32822,9,0,0,0,2.74,0.0,0.0,0.0,99.98,93.58,87.18,83.34,80.78,74.39,83.34,25.6,9.18,74.4,Muito alta,-22.915349999999997,-42.15995,15.1,3305208
3300407,330040,Barra Mansa,RJ,Sudeste,2025,181679,51,10,5,2,2.81,5.5,2.75,1.1,27.43,38.86,50.3,57.16,61.73,73.16,57.16,45.74,16.41,54.25,Alta,-22.48535,-44.17385,0.0,3300407
3300308,330030,Barra do Piraí,RJ,Sudeste,2025,98506,28,2,0,0,2.84,2.03,0.0,0.0,46.56,53.04,59.52,63.41,66.0,72.48,63.41,25.92,9.3,72.73,Alta,-22.424599999999998,-43.91645,0.0,3300308
3300456,330045,Belford Roxo,RJ,Sudeste,2025,518384,55,6,5,4,1.06,1.16,0.96,0.77,49.9,61.16,72.42,79.18,83.68,94.94,79.18,45.04,16.16,54.96,Muito alta,-22.73135,-43.37695,0.0,3300456
3300506,330050,Bom Jardim,RJ,Sudeste,2025,29758,9,0,0,0,3.02,0.0,0.0,0.0,99.98,92.41,84.83,80.29,77.26,69.68,80.29,30.3,10.87,69.69,Muito alta,-22.2048,-42.3804,14.48,3303401
3300605,330060,Bom Jesus do Itabapoana,RJ,Sudeste,2025,37176,36,0,0,0,9.68,0.0,0.0,0.0,99.98,75.68,51.37,36.79,27.07,2.76,36.79,97.22,34.88,2.76,Moderada,-21.095,-41.66005,9.49,3200508
3300704,330070,Cabo Frio,RJ,Sudeste,2025,238438,3,3,3,2,0.13,1.26,1.26,0.84,49.52,61.73,73.94,81.26,86.14,98.35,81.26,48.82,17.52,51.17,Muito alta,-22.73775,-42.075900000000004,0.0,3300704
3300803,330080,Cachoeiras de Macacu,RJ,Sudeste,2025,59861,29,1,1,1,4.84,1.67,1.67,1.67,48.16,44.7,41.25,39.18,37.79,34.34,39.18,13.82,4.96,78.24,Moderada,-22.520899999999997,-42.7368,0.0,3300803
3300902,330090,Cambuci,RJ,Sudeste,2025,15069,7,0,0,0,4.65,0.0,0.0,0.0,99.98,84.58,69.18,59.94,53.78,38.38,59.94,61.6,22.1,38.38,Alta,-21.48375,-41.9149,25.92,3302056
3301009,330100,Campos dos Goytacazes,RJ,Sudeste,2025,519259,91,14,9,2,1.75,2.7,1.73,0.39,43.35,54.67,65.99,72.79,77.32,88.64,72.79,45.29,16.25,54.7,Alta,-21.649050000000003,-41.43415,0.0,3301009
3301108,330110,Cantagalo,RJ,Sudeste,2025,19995,0,0,0,0,0.0,0.0,0.0,0.0,99.98,99.98,99.98,99.98,99.98,99.98,99.98,0.0,0.0,100.0,Muito alta,-21.8674,-42.3381,20.94,3301504
3300936,330093,Carapebus,RJ,Sudeste,2025,14329,5,0,0,0,3.49,0.0,0.0,0.0,99.98,90.27,80.55,74.72,70.84,61.12,74.72,38.86,13.94,61.13,Alta,-22.20415,-41.6555,33.51,3302403
3301157,330115,Cardoso Moreira,RJ,Sudeste,2025,13407,8,0,0,0,5.97,0.0,0.0,0.0,99.98,79.43,58.88,46.54,38.32,17.77,46.54,82.21,29.5,17.77,Moderada,-21.536749999999998,-41.50855,14.67,3301009
3301207,330120,Carmo,RJ,Sudeste,2025,17741,7,0,0,0,3.95,0.0,0.0,0.0,99.98,87.92,75.86,68.62,63.79,51.73,68.62,48.25,17.31,51.74,Alta,-21.892200000000003,-42.56145,21.84,3101508
3301306,330130,Casimiro de Abreu,RJ,Sudeste,2025,48636,13,0,0,0,2.67,0.0,0.0,0.0,99.98,93.91,87.85,84.21,81.78,75.71,84.21,24.27,8.71,75.73,Muito alta,-22.479799999999997,-42.1417,20.66,3304524
3300951,330095,Comendador Levy Gasparian,RJ,Sudeste,2025,9048,4,1,0,0,4.42,11.05,0.0,0.0,10.25,18.35,26.46,31.32,34.56,42.67,31.32,32.42,11.63,67.58,Moderada,-22.05355,-43.23865,0.0,3300951
3301405,330140,Conceição de Macabu,RJ,Sudeste,2025,21770,3,0,0,0,1.38,0.0,0.0,0.0,99.98,98.12,96.26,95.14,94.4,92.53,95.14,7.45,2.67,92.55,Muito alta,-22.161949999999997,-41.81675,20.67,3302403
3301504,330150,Cordeiro,RJ,Sudeste,2025,21448,7,1,1,0,3.26,4.66,4.66,0.0,32.08,40.36,48.64,53.6,56.92,65.19,53.6,33.12,11.88,66.88,Alta,-22.05565,-42.34205,0.0,3301504
3301603,330160,Duas Barras,RJ,Sudeste,2025,11355,7,0,0,0,6.16,0.0,0.0,0.0,99.98,78.93,57.88,45.25,36.83,15.78,45.25,84.2,30.21,15.78,Moderada,-22.03555,-42.47935,14.33,3301504
3301702,330170,Duque de Caxias,RJ,Sudeste,2025,866225,78,9,8,4,0.9,1.04,0.92,0.46,50.22,61.66,73.09,79.95,84.53,95.96,79.95,45.74,16.41,54.25,Muito alta,-22.64275,-43.30555,0.0,3301702
3301801,330180,Engenheiro Paulo de Frontin,RJ,Sudeste,2025,12644,6,0,0,0,4.75,0.0,0.0,0.0,99.98,84.13,68.27,58.76,52.42,36.56,58.76,63.42,22.76,36.57,Alta,-22.51245,-43.63665,11.16,3302809
3301850,330185,Guapimirim,RJ,Sudeste,2025,54311,5,3,1,1,0.92,5.52,1.84,1.84,27.28,44.4,61.52,71.8,78.64,95.76,71.8,68.48,24.57,31.51,Alta,-22.5913,-42.96395,0.0,3301850
3301876,330187,Iguaba Grande,RJ,Sudeste,2025,29616,12,0,0,0,4.05,0.0,0.0,0.0,99.98,87.47,74.95,67.44,62.43,49.92,67.44,50.06,17.96,49.93,Alta,-22.83145,-42.2153,9.6,3305208
3301900,330190,Itaboraí,RJ,Sudeste,2025,240127,42,3,3,0,1.75,1.25,1.25,0.0,49.58,59.36,69.14,75.01,78.93,88.71,75.01,39.13,14.04,60.84,Muito alta,-22.75565,-42.8801,0.0,3301900
3302007,330200,Itaguaí,RJ,Sudeste,2025,124021,41,5,4,1,3.31,4.03,3.23,0.81,35.4,42.68,49.96,54.33,57.25,64.53,54.33,29.13,10.45,69.82,Alta,-22.8783,-43.802800000000005,0.0,3302007
3302056,330205,Italva,RJ,Sudeste,2025,14518,8,1,1,1,5.51,6.89,6.89,6.89,21.74,22.23,22.72,23.02,23.22,23.71,23.02,1.97,0.71,85.92,Baixa,-21.45655,-41.66615,0.0,3302056
3302106,330210,Itaocara,RJ,Sudeste,2025,23645,4,2,2,1,1.69,8.46,8.46,4.23,16.41,34.65,52.9,63.85,71.15,89.39,63.85,72.99,26.19,27.0,Alta,-21.72775,-42.0869,0.0,3302106
3302205,330220,Itaperuna,RJ,Sudeste,2025,107297,29,2,2,0,2.7,1.86,1.86,0.0,47.26,54.23,61.2,65.38,68.17,75.14,65.38,27.88,10.0,70.9,Alta,-21.21535,-41.8902,0.0,3302205
3302254,330225,Itatiaia,RJ,Sudeste,2025,32713,9,0,0,0,2.75,0.0,0.0,0.0,99.98,93.56,87.14,83.29,80.72,74.3,83.29,25.69,9.22,74.31,Muito alta,-22.4417,-44.571,3.74,3304201
3302270,330227,Japeri,RJ,Sudeste,2025,102171,15,0,0,0,1.47,0.0,0.0,0.0,99.98,97.88,95.78,94.52,93.68,91.58,94.52,8.4,3.01,91.6,Muito alta,-22.67,-43.606750000000005,7.13,3304144
3302304,330230,Laje do Muriaé,RJ,Sudeste,2025,7584,6,0,0,0,7.91,0.0,0.0,0.0,99.98,76.52,53.06,38.98,29.6,6.14,38.98,93.84,33.67,6.14,Moderada,-21.25255,-42.1365,25.86,3302205
3302403,330240,Macaé,RJ,Sudeste,2025,264439,62,6,5,3,2.34,2.27,1.89,1.13,45.52,54.43,63.34,68.68,72.24,81.15,68.68,35.63,12.79,64.36,Alta,-22.282049999999998,-41.97,0.0,3302403
3302452,330245,Macuco,RJ,Sudeste,2025,5602,4,0,0,0,7.14,0.0,0.0,0.0,99.98,77.18,54.37,40.69,31.57,8.76,40.69,91.22,32.73,8.76,Moderada,-22.031,-42.26875,8.04,3301504
3302502,330250,Magé,RJ,Sudeste,2025,244142,75,3,3,1,3.07,1.23,1.23,0.41,49.63,54.44,59.25,62.14,64.06,68.87,62.14,19.24,6.9,77.4,Alta,-22.60615,-43.1173,0.0,3302502
3302601,330260,Mangaratiba,RJ,Sudeste,2025,43660,17,0,0,0,3.89,0.0,0.0,0.0,99.98,88.16,76.33,69.24,64.51,52.68,69.24,47.3,16.97,52.69,Alta,-22.973100000000002,-43.9928,22.13,3302007
3302700,330270,Maricá,RJ,Sudeste,2025,212470,31,1,0,0,1.46,0.47,0.0,0.0,51.27,61.38,71.49,77.55,81.6,91.71,77.55,40.44,14.51,58.9,Muito alta,-22.9088,-42.824,0.0,3302700
3302809,330280,Mendes,RJ,Sudeste,2025,18048,13,2,1,1,7.2,11.08,5.54,5.54,10.2,9.78,9.37,9.12,8.96,8.54,9.12,1.65,0.59,92.12,Baixa,-22.532899999999998,-43.743,0.0,3302809
3302858,330285,Mesquita,RJ,Sudeste,2025,178830,27,2,1,1,1.51,1.12,0.56,0.56,50.03,60.33,70.63,76.82,80.94,91.24,76.82,41.21,14.79,58.78,Muito alta,-22.803199999999997,-43.44435,0.0,3302858
3302908,330290,Miguel Pereira,RJ,Sudeste,2025,28142,13,0,0,0,4.62,0.0,0.0,0.0,99.98,84.71,69.44,60.28,54.17,38.9,60.28,61.08,21.92,38.9,Alta,-22.531100000000002,-43.4785,18.7,3303500
3303005,330300,Miracema,RJ,Sudeste,2025,28416,13,0,0,0,4.57,0.0,0.0,0.0,99.98,84.92,69.86,60.83,54.8,39.74,60.83,60.24,21.62,39.75,Alta,-21.38995,-42.15325,18.46,3146701
3303104,330310,Natividade,RJ,Sudeste,2025,15551,7,0,0,0,4.5,0.0,0.0,0.0,99.98,85.26,70.53,61.7,55.81,41.09,61.7,58.89,21.13,41.1,Alta,-21.0405,-41.9429,20.2,3302205
3303203,330320,Nilópolis,RJ,Sudeste,2025,155500,17,4,4,1,1.09,2.57,2.57,0.64,43.98,56.64,69.31,76.9,81.97,94.63,76.9,50.66,18.18,49.34,Muito alta,-22.816049999999997,-43.4299,0.0,3303203
3303302,330330,Niterói,RJ,Sudeste,2025,516787,73,27,17,2,1.41,5.22,3.29,0.39,29.08,44.86,60.64,70.1,76.41,92.19,70.1,63.11,22.65,36.88,Alta,-22.91635,-43.045500000000004,0.0,3303302
3303401,330340,Nova Friburgo,RJ,Sudeste,2025,203417,30,2,2,1,1.47,0.98,0.98,0.49,50.37,60.67,70.97,77.15,81.26,91.56,77.15,41.2,14.78,58.73,Muito alta,-22.307850000000002,-42.46645,0.0,3303401
3303500,330350,Nova Iguaçu,RJ,Sudeste,2025,843220,62,11,8,3,0.74,1.3,0.95,0.36,49.38,61.25,73.13,80.25,85.0,96.88,80.25,47.5,17.04,52.5,Muito alta,-22.695,-43.51945,0.0,3303500
3303609,330360,Paracambi,RJ,Sudeste,2025,43627,13,2,1,1,2.98,4.58,2.29,2.29,32.51,41.97,51.43,57.1,60.89,70.35,57.1,37.84,13.58,62.15,Alta,-22.6197,-43.719,0.0,3303609
3303807,330380,Paraty,RJ,Sudeste,2025,47668,20,1,1,1,4.2,2.1,2.1,2.1,46.26,46.5,46.73,46.88,46.97,47.21,46.88,0.95,0.34,84.11,Moderada,-23.140900000000002,-44.7052,0.0,3303807
3303708,330370,Paraíba do Sul,RJ,Sudeste,2025,44479,24,0,0,0,5.4,0.0,0.0,0.0,99.98,81.34,62.69,51.5,44.05,25.4,51.5,74.58,26.76,25.4,Alta,-22.18725,-43.2983,16.09,3300951
3303856,330385,Paty do Alferes,RJ,Sudeste,2025,31370,9,0,0,0,2.87,0.0,0.0,0.0,99.98,92.97,85.96,81.76,78.95,71.94,81.76,28.04,10.06,71.96,Muito alta,-22.376649999999998,-43.398250000000004,15.87,3306206
3303906,330390,Petrópolis,RJ,Sudeste,2025,294926,49,6,4,1,1.66,2.03,1.36,0.34,46.54,57.33,68.12,74.59,78.91,89.7,74.59,43.15,15.48,56.84,Alta,-22.3861,-43.17545,0.0,3303906
3303955,330395,Pinheiral,RJ,Sudeste,2025,25096,12,0,0,0,4.78,0.0,0.0,0.0,99.98,83.91,67.84,58.2,51.77,35.7,58.2,64.28,23.06,35.71,Alta,-22.54475,-43.991,9.52,3306305
3304003,330400,Piraí,RJ,Sudeste,2025,29066,12,0,0,0,4.13,0.0,0.0,0.0,99.98,87.16,74.33,66.64,61.51,48.68,66.64,51.3,18.41,48.69,Alta,-22.66115,-43.929249999999996,21.83,3306305
3304102,330410,Porciúncula,RJ,Sudeste,2025,17832,12,0,0,0,6.73,0.0,0.0,0.0,99.98,77.78,55.57,42.25,33.37,11.16,42.25,88.82,31.87,11.17,Moderada,-20.89445,-41.963049999999996,9.93,3169208
3304110,330411,Porto Real,RJ,Sudeste,2025,21089,8,1,1,1,3.79,4.74,4.74,4.74,31.57,37.36,43.14,46.61,48.93,54.71,46.61,23.14,8.3,73.25,Moderada,-22.44795,-44.32455,0.0,3304110
3304128,330412,Quatis,RJ,Sudeste,2025,14165,4,0,0,0,2.82,0.0,0.0,0.0,99.98,93.17,86.35,82.26,79.53,72.72,82.26,27.27,9.78,72.73,Muito alta,-22.3628,-44.2438,12.59,3304110
3304144,330414,Queimados,RJ,Sudeste,2025,149135,24,2,2,1,1.61,1.34,1.34,0.67,49.2,59.45,69.7,75.85,79.95,90.2,75.85,41.0,14.71,58.99,Muito alta,-22.7315,-43.58695,0.0,3304144
3304151,330415,Quissamã,RJ,Sudeste,2025,23142,9,0,0,0,3.89,0.0,0.0,0.0,99.98,88.19,76.4,69.32,64.6,52.81,69.32,47.17,16.93,52.82,Alta,-22.110599999999998,-41.42505,51.33,3301009
3304201,330420,Resende,RJ,Sudeste,2025,137697,36,6,4,3,2.61,4.36,2.9,2.18,33.53,44.35,55.18,61.67,66.0,76.83,61.67,43.3,15.54,56.7,Alta,-22.4416,-44.53465,0.0,3304201
3304300,330430,Rio Bonito,RJ,Sudeste,2025,59126,19,0,0,0,3.21,0.0,0.0,0.0,99.98,91.54,83.09,78.02,74.65,66.2,78.02,33.78,12.12,66.21,Muito alta,-22.7375,-42.5945,16.46,3305505
3304409,330440,Rio Claro,RJ,Sudeste,2025,17951,12,1,1,1,6.68,5.57,5.57,5.57,26.96,23.08,19.21,16.88,15.33,11.45,16.88,15.51,5.56,78.13,Baixa,-22.78465,-44.09595,0.0,3304409
3304508,330450,Rio das Flores,RJ,Sudeste,2025,9267,5,0,0,0,5.4,0.0,0.0,0.0,99.98,81.34,62.7,51.51,44.06,25.42,51.51,74.56,26.76,25.42,Alta,-22.17205,-43.5344,20.77,3306206
3304524,330452,Rio das Ostras,RJ,Sudeste,2025,168455,14,5,5,2,0.83,2.97,2.97,1.19,41.81,55.44,69.08,77.26,82.72,96.36,77.26,54.55,19.57,45.44,Muito alta,-22.4752,-41.94065,0.0,3304524
3304557,330455,Rio de Janeiro,RJ,Sudeste,2025,6730729,370,163,115,16,0.55,2.42,1.71,0.24,44.79,57.98,71.17,79.09,84.37,97.56,79.09,52.77,18.94,47.22,Muito alta,-22.92265,-43.4731,0.0,3304557
3304607,330460,Santa Maria Madalena,RJ,Sudeste,2025,10580,1,1,1,1,0.95,9.45,9.45,9.45,12.89,33.56,54.23,66.63,74.9,95.57,66.63,82.68,29.67,17.31,Alta,-21.9508,-41.9229,0.0,3304607
3304706,330470,Santo Antônio de Pádua,RJ,Sudeste,2025,43697,24,0,0,0,5.49,0.0,0.0,0.0,99.98,81.0,62.01,50.62,43.02,24.04,50.62,75.95,27.25,24.04,Alta,-21.570999999999998,-42.17935,19.88,3302106
3305406,330540,Sapucaia,RJ,Sudeste,2025,18291,9,0,0,0,4.92,0.0,0.0,0.0,99.98,83.24,66.51,56.46,49.77,33.03,56.46,66.95,24.02,33.03,Alta,-22.0178,-42.8399,22.65,3101508
3305505,330550,Saquarema,RJ,Sudeste,2025,95315,22,2,2,1,2.31,2.1,2.1,1.05,46.24,55.12,64.01,69.34,72.9,81.78,69.34,35.54,12.75,64.45,Alta,-22.87075,-42.52445,0.0,3305505
3305554,330555,Seropédica,RJ,Sudeste,2025,84794,22,1,1,1,2.59,1.18,1.18,1.18,49.81,56.63,63.45,67.55,70.27,77.1,67.55,27.28,9.79,70.7,Alta,-22.7544,-43.7033,0.0,3305554
3305604,330560,Silva Jardim,RJ,Sudeste,2025,22028,13,0,0,0,5.9,0.0,0.0,0.0,99.98,79.6,59.21,46.98,38.82,18.43,46.98,81.55,29.26,18.44,Moderada,-22.56905,-42.39515,22.48,3300209
3305703,330570,Sumidouro,RJ,Sudeste,2025,15693,6,0,0,0,3.82,0.0,0.0,0.0,99.98,88.46,76.94,70.03,65.42,53.9,70.03,46.08,16.53,53.91,Alta,-22.1177,-42.65175,28.48,3303401
3304805,330480,São Fidélis,RJ,Sudeste,2025,41212,9,0,0,0,2.18,0.0,0.0,0.0,99.98,95.88,91.79,89.33,87.69,83.59,89.33,16.39,5.88,83.61,Muito alta,-21.668300000000002,-41.754599999999996,25.26,3302056
3304755,330475,São Francisco de Itabapoana,RJ,Sudeste,2025,47397,20,0,0,0,4.22,0.0,0.0,0.0,99.98,86.69,73.39,65.41,60.09,46.8,65.41,53.19,19.08,46.8,Alta,-21.451050000000002,-41.1357,35.33,3305000
3304904,330490,São Gonçalo,RJ,Sudeste,2025,960196,131,13,11,2,1.36,1.35,1.15,0.21,49.17,60.05,70.94,77.47,81.83,92.71,77.47,43.55,15.63,56.45,Muito alta,-22.82195,-42.9947,0.0,3304904
3305133,330513,São José de Ubá,RJ,Sudeste,2025,7318,5,0,0,0,6.83,0.0,0.0,0.0,99.98,77.59,55.2,41.76,32.8,10.41,41.76,89.57,32.14,10.41,Moderada,-21.3886,-41.93705,19.87,3302205
3305158,330515,São José do Vale do Rio Preto,RJ,Sudeste,2025,22813,0,0,0,0,0.0,0.0,0.0,0.0,99.98,99.98,99.98,99.98,99.98,99.98,99.98,0.0,0.0,100.0,Muito alta,-22.17655,-42.89625,13.83,3305802
3305000,330500,São João da Barra,RJ,Sudeste,2025,38740,16,1,0,0,4.13,2.58,0.0,0.0,43.92,45.1,46.28,46.99,47.46,48.64,46.99,4.72,1.69,82.15,Moderada,-21.76485,-41.0824,0.0,3305000
3305109,330510,São João de Meriti,RJ,Sudeste,2025,466503,21,7,6,3,0.45,1.5,1.29,0.64,48.73,61.03,73.33,80.7,85.62,97.92,80.7,49.18,17.65,50.81,Muito alta,-22.78485,-43.370000000000005,0.0,3305109
3305208,330520,São Pedro da Aldeia,RJ,Sudeste,2025,110677,30,2,2,0,2.71,1.81,1.81,0.0,47.46,54.35,61.24,65.37,68.13,75.01,65.37,27.55,9.89,71.08,Alta,-22.78085,-42.13945,0.0,3305208
3305307,330530,São Sebastião do Alto,RJ,Sudeste,2025,7993,5,0,0,0,6.26,0.0,0.0,0.0,99.98,78.69,57.4,44.63,36.12,14.83,44.63,85.16,30.56,14.83,Moderada,-21.87885,-42.090050000000005,16.8,3302106
3305752,330575,Tanguá,RJ,Sudeste,2025,32865,12,0,0,0,3.65,0.0,0.0,0.0,99.98,89.4,78.81,72.46,68.22,57.64,72.46,42.34,15.19,57.65,Alta,-22.772750000000002,-42.7142,17.12,3301900
3305802,330580,Teresópolis,RJ,Sudeste,2025,176735,33,3,1,0,1.87,1.7,0.57,0.0,48.03,57.83,67.62,73.49,77.41,87.2,73.49,39.17,14.05,60.83,Alta,-22.29935,-42.8752,0.0,3305802
3305901,330590,Trajano de Moraes,RJ,Sudeste,2025,10654,5,1,1,1,4.69,9.39,9.39,9.39,13.3,19.37,25.44,29.08,31.5,37.57,29.08,24.27,8.71,74.02,Moderada,-22.1552,-42.127700000000004,0.0,3305901
3306008,330600,Três Rios,RJ,Sudeste,2025,82319,30,1,1,0,3.64,1.21,1.21,0.0,49.7,51.72,53.74,54.95,55.76,57.78,54.95,8.08,2.9,85.69,Alta,-22.1207,-43.106899999999996,0.0,3306008
3306107,330610,Valença,RJ,Sudeste,2025,71449,30,1,1,0,4.2,1.4,1.4,0.0,49.0,48.54,48.08,47.8,47.62,47.15,47.8,1.85,0.66,83.68,Moderada,-22.2346,-43.88895,0.0,3306107
3306156,330615,Varre-Sai,RJ,Sudeste,2025,10563,7,0,0,0,6.63,0.0,0.0,0.0,99.98,77.98,55.97,42.76,33.96,11.95,42.76,88.03,31.59,11.96,Moderada,-20.893500000000003,-41.82585,15.66,3202306
3306206,330620,Vassouras,RJ,Sudeste,2025,35907,14,1,1,1,3.9,2.78,2.78,2.78,42.9,45.33,47.76,49.21,50.18,52.61,49.21,9.71,3.48,79.78,Moderada,-22.3582,-43.551249999999996,0.0,3306206
3306305,330630,Volta Redonda,RJ,Sudeste,2025,279971,52,6,4,0,1.86,2.14,1.43,0.0,46.06,56.37,66.68,72.87,77.0,87.31,72.87,41.25,14.8,58.74,Alta,-22.52345,-44.080799999999996,0.0,3306305
2400109,240010,Acari,RN,Nordeste,2025,10855,6,2,2,1,5.53,18.42,18.42,9.21,3.82,8.72,13.62,16.56,18.52,23.42,16.56,19.6,7.03,79.68,Baixa,-6.42395,-36.63934999999999,0.0,2400109
2400307,240030,Afonso Bezerra,RN,Nordeste,2025,11158,5,1,1,1,4.48,8.96,8.96,8.96,14.84,21.52,28.2,32.21,34.88,41.55,32.21,26.71,9.58,72.24,Moderada,-5.48415,-36.65015,0.0,2400307
2400505,240050,Alexandria,RN,Nordeste,2025,14058,7,2,2,2,4.98,14.23,14.23,14.23,6.84,13.12,19.4,23.16,25.67,31.95,23.16,25.11,9.01,74.11,Baixa,-6.3656500000000005,-37.9844,0.0,2400505
2400604,240060,Almino Afonso,RN,Nordeste,2025,4802,3,1,1,1,6.25,20.82,20.82,20.82,2.8,5.83,8.86,10.68,11.89,14.92,10.68,12.12,4.35,86.89,Baixa,-6.15685,-37.748900000000006,0.0,2400604
2400703,240070,Alto do Rodrigues,RN,Nordeste,2025,12874,7,1,0,1,5.44,7.77,0.0,7.77,18.09,19.81,21.52,22.55,23.24,24.95,22.55,6.86,2.46,84.63,Baixa,-5.3427500000000006,-36.6877,0.0,2400703
2400802,240080,Angicos,RN,Nordeste,2025,11985,5,1,1,1,4.17,8.34,8.34,8.34,16.68,24.46,32.24,36.91,40.02,47.8,36.91,31.13,11.17,68.87,Moderada,-5.6424,-36.5167,0.0,2400802
2400901,240090,Antônio Martins,RN,Nordeste,2025,6730,3,1,1,1,4.46,14.86,14.86,14.86,6.32,15.2,24.09,29.42,32.97,41.86,29.42,35.54,12.75,64.45,Moderada,-6.21325,-37.92005,0.0,2400901
2401008,240100,Apodi,RN,Nordeste,2025,37486,9,2,2,1,2.4,5.34,5.34,2.67,28.33,41.27,54.22,61.99,67.16,80.11,61.99,51.79,18.58,48.2,Alta,-5.6288,-37.86595,0.0,2401008
2401107,240110,Areia Branca,RN,Nordeste,2025,24607,9,1,1,1,3.66,4.06,4.06,4.06,35.16,40.74,46.32,49.67,51.9,57.48,49.67,22.31,8.01,73.34,Moderada,-5.021649999999999,-37.0043,0.0,2401107
2401206,240120,Arez,RN,Nordeste,2025,13681,7,1,1,0,5.12,7.31,7.31,0.0,19.3,21.9,24.5,26.06,27.1,29.71,26.06,10.41,3.74,82.32,Moderada,-6.19525,-35.204449999999994,0.0,2401206
2400208,240020,Assú,RN,Nordeste,2025,59099,18,2,2,1,3.05,3.38,3.38,1.69,39.44,46.93,54.42,58.91,61.91,69.4,58.91,29.96,10.75,70.04,Alta,-5.59225,-37.0056,0.0,2400208
2401453,240145,Baraúna,RN,Nordeste,2025,28415,11,1,1,1,3.87,3.52,3.52,3.52,38.75,42.32,45.89,48.03,49.46,53.02,48.03,14.27,5.12,77.36,Moderada,-5.0819,-37.62765,0.0,2401453
2401503,240150,Barcelona,RN,Nordeste,2025,4108,1,1,0,0,2.43,24.34,0.0,0.0,1.72,21.14,40.55,52.2,59.96,79.38,52.2,77.65,27.86,22.33,Alta,-5.98535,-35.9333,0.0,2401503
2401404,240140,Baía Formosa,RN,Nordeste,2025,9115,6,0,0,0,6.58,0.0,0.0,0.0,99.98,78.06,56.14,42.99,34.22,12.3,42.99,87.69,31.46,12.3,Moderada,-6.4193,-35.0479,13.45,2415008
2401602,240160,Bento Fernandes,RN,Nordeste,2025,4911,2,1,0,0,4.07,20.36,0.0,0.0,2.96,14.6,26.23,33.22,37.87,49.51,33.22,46.54,16.7,53.45,Moderada,-5.6709,-35.7869,0.0,2401602
2401651,240165,Bodó,RN,Nordeste,2025,2360,1,0,0,0,4.24,0.0,0.0,0.0,99.98,86.65,73.31,65.31,59.97,46.63,65.31,53.35,19.14,46.64,Alta,-5.9541,-36.44070000000001,12.46,2402709
2401701,240170,Bom Jesus,RN,Nordeste,2025,10308,6,1,0,0,5.82,9.7,0.0,0.0,12.15,13.97,15.78,16.87,17.59,19.4,16.87,7.25,2.6,86.41,Baixa,-6.0059000000000005,-35.5938,0.0,2401701
2401800,240180,Brejinho,RN,Nordeste,2025,12638,6,1,1,0,4.75,7.91,7.91,0.0,17.72,22.41,27.1,29.92,31.8,36.49,29.92,18.78,6.74,78.1,Moderada,-6.21585,-35.3879,0.0,2401800
2402006,240200,Caicó,RN,Nordeste,2025,63338,26,5,4,1,4.1,7.89,6.32,1.58,17.77,25.58,33.39,38.07,41.2,49.0,38.07,31.23,11.21,68.76,Moderada,-6.4625,-37.0458,0.0,2402006
2401859,240185,Caiçara do Norte,RN,Nordeste,2025,6479,1,1,0,1,1.54,15.43,0.0,15.43,5.91,27.16,48.42,61.17,69.68,90.94,61.17,85.03,30.51,14.96,Alta,-5.17515,-36.0768,0.0,2401859
2401909,240190,Caiçara do Rio do Vento,RN,Nordeste,2025,3360,5,1,0,0,14.88,29.76,0.0,0.0,1.01,0.82,0.63,0.52,0.44,0.25,0.52,0.75,0.27,99.01,Baixa,-5.7524,-36.019800000000004,0.0,2401909
2401305,240130,Campo Grande,RN,Nordeste,2025,10071,3,1,0,0,2.98,9.93,0.0,0.0,11.78,26.43,41.09,49.88,55.74,70.4,49.88,58.63,21.04,41.36,Moderada,-5.8975,-37.3149,0.0,2401305
2402105,240210,Campo Redondo,RN,Nordeste,2025,10510,9,1,0,0,8.56,9.51,0.0,0.0,12.64,10.64,8.64,7.44,6.65,4.65,7.44,7.99,2.87,88.89,Baixa,-6.2378,-36.2144,0.0,2402105
2402204,240220,Canguaretama,RN,Nordeste,2025,30789,15,0,0,0,4.87,0.0,0.0,0.0,99.98,83.46,66.94,57.02,50.41,33.89,57.02,66.09,23.72,33.9,Alta,-6.4173,-35.15205,9.98,2409803
2402303,240230,Caraúbas,RN,Nordeste,2025,20182,9,1,1,1,4.46,4.95,4.95,4.95,30.52,33.34,36.16,37.85,38.98,41.81,37.85,11.29,4.05,80.43,Moderada,-5.77435,-37.587950000000006,0.0,2402303
2402501,240250,Carnaubais,RN,Nordeste,2025,10026,4,1,0,1,3.99,9.97,0.0,9.97,11.74,21.57,31.39,37.29,41.22,51.05,37.29,39.31,14.11,60.68,Moderada,-5.2674,-36.883250000000004,0.0,2402501
2402402,240240,Carnaúba dos Dantas,RN,Nordeste,2025,8296,3,1,1,1,3.62,12.05,12.05,12.05,8.99,21.31,33.62,41.01,45.93,58.25,41.01,49.26,17.67,50.74,Moderada,-6.5518,-36.558949999999996,0.0,2402402
2402600,240260,Ceará-Mirim,RN,Nordeste,2025,83543,36,1,1,1,4.31,1.2,1.2,1.2,49.72,48.54,47.36,46.65,46.18,45.0,46.65,4.72,1.69,82.24,Moderada,-5.595549999999999,-35.3895,0.0,2402600
2402709,240270,Cerro Corá,RN,Nordeste,2025,11334,5,1,1,1,4.41,8.82,8.82,8.82,15.31,22.19,29.07,33.2,35.95,42.83,33.2,27.52,9.87,71.74,Moderada,-5.99075,-36.3342,0.0,2402709
2402808,240280,Coronel Ezequiel,RN,Nordeste,2025,5233,2,1,0,0,3.82,19.11,0.0,0.0,3.48,16.11,28.74,36.31,41.37,53.99,36.31,50.51,18.12,49.48,Moderada,-6.3591,-36.196200000000005,0.0,2402808
2402907,240290,Coronel João Pessoa,RN,Nordeste,2025,4297,1,1,0,0,2.33,23.27,0.0,0.0,2.03,21.88,41.73,53.65,61.59,81.44,53.65,79.41,28.49,20.57,Alta,-6.2513000000000005,-38.4195,0.0,2402907
2403004,240300,Cruzeta,RN,Nordeste,2025,8245,3,1,0,1,3.64,12.13,0.0,12.13,8.94,21.18,33.42,40.77,45.67,57.91,40.77,48.97,17.57,51.02,Moderada,-6.35895,-36.833,0.0,2403004
2403103,240310,Currais Novos,RN,Nordeste,2025,42922,18,1,1,1,4.19,2.33,2.33,2.33,45.18,45.71,46.24,46.56,46.77,47.3,46.56,2.12,0.76,83.45,Moderada,-6.2422,-36.43955,0.0,2403103
2403202,240320,Doutor Severiano,RN,Nordeste,2025,7262,3,1,0,1,4.13,13.77,0.0,13.77,7.23,17.58,27.92,34.13,38.27,48.61,34.13,41.37,14.85,58.62,Moderada,-6.1157,-38.4028,0.0,2403202
2403301,240330,Encanto,RN,Nordeste,2025,6289,3,1,1,1,4.77,15.9,15.9,15.9,5.6,13.21,20.81,25.38,28.42,36.03,25.38,30.43,10.92,69.57,Moderada,-6.1335999999999995,-38.307050000000004,0.0,2403301
2403400,240340,Equador,RN,Nordeste,2025,5461,4,1,1,1,7.32,18.31,18.31,18.31,3.88,4.9,5.93,6.55,6.96,7.99,6.55,4.11,1.47,93.29,Baixa,-6.88725,-36.66335,0.0,2403400
2403509,240350,Espírito Santo,RN,Nordeste,2025,10951,7,0,0,0,6.39,0.0,0.0,0.0,99.98,78.36,56.73,43.76,35.11,13.48,43.76,86.5,31.04,13.48,Moderada,-6.2970500000000005,-35.30445,9.89,2404200
2403608,240360,Extremoz,RN,Nordeste,2025,68584,10,1,0,0,1.46,1.46,0.0,0.0,48.86,59.59,70.31,76.75,81.04,91.76,76.75,42.9,15.39,57.09,Muito alta,-5.67765,-35.2766,0.0,2403608
2403707,240370,Felipe Guerra,RN,Nordeste,2025,6472,2,1,0,1,3.09,15.45,0.0,15.45,5.87,21.54,37.22,46.62,52.89,68.57,46.62,62.7,22.5,37.29,Moderada,-5.5327,-37.6644,0.0,2403707
2403756,240375,Fernando Pedroza,RN,Nordeste,2025,3035,2,0,0,0,6.59,0.0,0.0,0.0,99.98,78.04,56.1,42.94,34.16,12.22,42.94,87.76,31.49,12.23,Moderada,-5.77895,-36.4207,18.53,2400802
2403806,240380,Florânia,RN,Nordeste,2025,10556,1,1,0,0,0.95,9.47,0.0,0.0,12.82,33.49,54.16,66.56,74.82,95.49,66.56,82.68,29.67,17.31,Alta,-6.1823999999999995,-36.8305,0.0,2403806
2403905,240390,Francisco Dantas,RN,Nordeste,2025,2758,1,0,0,0,3.63,0.0,0.0,0.0,99.98,89.52,79.06,72.78,68.6,58.14,72.78,41.84,15.01,58.15,Alta,-6.04255,-38.0991,8.76,2410207
2404002,240400,Frutuoso Gomes,RN,Nordeste,2025,4230,3,1,1,1,7.09,23.64,23.64,23.64,1.92,3.67,5.41,6.46,7.16,8.9,6.46,6.98,2.51,91.94,Baixa,-6.16065,-37.84365,0.0,2404002
2404101,240410,Galinhos,RN,Nordeste,2025,2159,2,0,0,0,9.26,0.0,0.0,0.0,99.98,75.8,51.62,37.11,27.43,3.25,37.11,96.73,34.71,3.25,Moderada,-5.183350000000001,-36.203900000000004,14.1,2401859
2404200,240420,Goianinha,RN,Nordeste,2025,28422,16,1,1,1,5.63,3.52,3.52,3.52,38.77,34.53,30.29,27.75,26.05,21.81,27.75,16.96,6.09,73.79,Moderada,-6.28775,-35.2155,0.0,2404200
2404309,240430,Governador Dix-Sept Rosado,RN,Nordeste,2025,12231,5,1,1,0,4.09,8.18,8.18,0.0,17.02,25.08,33.14,37.98,41.21,49.27,37.98,32.26,11.57,67.74,Moderada,-5.40305,-37.55375,0.0,2404309
2404408,240440,Grossos,RN,Nordeste,2025,10281,4,1,0,1,3.89,9.73,0.0,9.73,12.06,22.24,32.43,38.54,42.61,52.79,38.54,40.73,14.61,59.26,Moderada,-4.9482,-37.2222,0.0,2404408
2404507,240450,Guamaré,RN,Nordeste,2025,16076,9,1,1,1,5.6,6.22,6.22,6.22,23.96,23.57,23.18,22.95,22.79,22.4,22.95,1.56,0.56,85.4,Baixa,-5.1851,-36.3532,0.0,2404507
2404606,240460,Ielmo Marinho,RN,Nordeste,2025,11889,7,0,0,0,5.89,0.0,0.0,0.0,99.98,79.64,59.3,47.09,38.96,18.61,47.09,81.37,29.2,18.62,Moderada,-5.79255,-35.5516,20.93,2413904
2404705,240470,Ipanguaçu,RN,Nordeste,2025,14560,9,1,0,0,6.18,6.87,0.0,0.0,21.88,20.33,18.78,17.84,17.22,15.67,17.84,6.21,2.23,84.04,Baixa,-5.54455,-36.8014,0.0,2404705
2404804,240480,Ipueira,RN,Nordeste,2025,2090,2,0,0,0,9.57,0.0,0.0,0.0,99.98,75.7,51.42,36.85,27.14,2.85,36.85,97.13,34.85,2.85,Moderada,-6.7753,-37.172399999999996,9.74,2412104
2404853,240485,Itajá,RN,Nordeste,2025,7551,4,1,0,0,5.3,13.24,0.0,0.0,7.63,12.44,17.26,20.15,22.07,26.89,20.15,19.26,6.91,78.69,Baixa,-5.681050000000001,-36.8001,0.0,2404853
2404903,240490,Itaú,RN,Nordeste,2025,5447,3,1,1,1,5.51,18.36,18.36,18.36,3.86,8.84,13.82,16.81,18.8,23.78,16.81,19.92,7.15,79.39,Baixa,-5.8003,-37.935199999999995,0.0,2404903
2405108,240510,Jandaíra,RN,Nordeste,2025,6752,3,0,0,0,4.44,0.0,0.0,0.0,99.98,85.52,71.06,62.39,56.61,42.15,62.39,57.84,20.75,42.15,Alta,-5.3605,-36.134100000000004,19.74,2409605
2405207,240520,Janduís,RN,Nordeste,2025,4813,2,1,0,1,4.16,20.78,0.0,20.78,2.84,14.15,25.47,32.26,36.79,48.11,32.26,45.27,16.24,54.72,Moderada,-5.9953,-37.4761,0.0,2405207
2405306,240530,Januário Cicco,RN,Nordeste,2025,8843,9,1,1,1,10.18,11.31,11.31,11.31,9.93,8.01,6.09,4.93,4.16,2.24,4.93,7.68,2.76,90.93,Baixa,-6.1345,-35.63615,0.0,2405306
2405405,240540,Japi,RN,Nordeste,2025,5219,3,1,0,1,5.75,19.16,0.0,19.16,3.46,7.63,11.79,14.29,15.96,20.12,14.29,16.66,5.98,82.39,Baixa,-6.4228000000000005,-35.872699999999995,0.0,2405405
2405504,240550,Jardim de Angicos,RN,Nordeste,2025,2488,3,0,0,0,12.06,0.0,0.0,0.0,99.98,75.18,50.39,35.51,25.59,0.79,35.51,99.19,35.59,0.79,Moderada,-5.58935,-35.9869,12.42,2409605
2405603,240560,Jardim de Piranhas,RN,Nordeste,2025,14446,7,1,1,1,4.85,6.92,6.92,6.92,21.52,24.72,27.91,29.83,31.11,34.3,29.83,12.78,4.59,80.92,Moderada,-6.303599999999999,-37.26475000000001,0.0,2405603
2405702,240570,Jardim do Seridó,RN,Nordeste,2025,11942,6,1,1,1,5.02,8.37,8.37,8.37,16.55,20.19,23.83,26.01,27.47,31.11,26.01,14.56,5.22,80.52,Moderada,-6.59765,-36.810249999999996,0.0,2405702
2405009,240500,Jaçanã,RN,Nordeste,2025,8053,4,1,0,1,4.97,12.42,0.0,12.42,8.58,14.48,20.37,23.91,26.27,32.17,23.91,23.59,8.46,75.12,Baixa,-6.402200000000001,-36.1964,0.0,2405009
2406007,240600,José da Penha,RN,Nordeste,2025,5966,5,1,1,1,8.38,16.76,16.76,16.76,4.92,4.98,5.04,5.07,5.09,5.15,5.07,0.23,0.08,95.83,Baixa,-6.34825,-38.28095,0.0,2406007
2405801,240580,João Câmara,RN,Nordeste,2025,34849,20,1,1,0,5.74,2.87,2.87,0.0,42.43,36.91,31.39,28.07,25.86,20.34,28.07,22.1,7.93,69.82,Moderada,-5.4722,-35.87875,0.0,2405801
2405900,240590,João Dias,RN,Nordeste,2025,2073,1,1,0,0,4.82,48.24,0.0,0.0,0.11,8.79,17.47,22.68,26.16,34.84,22.68,34.73,12.46,65.26,Baixa,-6.2895,-37.8365,0.0,2405900
2406106,240610,Jucurutu,RN,Nordeste,2025,18304,9,1,1,1,4.92,5.46,5.46,5.46,27.77,29.1,30.43,31.22,31.75,33.08,31.22,5.31,1.91,83.02,Moderada,-6.0224,-37.01525,0.0,2406106
2406155,240615,Jundiá,RN,Nordeste,2025,3868,3,0,0,0,7.76,0.0,0.0,0.0,99.98,76.63,53.28,39.26,29.92,6.57,39.26,93.41,33.52,6.57,Moderada,-6.250349999999999,-35.33985,6.55,2401800
2406502,240650,Lagoa Nova,RN,Nordeste,2025,16203,5,1,1,1,3.09,6.17,6.17,6.17,24.11,35.25,46.39,53.08,57.53,68.68,53.08,44.57,15.99,55.42,Alta,-6.0913,-36.5252,0.0,2406502
2406601,240660,Lagoa Salgada,RN,Nordeste,2025,8657,4,0,0,0,4.62,0.0,0.0,0.0,99.98,84.7,69.42,60.25,54.14,38.86,60.25,61.12,21.93,38.87,Alta,-6.14645,-35.49705,8.99,2407807
2406205,240620,Lagoa d'Anta,RN,Nordeste,2025,6756,3,1,0,1,4.44,14.8,0.0,14.8,6.43,15.39,24.35,29.73,33.31,42.27,29.73,35.85,12.86,64.15,Moderada,-6.37275,-35.6136,0.0,2406205
2406304,240630,Lagoa de Pedras,RN,Nordeste,2025,7597,4,0,0,0,5.27,0.0,0.0,0.0,99.98,81.81,63.64,52.74,45.47,27.3,52.74,72.68,26.08,27.31,Alta,-6.1929,-35.47455,9.91,2401800
2406403,240640,Lagoa de Velhos,RN,Nordeste,2025,2631,1,0,0,0,3.8,0.0,0.0,0.0,99.98,88.62,77.26,70.44,65.89,54.53,70.44,45.45,16.31,54.54,Alta,-6.010149999999999,-35.85155,9.45,2401503
2406700,240670,Lajes,RN,Nordeste,2025,10094,7,1,1,1,6.93,9.91,9.91,9.91,11.88,11.38,10.89,10.59,10.39,9.89,10.59,1.99,0.71,90.97,Baixa,-5.66695,-36.173649999999995,0.0,2406700
2406809,240680,Lajes Pintadas,RN,Nordeste,2025,4950,4,0,0,0,8.08,0.0,0.0,0.0,99.98,76.45,52.92,38.8,29.38,5.85,38.8,94.13,33.78,5.85,Moderada,-6.14975,-36.15205,11.97,2402105
2406908,240690,Lucrécia,RN,Nordeste,2025,3576,3,1,0,1,8.39,27.96,0.0,27.96,1.22,2.19,3.17,3.75,4.14,5.12,3.75,3.9,1.4,95.31,Baixa,-6.1053,-37.826499999999996,0.0,2406908
2407005,240700,Luís Gomes,RN,Nordeste,2025,9271,3,1,0,1,3.24,10.79,0.0,10.79,10.61,24.39,38.16,46.43,51.94,65.72,46.43,55.11,19.77,44.88,Moderada,-6.3751,-38.409949999999995,0.0,2407005
2407203,240720,Macau,RN,Nordeste,2025,28350,11,1,1,1,3.88,3.53,3.53,3.53,38.68,42.24,45.79,47.92,49.34,52.9,47.92,14.22,5.1,77.4,Moderada,-5.23225,-36.556250000000006,0.0,2407203
2407104,240710,Macaíba,RN,Nordeste,2025,87056,31,2,2,1,3.56,2.3,2.3,1.15,45.36,48.89,52.41,54.53,55.94,59.47,54.53,14.11,5.06,80.97,Alta,-5.941750000000001,-35.427099999999996,0.0,2407104
2407252,240725,Major Sales,RN,Nordeste,2025,4086,4,1,0,0,9.79,24.47,0.0,0.0,1.69,1.91,2.14,2.27,2.36,2.58,2.27,0.9,0.32,97.74,Baixa,-6.4111,-38.31715,0.0,2407252
2407302,240730,Marcelino Vieira,RN,Nordeste,2025,8083,3,1,0,1,3.71,12.37,0.0,12.37,8.65,20.58,32.5,39.65,44.42,56.35,39.65,47.69,17.11,52.3,Moderada,-6.2813,-38.1532,0.0,2407302
2407401,240740,Martins,RN,Nordeste,2025,8415,3,1,1,0,3.57,11.88,11.88,0.0,9.19,21.72,34.26,41.78,46.79,59.33,41.78,50.13,17.99,49.86,Moderada,-6.0855999999999995,-37.9067,0.0,2407401
2407500,240750,Maxaranguape,RN,Nordeste,2025,10534,6,0,0,0,5.7,0.0,0.0,0.0,99.98,80.23,60.48,48.63,40.73,20.98,48.63,79.0,28.35,20.99,Moderada,-5.4491,-35.3788,10.1,2408953
2407609,240760,Messias Targino,RN,Nordeste,2025,4410,3,1,1,1,6.8,22.68,22.68,22.68,2.12,4.24,6.35,7.63,8.47,10.59,7.63,8.47,3.04,90.47,Baixa,-6.07895,-37.46825,0.0,2407609
2407708,240770,Montanhas,RN,Nordeste,2025,11785,6,0,0,0,5.09,0.0,0.0,0.0,99.98,82.5,65.02,54.54,47.55,30.07,54.54,69.92,25.09,30.07,Alta,-6.4962,-35.282849999999996,6.93,2409803
2407807,240780,Monte Alegre,RN,Nordeste,2025,23953,10,1,1,1,4.17,4.17,4.17,4.17,34.36,37.68,41.0,42.99,44.32,47.64,42.99,13.28,4.77,78.55,Moderada,-6.1151,-35.42205,0.0,2407807
2407906,240790,Monte das Gameleiras,RN,Nordeste,2025,2345,1,1,0,1,4.26,42.64,0.0,42.64,0.22,11.65,23.09,29.96,34.53,45.97,29.96,45.75,16.42,54.24,Moderada,-6.43055,-35.80965,0.0,2407906
2408003,240800,Mossoró,RN,Nordeste,2025,278587,50,13,10,3,1.79,4.67,3.59,1.08,32.04,46.08,60.12,68.55,74.17,88.21,68.55,56.17,20.15,43.82,Alta,-5.1857500000000005,-37.3471,0.0,2408003
2408102,240810,Natal,RN,Nordeste,2025,784249,82,55,39,10,1.05,7.01,4.97,1.28,20.75,39.32,57.89,69.03,76.46,95.03,69.03,74.28,26.65,25.71,Alta,-5.8019,-35.2227,0.0,2408102
2408300,240830,Nova Cruz,RN,Nordeste,2025,35523,16,1,1,1,4.5,2.82,2.82,2.82,42.74,42.32,41.9,41.64,41.47,41.05,41.64,1.69,0.61,84.18,Moderada,-6.46005,-35.4455,0.0,2408300
2408201,240820,Nísia Floresta,RN,Nordeste,2025,34325,12,1,0,0,3.5,2.91,0.0,0.0,42.16,46.88,51.59,54.42,56.3,61.01,54.42,18.85,6.76,77.52,Alta,-6.0527999999999995,-35.17125,0.0,2408201
2408409,240840,Olho d'Água do Borges,RN,Nordeste,2025,3736,4,1,1,1,10.71,26.77,26.77,26.77,1.38,1.47,1.55,1.6,1.64,1.72,1.6,0.34,0.12,98.51,Baixa,-5.979900000000001,-37.7111,0.0,2408409
2408508,240850,Ouro Branco,RN,Nordeste,2025,5084,2,0,0,0,3.93,0.0,0.0,0.0,99.98,88.01,76.04,68.85,64.06,52.09,68.85,47.89,17.18,52.1,Alta,-6.6805,-36.91015,14.37,2405702
2408607,240860,Paraná,RN,Nordeste,2025,4048,2,1,0,1,4.94,24.7,0.0,24.7,1.67,9.38,17.1,21.73,24.81,32.53,21.73,30.86,11.07,69.14,Baixa,-6.4487000000000005,-38.2883,0.0,2408607
2408805,240880,Parazinho,RN,Nordeste,2025,4945,3,1,0,0,6.07,20.22,0.0,0.0,3.05,6.47,9.89,11.94,13.31,16.73,11.94,13.68,4.91,85.28,Baixa,-5.30455,-35.94135,0.0,2408805
2408706,240870,Paraú,RN,Nordeste,2025,3650,2,1,0,0,5.48,27.4,0.0,0.0,1.29,7.01,12.73,16.16,18.44,24.16,16.16,22.87,8.21,77.13,Baixa,-5.7736,-37.109750000000005,0.0,2408706
2408904,240890,Parelhas,RN,Nordeste,2025,22242,8,2,1,1,3.6,8.99,4.5,4.5,14.77,25.75,36.73,43.31,47.7,58.68,43.31,43.91,15.75,56.09,Moderada,-6.7107,-36.61805,0.0,2408904
2403251,240325,Parnamirim,RN,Nordeste,2025,271713,32,6,6,1,1.18,2.21,2.21,0.37,45.77,57.81,69.84,77.07,81.88,93.91,77.07,48.14,17.27,51.85,Muito alta,-5.91575,-35.20855,0.0,2403251
2409100,240910,Passa e Fica,RN,Nordeste,2025,11407,8,1,1,1,7.01,8.77,8.77,8.77,15.49,13.98,12.48,11.57,10.97,9.46,11.57,6.03,2.16,87.74,Baixa,-6.44965,-35.61515,0.0,2409100
2409209,240920,Passagem,RN,Nordeste,2025,3233,2,0,0,0,6.19,0.0,0.0,0.0,99.98,78.88,57.77,45.11,36.67,15.56,45.11,84.42,30.29,15.57,Moderada,-6.2841000000000005,-35.39175,7.6,2401800
2409308,240930,Patu,RN,Nordeste,2025,11215,6,1,1,1,5.35,8.92,8.92,8.92,14.95,17.73,20.5,22.16,23.27,26.05,22.16,11.09,3.98,82.96,Baixa,-6.06595,-37.61545,0.0,2409308
2409407,240940,Pau dos Ferros,RN,Nordeste,2025,32123,14,3,3,3,4.36,9.34,9.34,9.34,13.52,21.11,28.71,33.27,36.31,43.91,33.27,30.39,10.9,69.43,Moderada,-6.10295,-38.1583,0.0,2409407
2409506,240950,Pedra Grande,RN,Nordeste,2025,3736,6,1,0,0,16.06,26.77,0.0,0.0,1.38,1.07,0.76,0.58,0.45,0.14,0.58,1.24,0.44,98.65,Baixa,-5.14845,-35.87155,0.0,2409506
2409605,240960,Pedra Preta,RN,Nordeste,2025,2495,0,1,0,0,0.0,40.08,0.0,0.0,0.32,25.24,50.15,65.1,75.07,99.98,65.1,99.66,35.76,0.32,Alta,-5.53035,-36.0822,0.0,2409605
2409704,240970,Pedro Avelino,RN,Nordeste,2025,6312,5,1,1,0,7.92,15.84,15.84,0.0,5.65,5.76,5.87,5.93,5.98,6.09,5.93,0.43,0.15,95.17,Baixa,-5.46535,-36.324799999999996,0.0,2409704
2409803,240980,Pedro Velho,RN,Nordeste,2025,14197,7,1,0,1,4.93,7.04,0.0,7.04,20.61,23.66,26.71,28.54,29.76,32.81,28.54,12.21,4.38,81.29,Moderada,-6.4625,-35.2301,0.0,2409803
2409902,240990,Pendências,RN,Nordeste,2025,12499,6,1,0,1,4.8,8.0,0.0,8.0,17.54,21.95,26.37,29.02,30.78,35.2,29.02,17.66,6.34,78.69,Moderada,-5.2939,-36.6347,0.0,2409902
2410009,241000,Pilões,RN,Nordeste,2025,2992,2,1,1,1,6.68,33.42,33.42,33.42,0.61,3.33,6.04,7.67,8.76,11.47,7.67,10.86,3.9,89.14,Baixa,-6.29195,-38.031549999999996,0.0,2410009
2410207,241020,Portalegre,RN,Nordeste,2025,7859,3,2,1,1,3.82,25.45,12.72,12.72,1.56,14.71,27.87,35.76,41.02,54.17,35.76,52.61,18.88,47.38,Moderada,-6.03245,-38.02055,0.0,2410207
2410256,241025,Porto do Mangue,RN,Nordeste,2025,5351,2,1,0,0,3.74,18.69,0.0,0.0,3.66,16.68,29.71,37.52,42.73,55.75,37.52,52.09,18.69,47.9,Moderada,-5.07365,-36.845349999999996,0.0,2410256
2410108,241010,Poço Branco,RN,Nordeste,2025,12565,8,1,0,1,6.37,7.96,0.0,7.96,17.63,16.65,15.68,15.1,14.71,13.73,15.1,3.9,1.4,87.16,Baixa,-5.58635,-35.6862,0.0,2410108
2410405,241040,Pureza,RN,Nordeste,2025,9752,6,0,0,0,6.15,0.0,0.0,0.0,99.98,78.96,57.94,45.33,36.92,15.9,45.33,84.08,30.17,15.91,Moderada,-5.411300000000001,-35.59145,13.67,2414407
2410504,241050,Rafael Fernandes,RN,Nordeste,2025,5682,3,1,1,0,5.28,17.6,17.6,0.0,4.4,10.09,15.79,19.2,21.48,27.18,19.2,22.78,8.17,76.89,Baixa,-6.20245,-38.223600000000005,0.0,2410504
2410603,241060,Rafael Godeiro,RN,Nordeste,2025,3005,2,1,1,1,6.66,33.28,33.28,33.28,0.66,3.43,6.19,7.85,8.96,11.72,7.85,11.06,3.97,88.94,Baixa,-6.0663,-37.724900000000005,0.0,2410603
2410702,241070,Riacho da Cruz,RN,Nordeste,2025,2724,2,1,0,1,7.34,36.71,0.0,36.71,0.43,2.31,4.19,5.32,6.07,7.95,5.32,7.52,2.7,92.48,Baixa,-5.921849999999999,-37.9705,0.0,2410702
2410801,241080,Riacho de Santana,RN,Nordeste,2025,4245,2,1,0,1,4.71,23.56,0.0,23.56,1.94,10.74,19.55,24.83,28.35,37.16,24.83,35.22,12.64,64.78,Baixa,-6.28135,-38.32815,0.0,2410801
2410900,241090,Riachuelo,RN,Nordeste,2025,7646,3,1,0,0,3.92,13.08,0.0,0.0,7.83,18.93,30.04,36.7,41.15,52.25,36.7,44.43,15.94,55.57,Moderada,-5.8159,-35.85835,0.0,2410900
2408953,240895,Rio do Fogo,RN,Nordeste,2025,10692,6,1,1,0,5.61,9.35,9.35,0.0,13.41,15.59,17.76,19.07,19.94,22.11,19.07,8.71,3.12,84.92,Baixa,-5.3617,-35.403800000000004,0.0,2408953
2411007,241100,Rodolfo Fernandes,RN,Nordeste,2025,4345,2,1,0,0,4.6,23.01,0.0,0.0,2.06,11.33,20.59,26.15,29.85,39.11,26.15,37.05,13.29,62.94,Moderada,-5.850350000000001,-38.0839,0.0,2411007
2411106,241110,Ruy Barbosa,RN,Nordeste,2025,3253,4,1,0,1,12.3,30.74,0.0,30.74,0.84,0.81,0.78,0.76,0.75,0.72,0.76,0.13,0.05,99.25,Baixa,-5.8568,-35.932500000000005,0.0,2411106
2411205,241120,Santa Cruz,RN,Nordeste,2025,39101,7,2,2,1,1.79,5.11,5.11,2.56,29.74,44.38,59.01,67.79,73.64,88.28,67.79,58.54,21.0,41.45,Alta,-6.2702,-36.01215,0.0,2411205
2409332,240933,Santa Maria,RN,Nordeste,2025,5000,2,0,0,0,4.0,0.0,0.0,0.0,99.98,87.71,75.44,68.07,63.16,50.89,68.07,49.09,17.62,50.9,Alta,-5.79435,-35.7178,15.71,2401602
2411403,241140,Santana do Matos,RN,Nordeste,2025,12722,7,1,1,1,5.5,7.86,7.86,7.86,17.88,19.39,20.9,21.81,22.42,23.93,21.81,6.05,2.17,85.03,Baixa,-5.906599999999999,-36.58925,0.0,2411403
2411429,241142,Santana do Seridó,RN,Nordeste,2025,2796,1,1,0,1,3.58,35.77,0.0,35.77,0.47,15.13,29.79,38.58,44.45,59.11,38.58,58.64,21.04,41.35,Moderada,-6.7427,-36.7746,0.0,2411429
2411502,241150,Santo Antônio,RN,Nordeste,2025,22793,16,3,3,1,7.02,13.16,13.16,4.39,7.7,8.13,8.55,8.81,8.98,9.41,8.81,1.71,0.61,92.85,Baixa,-6.32405,-35.51585,0.0,2411502
2413102,241310,Senador Elói de Souza,RN,Nordeste,2025,6027,3,1,0,0,4.98,16.59,0.0,0.0,5.1,11.82,18.55,22.59,25.28,32.01,22.59,26.91,9.65,73.09,Baixa,-6.03595,-35.684749999999994,0.0,2413102
2413201,241320,Senador Georgino Avelino,RN,Nordeste,2025,4202,2,0,0,0,4.76,0.0,0.0,0.0,99.98,84.05,68.11,58.55,52.18,36.24,58.55,63.74,22.87,36.25,Alta,-6.163349999999999,-35.12545,9.31,2414209
2410306,241030,Serra Caiada,RN,Nordeste,2025,11203,5,0,0,0,4.46,0.0,0.0,0.0,99.98,85.42,70.85,62.11,56.28,41.72,62.11,58.27,20.91,41.72,Alta,-6.10895,-35.70805,8.44,2405306
2413409,241340,Serra Negra do Norte,RN,Nordeste,2025,7800,3,1,1,0,3.85,12.82,12.82,0.0,8.11,19.44,30.78,37.57,42.11,53.44,37.57,45.32,16.26,54.67,Moderada,-6.57355,-37.35155,0.0,2413409
2413300,241330,Serra de São Bento,RN,Nordeste,2025,5866,3,1,0,1,5.11,17.05,0.0,17.05,4.81,11.07,17.32,21.08,23.58,29.83,21.08,25.02,8.98,74.92,Baixa,-6.420450000000001,-35.718450000000004,0.0,2413300
2413359,241335,Serra do Mel,RN,Nordeste,2025,13819,6,1,1,0,4.34,7.24,7.24,0.0,19.46,25.67,31.89,35.62,38.1,44.32,35.62,24.86,8.92,73.9,Moderada,-5.140000000000001,-37.032399999999996,0.0,2413359
2413508,241350,Serrinha,RN,Nordeste,2025,6608,4,0,0,0,6.05,0.0,0.0,0.0,99.98,79.22,58.45,46.0,37.69,16.93,46.0,83.06,29.8,16.93,Moderada,-6.265499999999999,-35.56745,8.66,2411502
2413557,241355,Serrinha dos Pintos,RN,Nordeste,2025,4810,3,1,1,1,6.24,20.79,20.79,20.79,2.82,5.89,8.96,10.8,12.03,15.1,10.8,12.28,4.41,86.77,Baixa,-6.14295,-37.99245,0.0,2413557
2413607,241360,Severiano Melo,RN,Nordeste,2025,5616,4,1,1,1,7.12,17.81,17.81,17.81,4.18,5.34,6.49,7.18,7.64,8.8,7.18,4.61,1.66,92.71,Baixa,-5.7756,-37.969899999999996,0.0,2413607
2411601,241160,São Bento do Norte,RN,Nordeste,2025,3442,1,1,0,0,2.91,29.05,0.0,0.0,1.09,18.66,36.23,46.77,53.8,71.37,46.77,70.27,25.22,29.71,Moderada,-5.148899999999999,-35.98465,0.0,2411601
2411700,241170,São Bento do Trairí,RN,Nordeste,2025,3890,2,1,0,0,5.14,25.71,0.0,0.0,1.51,8.43,15.36,19.51,22.28,29.2,19.51,27.7,9.94,72.3,Baixa,-6.39185,-36.0523,0.0,2411700
2411809,241180,São Fernando,RN,Nordeste,2025,3606,3,0,0,0,8.32,0.0,0.0,0.0,99.98,76.33,52.67,38.48,29.02,5.37,38.48,94.61,33.95,5.37,Moderada,-6.3100000000000005,-37.1533,12.34,2405603
2411908,241190,São Francisco do Oeste,RN,Nordeste,2025,4319,1,0,0,0,2.32,0.0,0.0,0.0,99.98,95.4,90.83,88.08,86.25,81.67,88.08,18.31,6.57,81.69,Muito alta,-5.9925999999999995,-38.183350000000004,11.88,2304277
2412005,241200,São Gonçalo do Amarante,RN,Nordeste,2025,124495,35,4,4,1,2.81,3.21,3.21,0.8,40.41,48.57,56.74,61.64,64.91,73.07,61.64,32.67,11.72,67.32,Alta,-5.7745999999999995,-35.36155,0.0,2412005
2412203,241220,São José de Mipibu,RN,Nordeste,2025,50053,22,2,1,1,4.4,4.0,2.0,2.0,35.81,37.66,39.51,40.62,41.36,43.21,40.62,7.4,2.65,81.71,Moderada,-6.079750000000001,-35.3012,0.0,2412203
2412302,241230,São José do Campestre,RN,Nordeste,2025,11298,5,1,0,1,4.43,8.85,0.0,8.85,15.2,22.03,28.86,32.96,35.69,42.52,32.96,27.32,9.8,71.92,Moderada,-6.300649999999999,-35.75685,0.0,2412302
2412401,241240,São José do Seridó,RN,Nordeste,2025,4733,2,1,0,0,4.23,21.13,0.0,0.0,2.66,13.67,24.69,31.3,35.71,46.72,31.3,44.07,15.81,55.92,Moderada,-6.47865,-36.8594,0.0,2412401
2412104,241210,São João do Sabugi,RN,Nordeste,2025,6136,3,1,0,0,4.89,16.3,0.0,0.0,5.31,12.38,19.45,23.69,26.52,33.58,23.69,28.27,10.14,71.72,Baixa,-6.68775,-37.174800000000005,0.0,2412104
2412500,241250,São Miguel,RN,Nordeste,2025,24422,6,1,1,1,2.46,4.09,4.09,4.09,34.91,45.94,56.97,63.59,68.0,79.03,63.59,44.12,15.83,55.87,Alta,-6.2129,-38.45975,0.0,2412500
2412559,241255,São Miguel do Gostoso,RN,Nordeste,2025,10636,5,1,0,0,4.7,9.4,0.0,0.0,13.16,19.22,25.28,28.92,31.35,37.41,28.92,24.25,8.7,73.99,Moderada,-5.19175,-35.72865,0.0,2412559
2412609,241260,São Paulo do Potengi,RN,Nordeste,2025,17371,9,1,1,1,5.18,5.76,5.76,5.76,25.72,26.44,27.15,27.58,27.86,28.58,27.58,2.85,1.02,84.49,Moderada,-5.9346,-35.759100000000004,0.0,2412609
2412708,241270,São Pedro,RN,Nordeste,2025,5890,1,0,0,0,1.7,0.0,0.0,0.0,99.98,97.31,94.64,93.04,91.97,89.3,93.04,10.68,3.83,89.32,Muito alta,-5.886950000000001,-35.60825,13.32,2401701
2412807,241280,São Rafael,RN,Nordeste,2025,7889,3,1,1,1,3.8,12.68,12.68,12.68,8.31,19.85,31.39,38.31,42.92,54.46,38.31,46.15,16.56,53.84,Moderada,-5.8429,-36.876850000000005,0.0,2412807
2412906,241290,São Tomé,RN,Nordeste,2025,10161,5,1,1,0,4.92,9.84,9.84,0.0,11.94,17.2,22.46,25.62,27.73,32.99,25.62,21.06,7.56,76.66,Moderada,-5.999650000000001,-36.1292,0.0,2412906
2413003,241300,São Vicente,RN,Nordeste,2025,6530,3,0,0,0,4.59,0.0,0.0,0.0,99.98,84.81,69.63,60.52,54.45,39.27,60.52,60.71,21.78,39.28,Alta,-6.19825,-36.66745,18.11,2403806
2413706,241370,Sítio Novo,RN,Nordeste,2025,4746,3,1,0,1,6.32,21.07,0.0,21.07,2.67,5.57,8.47,10.21,11.37,14.27,10.21,11.6,4.16,87.41,Baixa,-6.091200000000001,-35.92715,0.0,2413706
2413805,241380,Taboleiro Grande,RN,Nordeste,2025,2409,2,1,1,0,8.3,41.51,41.51,0.0,0.27,1.56,2.85,3.62,4.13,5.42,3.62,5.15,1.85,94.85,Baixa,-5.93595,-38.036249999999995,0.0,2413805
2413904,241390,Taipu,RN,Nordeste,2025,11708,6,1,1,0,5.12,8.54,8.54,0.0,16.28,19.59,22.9,24.88,26.2,29.51,24.88,13.23,4.75,81.35,Baixa,-5.6067,-35.5813,0.0,2413904
2414001,241400,Tangará,RN,Nordeste,2025,13583,8,1,0,0,5.89,7.36,0.0,0.0,19.12,18.98,18.85,18.77,18.71,18.58,18.77,0.54,0.19,87.59,Baixa,-6.2186,-35.8198,0.0,2414001
2414100,241410,Tenente Ananias,RN,Nordeste,2025,10610,3,1,1,1,2.83,9.43,9.43,9.43,13.01,27.92,42.83,51.77,57.74,72.64,51.77,59.63,21.4,40.36,Alta,-6.444800000000001,-38.1618,0.0,2414100
2414159,241415,Tenente Laurentino Cruz,RN,Nordeste,2025,6152,2,0,0,0,3.25,0.0,0.0,0.0,99.98,91.34,82.7,77.51,74.05,65.41,77.51,34.57,12.4,65.42,Muito alta,-6.158049999999999,-36.719350000000006,12.58,2403806
2411056,241105,Tibau,RN,Nordeste,2025,5748,4,1,1,0,6.96,17.4,17.4,0.0,4.56,5.85,7.14,7.92,8.44,9.73,7.92,5.17,1.85,92.05,Baixa,-4.8885000000000005,-37.33369999999999,0.0,2411056
2414209,241420,Tibau do Sul,RN,Nordeste,2025,18080,6,1,0,1,3.32,5.53,0.0,5.53,27.25,36.5,45.75,51.31,55.01,64.26,51.31,37.01,13.28,62.98,Alta,-6.2412,-35.0944,0.0,2414209
2414308,241430,Timbaúba dos Batistas,RN,Nordeste,2025,2424,2,0,0,0,8.25,0.0,0.0,0.0,99.98,76.38,52.78,38.62,29.18,5.58,38.62,94.4,33.87,5.58,Moderada,-6.4869,-37.2535,14.5,2413409
2414407,241440,Touros,RN,Nordeste,2025,34767,18,1,1,1,5.18,2.88,2.88,2.88,42.42,38.97,35.53,33.47,32.09,28.65,33.47,13.77,4.94,75.53,Moderada,-5.2894000000000005,-35.60715,0.0,2414407
2414456,241445,Triunfo Potiguar,RN,Nordeste,2025,3477,3,1,0,1,8.63,28.76,0.0,28.76,1.17,2.0,2.83,3.33,3.66,4.49,3.33,3.32,1.19,95.89,Baixa,-5.9224499999999995,-37.14805,0.0,2414456
2414506,241450,Umarizal,RN,Nordeste,2025,10655,10,1,0,0,9.39,9.39,0.0,0.0,13.32,10.76,8.19,6.66,5.63,3.07,6.66,10.25,3.68,87.92,Baixa,-6.00145,-37.8339,0.0,2414506
2414605,241460,Upanema,RN,Nordeste,2025,14048,11,1,0,0,7.83,7.12,0.0,0.0,20.1,16.69,13.27,11.23,9.86,6.44,11.23,13.66,4.9,82.53,Baixa,-5.6151,-37.28605,0.0,2414605
2414753,241475,Venha-Ver,RN,Nordeste,2025,3005,4,1,1,0,13.31,33.28,33.28,0.0,0.66,0.62,0.57,0.55,0.53,0.48,0.55,0.18,0.06,99.35,Baixa,-6.321149999999999,-38.51985,0.0,2414753
2414803,241480,Vera Cruz,RN,Nordeste,2025,11053,6,1,0,1,5.43,9.05,0.0,9.05,14.59,17.2,19.8,21.36,22.4,25.0,21.36,10.41,3.74,83.52,Baixa,-6.03295,-35.4559,0.0,2414803
2415008,241500,Vila Flor,RN,Nordeste,2025,3304,2,1,0,0,6.05,30.27,0.0,0.0,0.92,4.92,8.92,11.32,12.92,16.93,11.32,16.01,5.75,83.99,Baixa,-6.3029,-35.08085,0.0,2415008
2414902,241490,Viçosa,RN,Nordeste,2025,1900,2,1,1,1,10.53,52.63,52.63,52.63,0.05,0.52,0.99,1.27,1.45,1.92,1.27,1.87,0.67,98.1,Baixa,-5.9931,-37.952,0.0,2414902
2414704,241470,Várzea,RN,Nordeste,2025,5387,2,0,0,0,3.71,0.0,0.0,0.0,99.98,89.06,78.15,71.59,67.23,56.31,71.59,43.67,15.67,56.32,Alta,-6.3152,-35.3594,11.49,2401800
2400406,240040,Água Nova,RN,Nordeste,2025,3029,2,0,0,0,6.6,0.0,0.0,0.0,99.98,78.02,56.07,42.89,34.11,12.15,42.89,87.83,31.51,12.15,Moderada,-6.20885,-38.314949999999996,8.19,2410801
1100015,110001,Alta Floresta D'Oeste,RO,Norte,2025,22787,4,2,2,2,1.76,8.78,8.78,8.78,15.47,33.75,52.03,62.99,70.31,88.58,62.99,73.11,26.23,26.88,Alta,-12.47545,-62.390299999999996,0.0,1100015
1100379,110037,Alto Alegre dos Parecis,RO,Norte,2025,12237,6,1,1,1,4.9,8.17,8.17,8.17,17.03,21.12,25.2,27.65,29.29,33.37,27.65,16.33,5.86,79.39,Moderada,-12.5647,-61.972,0.0,1100379
1100403,110040,Alto Paraíso,RO,Norte,2025,17467,5,1,0,1,2.86,5.73,0.0,5.73,25.87,37.42,48.98,55.91,60.53,72.09,55.91,46.22,16.59,53.77,Alta,-9.6978,-63.41875,0.0,1100403
1100346,110034,Alvorada D'Oeste,RO,Norte,2025,13720,6,1,1,1,4.37,7.29,7.29,7.29,19.31,25.39,31.46,35.1,37.53,43.6,35.1,24.29,8.71,74.36,Moderada,-11.3343,-62.64485,0.0,1100346
1100023,110002,Ariquemes,RO,Norte,2025,109170,14,12,10,5,1.28,10.99,9.16,4.58,10.32,31.07,51.81,64.26,72.56,93.3,64.26,82.98,29.78,17.0,Alta,-9.9795,-63.0193,0.0,1100023
1100452,110045,Buritis,RO,Norte,2025,30649,6,3,3,3,1.96,9.79,9.79,9.79,11.97,30.6,49.22,60.39,67.84,86.47,60.39,74.49,26.73,25.49,Alta,-10.091899999999999,-63.9343,0.0,1100452
1100031,110003,Cabixi,RO,Norte,2025,5664,3,1,0,1,5.3,17.66,0.0,17.66,4.36,10.0,15.63,19.02,21.27,26.91,19.02,22.55,8.09,77.06,Baixa,-13.5058,-60.6453,0.0,1100031
1100601,110060,Cacaulândia,RO,Norte,2025,4292,3,1,0,0,6.99,23.3,0.0,0.0,2.01,3.91,5.82,6.96,7.72,9.62,6.96,7.61,2.73,91.33,Baixa,-10.32975,-62.96585,0.0,1100601
1100049,110004,Cacoal,RO,Norte,2025,98280,15,10,10,5,1.53,10.18,10.18,5.09,11.49,31.38,51.27,63.21,71.17,91.06,63.21,79.57,28.55,20.41,Alta,-11.3033,-61.3982,0.0,1100049
1100700,110070,Campo Novo de Rondônia,RO,Norte,2025,9095,5,1,0,0,5.5,11.0,0.0,0.0,10.3,13.73,17.16,19.22,20.59,24.02,19.22,13.71,4.92,82.5,Baixa,-10.51,-63.84205,0.0,1100700
1100809,110080,Candeias do Jamari,RO,Norte,2025,24313,2,1,0,0,0.82,4.11,0.0,0.0,34.7,50.13,65.55,74.81,80.98,96.41,74.81,61.71,22.14,38.28,Alta,-8.96445,-63.26495,0.0,1100809
1100908,110090,Castanheiras,RO,Norte,2025,3450,2,1,0,0,5.8,28.99,0.0,0.0,1.11,5.73,10.34,13.11,14.95,19.57,13.11,18.45,6.62,81.54,Baixa,-11.437850000000001,-61.85015,0.0,1100908
1100056,110005,Cerejeiras,RO,Norte,2025,16966,6,1,1,1,3.54,5.89,5.89,5.89,25.02,33.78,42.54,47.8,51.3,60.06,47.8,35.04,12.57,64.96,Moderada,-13.184000000000001,-61.312200000000004,0.0,1100056
1100924,110092,Chupinguaia,RO,Norte,2025,10191,6,1,1,1,5.89,9.81,9.81,9.81,11.95,13.62,15.29,16.3,16.96,18.63,16.3,6.68,2.4,86.86,Baixa,-12.57925,-60.8942,0.0,1100924
1100064,110006,Colorado do Oeste,RO,Norte,2025,16508,5,1,1,1,3.03,6.06,6.06,6.06,24.5,35.78,47.06,53.82,58.33,69.61,53.82,45.11,16.19,54.88,Alta,-13.14205,-60.5381,0.0,1100064
1100072,110007,Corumbiara,RO,Norte,2025,7968,4,1,0,0,5.02,12.55,0.0,0.0,8.45,14.15,19.84,23.26,25.54,31.23,23.26,22.78,8.17,75.71,Baixa,-12.88105,-61.0805,0.0,1100072
1100080,110008,Costa Marques,RO,Norte,2025,13510,3,1,1,1,2.22,7.4,7.4,7.4,19.01,35.03,51.04,60.65,67.06,83.07,60.65,64.06,22.99,35.92,Alta,-12.0852,-64.0707,0.0,1100080
1100940,110094,Cujubim,RO,Norte,2025,15877,4,1,1,0,2.52,6.3,6.3,0.0,23.78,37.35,50.91,59.04,64.47,78.03,59.04,54.25,19.46,45.75,Alta,-9.12895,-62.694950000000006,0.0,1100940
1100098,110009,Espigão D'Oeste,RO,Norte,2025,32842,6,3,3,2,1.83,9.13,9.13,6.09,14.31,32.66,51.01,62.03,69.37,87.72,62.03,73.42,26.34,26.57,Alta,-11.3679,-60.82485,0.0,1100098
1101005,110100,Governador Jorge Teixeira,RO,Norte,2025,8340,4,1,1,1,4.8,11.99,11.99,11.99,9.05,15.62,22.19,26.13,28.76,35.33,26.13,26.28,9.43,72.94,Moderada,-10.822849999999999,-63.0993,0.0,1101005
1100106,110010,Guajará-Mirim,RO,Norte,2025,43594,10,4,3,1,2.29,9.18,6.88,2.29,14.13,31.09,48.04,58.22,65.0,81.96,58.22,67.83,24.34,32.15,Alta,-11.3224,-64.4757,0.0,1100106
1101104,110110,Itapuã do Oeste,RO,Norte,2025,9228,2,1,0,1,2.17,10.84,0.0,10.84,10.54,28.85,47.16,58.15,65.48,83.79,58.15,73.25,26.28,26.73,Alta,-9.13945,-63.0789,0.0,1101104
1100114,110011,Jaru,RO,Norte,2025,55682,12,3,2,1,2.16,5.39,3.59,1.8,28.04,42.0,55.97,64.35,69.93,83.9,64.35,55.86,20.04,44.13,Alta,-10.6475,-62.63245,0.0,1100114
1100122,110012,Ji-Paraná,RO,Norte,2025,140101,17,14,13,5,1.21,9.99,9.28,3.57,11.69,32.19,52.69,64.99,73.2,93.7,64.99,82.01,29.43,17.97,Alta,-10.4292,-61.812799999999996,0.0,1100122
1100130,110013,Machadinho D'Oeste,RO,Norte,2025,34149,9,1,1,1,2.64,2.93,2.93,2.93,42.09,50.66,59.24,64.38,67.81,76.38,64.38,34.28,12.3,65.71,Alta,-9.1902,-62.012,0.0,1100130
1101203,110120,Ministro Andreazza,RO,Norte,2025,6519,2,1,0,0,3.07,15.34,0.0,0.0,6.01,21.76,37.52,46.97,53.27,69.02,46.97,63.0,22.61,36.98,Moderada,-11.1598,-61.58455,0.0,1101203
1101302,110130,Mirante da Serra,RO,Norte,2025,9657,2,1,1,1,2.07,10.36,10.36,10.36,11.36,29.8,48.24,59.3,66.68,85.12,59.3,73.76,26.47,26.23,Alta,-11.04465,-62.872749999999996,0.0,1101302
1101401,110140,Monte Negro,RO,Norte,2025,12168,8,1,1,1,6.57,8.22,8.22,8.22,16.91,15.76,14.62,13.93,13.48,12.33,13.93,4.58,1.64,87.45,Baixa,-10.246500000000001,-63.355050000000006,0.0,1101401
1100148,110014,Nova Brasilândia D'Oeste,RO,Norte,2025,16374,5,1,1,1,3.05,6.11,6.11,6.11,24.39,35.6,46.8,53.53,58.01,69.22,53.53,44.82,16.08,55.17,Alta,-11.6287,-62.21555,0.0,1100148
1100338,110033,Nova Mamoré,RO,Norte,2025,28701,4,1,1,1,1.39,3.48,3.48,3.48,38.93,52.29,65.64,73.66,79.0,92.35,73.66,53.42,19.17,46.57,Alta,-10.405149999999999,-64.54925,0.0,1100338
1101435,110143,Nova União,RO,Norte,2025,6541,1,1,1,1,1.53,15.29,15.29,15.29,6.05,27.29,48.54,61.28,69.78,91.02,61.28,84.98,30.49,15.01,Alta,-10.88775,-62.53475,0.0,1101435
1100502,110050,Novo Horizonte do Oeste,RO,Norte,2025,7972,2,1,1,0,2.51,12.54,12.54,0.0,8.47,25.89,43.31,53.77,60.73,78.15,53.77,69.68,25.0,30.31,Alta,-11.6855,-62.06335,0.0,1100502
1100155,110015,Ouro Preto do Oeste,RO,Norte,2025,38684,7,4,4,4,1.81,10.34,10.34,10.34,11.38,30.54,49.7,61.2,68.87,88.03,61.2,76.65,27.5,23.34,Alta,-10.5082,-62.176550000000006,0.0,1100155
1101450,110145,Parecis,RO,Norte,2025,4372,3,1,0,0,6.86,22.87,0.0,0.0,2.08,4.12,6.16,7.38,8.19,10.23,7.38,8.15,2.92,90.77,Baixa,-12.3133,-61.4108,0.0,1101450
1100189,110018,Pimenta Bueno,RO,Norte,2025,39220,6,2,2,2,1.53,5.1,5.1,5.1,29.83,45.12,60.41,69.58,75.7,90.99,69.58,61.16,21.94,38.83,Alta,-11.863150000000001,-60.9332,0.0,1100189
1101468,110146,Pimenteiras do Oeste,RO,Norte,2025,2309,2,1,0,0,8.66,43.31,0.0,0.0,0.2,1.25,2.31,2.94,3.36,4.42,2.94,4.22,1.51,95.78,Baixa,-13.0098,-61.41045,0.0,1101468
1100205,110020,Porto Velho,RO,Norte,2025,517709,60,31,22,5,1.16,5.99,4.25,0.97,24.79,42.12,59.45,69.85,76.78,94.11,69.85,69.32,24.87,30.66,Alta,-8.988150000000001,-64.5244,0.0,1100205
1100254,110025,Presidente Médici,RO,Norte,2025,20443,9,1,1,1,4.4,4.89,4.89,4.89,30.84,33.88,36.91,38.74,39.95,42.99,38.74,12.15,4.36,79.75,Moderada,-11.19205,-61.907349999999994,0.0,1100254
1101476,110147,Primavera de Rondônia,RO,Norte,2025,3268,3,0,0,0,9.18,0.0,0.0,0.0,99.98,75.86,51.73,37.26,27.61,3.48,37.26,96.5,34.63,3.48,Moderada,-11.908100000000001,-61.3075,17.81,1101484
1100262,110026,Rio Crespo,RO,Norte,2025,3767,1,1,0,1,2.65,26.55,0.0,26.55,1.42,20.06,38.7,49.89,57.34,75.98,49.89,74.56,26.76,25.42,Moderada,-9.6842,-62.7713,0.0,1100262
1100288,110028,Rolim de Moura,RO,Norte,2025,62959,15,3,3,3,2.38,4.77,4.77,4.77,31.47,43.71,55.96,63.31,68.21,80.45,63.31,48.99,17.58,51.01,Alta,-11.7453,-61.787850000000006,0.0,1100288
1100296,110029,Santa Luzia D'Oeste,RO,Norte,2025,7837,2,1,1,1,2.55,12.76,12.76,12.76,8.2,25.57,42.93,53.35,60.29,77.65,53.35,69.45,24.92,30.54,Alta,-12.1427,-61.7105,0.0,1100296
1101500,110150,Seringueiras,RO,Norte,2025,12965,3,1,1,1,2.31,7.71,7.71,7.71,18.24,34.11,49.97,59.49,65.84,81.71,59.49,63.47,22.77,36.52,Alta,-11.89575,-63.258750000000006,0.0,1101500
1101484,110148,São Felipe D'Oeste,RO,Norte,2025,5588,3,1,1,0,5.37,17.9,17.9,0.0,4.07,9.47,14.87,18.11,20.27,25.67,18.11,21.59,7.75,77.92,Baixa,-11.9161,-61.471000000000004,0.0,1101484
1101492,110149,São Francisco do Guaporé,RO,Norte,2025,17557,6,1,1,1,3.42,5.7,5.7,5.7,26.03,35.14,44.25,49.71,53.36,62.47,49.71,36.44,13.07,63.55,Moderada,-12.3796,-63.1704,0.0,1101492
1100320,110032,São Miguel do Guaporé,RO,Norte,2025,22305,2,1,1,1,0.9,4.48,4.48,4.48,32.97,48.73,64.48,73.93,80.23,95.98,73.93,63.0,22.61,36.98,Alta,-11.6211,-63.04005,0.0,1100320
1101559,110155,Teixeirópolis,RO,Norte,2025,4521,1,1,0,1,2.21,22.12,0.0,22.12,2.37,22.57,42.78,54.9,62.98,83.18,54.9,80.81,29.0,19.17,Alta,-10.93065,-62.30855,0.0,1101559
1101609,110160,Theobroma,RO,Norte,2025,8459,2,1,0,0,2.36,11.82,0.0,0.0,9.28,27.15,45.01,55.73,62.87,80.74,55.73,71.46,25.64,28.53,Alta,-10.0892,-62.31215,0.0,1101609
1101708,110170,Urupá,RO,Norte,2025,11314,3,1,1,1,2.65,8.84,8.84,8.84,15.26,30.47,45.67,54.8,60.88,76.09,54.8,60.83,21.83,39.16,Alta,-11.1149,-62.41785,0.0,1101708
1101757,110175,Vale do Anari,RO,Norte,2025,8220,3,1,0,0,3.65,12.17,0.0,0.0,8.81,21.03,33.25,40.58,45.47,57.69,40.58,48.88,17.54,51.11,Moderada,-9.690650000000002,-61.9501,0.0,1101757
1101807,110180,Vale do Paraíso,RO,Norte,2025,6790,3,1,1,0,4.42,14.73,14.73,0.0,6.53,15.58,24.63,30.06,33.67,42.72,30.06,36.19,12.98,63.81,Moderada,-10.3635,-62.08515,0.0,1101807
1100304,110030,Vilhena,RO,Norte,2025,109651,9,6,4,2,0.82,5.47,3.65,1.82,27.73,44.91,62.08,72.38,79.25,96.43,72.38,68.7,24.65,31.29,Alta,-12.12395,-60.294700000000006,0.0,1100304
1400050,140005,Alto Alegre,RR,Norte,2025,23589,8,2,0,2,3.39,8.48,0.0,8.48,16.37,27.99,39.62,46.59,51.24,62.86,46.59,46.49,16.68,53.5,Moderada,3.10345,-62.6104,0.0,1400050
1400027,140002,Amajari,RR,Norte,2025,16112,10,0,0,0,6.21,0.0,0.0,0.0,99.98,78.83,57.67,44.98,36.52,15.37,44.98,84.62,30.36,15.37,Moderada,3.72555,-62.714150000000004,70.13,1400050
1400100,140010,Boa Vista,RR,Norte,2025,485477,55,8,6,2,1.13,1.65,1.24,0.41,48.21,59.75,71.29,78.21,82.83,94.36,78.21,46.15,16.56,53.84,Muito alta,3.0095,-60.6432,0.0,1400100
1400159,140015,Bonfim,RR,Norte,2025,15570,11,1,1,1,7.06,6.42,6.42,6.42,23.32,19.75,16.19,14.05,12.63,9.06,14.05,14.25,5.11,80.66,Baixa,2.7929500000000003,-60.144549999999995,0.0,1400159
1400175,140017,Cantá,RR,Norte,2025,21102,5,0,0,0,2.37,0.0,0.0,0.0,99.98,95.16,90.33,87.44,85.51,80.69,87.44,19.3,6.92,80.7,Muito alta,2.30395,-60.6048,74.64,1400159
1400209,140020,Caracaraí,RR,Norte,2025,22750,10,1,1,1,4.4,4.4,4.4,4.4,33.39,35.84,38.29,39.76,40.74,43.19,39.76,9.8,3.52,80.74,Moderada,0.3122499999999999,-61.0745,0.0,1400209
1400233,140023,Caroebe,RR,Norte,2025,12004,3,1,0,1,2.5,8.33,0.0,8.33,16.69,32.1,47.5,56.75,62.91,78.32,56.75,61.62,22.11,38.37,Alta,0.9438000000000001,-59.3566,0.0,1400233
1400282,140028,Iracema,RR,Norte,2025,10937,5,1,0,0,4.57,9.14,0.0,0.0,14.25,20.65,27.04,30.88,33.44,39.83,30.88,25.58,9.18,73.09,Moderada,2.1738,-62.4492,0.0,1400282
1400308,140030,Mucajaí,RR,Norte,2025,20006,8,1,1,1,4.0,5.0,5.0,5.0,30.32,35.46,40.61,43.7,45.76,50.91,43.7,20.59,7.39,74.85,Moderada,2.5285,-61.9548,0.0,1400308
1400407,140040,Normandia,RR,Norte,2025,16323,12,1,1,1,7.35,6.13,6.13,6.13,24.3,20.21,16.11,13.65,12.01,7.92,13.65,16.39,5.88,79.39,Baixa,3.8362999999999996,-60.027950000000004,0.0,1400407
1400456,140045,Pacaraima,RR,Norte,2025,23112,12,1,1,1,5.19,4.33,4.33,4.33,33.67,32.39,31.1,30.33,29.81,28.52,30.33,5.15,1.85,81.9,Moderada,4.16655,-60.96565,0.0,1400456
1400472,140047,Rorainópolis,RR,Norte,2025,37787,14,2,1,2,3.7,5.29,2.65,5.29,28.77,35.7,42.63,46.79,49.56,56.49,46.79,27.71,9.94,70.97,Moderada,-0.21829999999999994,-60.946749999999994,0.0,1400472
1400506,140050,São João da Baliza,RR,Norte,2025,9969,3,1,0,1,3.01,10.03,0.0,10.03,11.63,26.22,40.81,49.56,55.4,69.99,49.56,58.36,20.94,41.63,Moderada,0.76975,-59.7933,0.0,1400506
1400605,140060,São Luiz do Anauá,RR,Norte,2025,7848,3,1,0,1,3.82,12.74,0.0,12.74,8.24,19.66,31.08,37.93,42.5,53.92,37.93,45.68,16.39,54.31,Moderada,0.8494999999999999,-60.191900000000004,0.0,1400605
1400704,140070,Uiramutã,RR,Norte,2025,16186,8,0,0,0,4.94,0.0,0.0,0.0,99.98,83.1,66.23,56.1,49.35,32.47,56.1,67.51,24.22,32.48,Alta,4.71615,-60.1867,99.41,1400407
4300034,430003,Aceguá,RS,Sul,2025,4251,2,0,0,0,4.7,0.0,0.0,0.0,99.98,84.33,68.67,59.27,53.01,37.35,59.27,62.63,22.47,37.36,Alta,-31.69495,-54.1802,141.95,4317004
4300109,430010,Agudo,RS,Sul,2025,16341,2,0,0,0,1.22,0.0,0.0,0.0,99.98,98.39,96.8,95.85,95.22,93.63,95.85,6.35,2.28,93.64,Muito alta,-29.64015,-53.19555,26.11,4318432
4300208,430020,Ajuricaba,RS,Sul,2025,6843,3,0,0,0,4.38,0.0,0.0,0.0,99.98,85.85,71.71,63.23,57.57,43.44,63.23,56.54,20.29,43.45,Alta,-28.2001,-53.7314,57.18,4319109
4300307,430030,Alecrim,RS,Sul,2025,6219,2,1,1,1,3.22,16.08,16.08,16.08,5.49,20.65,35.81,44.91,50.97,66.13,44.91,60.64,21.76,39.35,Moderada,-27.64875,-54.7855,0.0,4300307
4300406,430040,Alegrete,RS,Sul,2025,74285,26,0,0,0,3.5,0.0,0.0,0.0,99.98,90.22,80.46,74.61,70.7,60.94,74.61,39.04,14.01,60.95,Alta,-29.76595,-55.88735,107.6,4302907
4300455,430045,Alegria,RS,Sul,2025,3705,1,0,0,0,2.7,0.0,0.0,0.0,99.98,93.81,87.63,83.93,81.46,75.28,83.93,24.7,8.86,75.3,Muito alta,-27.8101,-54.0633,15.11,4319109
4300471,430047,Almirante Tamandaré do Sul,RS,Sul,2025,2007,0,0,0,0,0.0,0.0,0.0,0.0,99.98,99.98,99.98,99.98,99.98,99.98,99.98,0.0,0.0,100.0,Muito alta,-28.1387,-52.9114,47.86,4314100
4300505,430050,Alpestre,RS,Sul,2025,7235,4,0,0,0,5.53,0.0,0.0,0.0,99.98,80.83,61.69,50.2,42.54,23.39,50.2,76.59,27.48,23.39,Alta,-27.203699999999998,-53.06075,15.13,4204103
4300554,430055,Alto Alegre,RS,Sul,2025,1837,1,0,0,0,5.44,0.0,0.0,0.0,99.98,81.21,62.44,51.18,43.67,24.9,51.18,75.09,26.94,24.9,Alta,-28.80455,-52.99875,32.49,4310009
4300570,430057,Alto Feliz,RS,Sul,2025,3145,0,0,0,0,0.0,0.0,0.0,0.0,99.98,99.98,99.98,99.98,99.98,99.98,99.98,0.0,0.0,100.0,Muito alta,-29.369999999999997,-51.30645,10.3,4308102
4300604,430060,Alvorada,RS,Sul,2025,194062,19,0,0,0,0.98,0.0,0.0,0.0,99.98,98.84,97.69,97.01,96.55,95.4,97.01,4.58,1.64,95.42,Muito alta,-30.00625,-51.0179,16.83,4314902
4300638,430063,Amaral Ferrador,RS,Sul,2025,5384,0,0,0,0,0.0,0.0,0.0,0.0,99.98,99.98,99.98,99.98,99.98,99.98,99.98,0.0,0.0,100.0,Muito alta,-30.7851,-52.2783,19.86,4306502
4300646,430064,Ametista do Sul,RS,Sul,2025,7826,4,0,0,0,5.11,0.0,0.0,0.0,99.98,82.46,64.93,54.42,47.41,29.89,54.42,70.1,25.15,29.89,Alta,-27.3623,-53.1875,35.35,4204103
4300661,430066,André da Rocha,RS,Sul,2025,1156,0,0,0,0,0.0,0.0,0.0,0.0,99.98,99.98,99.98,99.98,99.98,99.98,99.98,0.0,0.0,100.0,Muito alta,-28.58965,-51.50605,43.83,4311304
4300703,430070,Anta Gorda,RS,Sul,2025,6080,1,1,0,1,1.64,16.45,0.0,16.45,5.17,26.32,47.48,60.17,68.63,89.79,60.17,84.62,30.36,15.37,Alta,-28.975949999999997,-52.0028,0.0,4300703
4300802,430080,Antônio Prado,RS,Sul,2025,13332,2,0,0,0,1.5,0.0,0.0,0.0,99.98,97.82,95.66,94.36,93.49,91.33,94.36,8.65,3.1,91.35,Muito alta,-28.88245,-51.313,33.81,4305108
4300851,430085,Arambaré,RS,Sul,2025,4215,1,0,0,0,2.37,0.0,0.0,0.0,99.98,95.15,90.32,87.42,85.48,80.65,87.42,19.33,6.94,80.66,Muito alta,-30.9299,-51.594899999999996,22.32,4303509
4300877,430087,Araricá,RS,Sul,2025,8831,3,0,0,0,3.4,0.0,0.0,0.0,99.98,90.69,81.39,75.82,72.1,62.81,75.82,37.17,13.34,62.82,Muito alta,-29.643549999999998,-50.930049999999994,15.76,4313409
4300901,430090,Aratiba,RS,Sul,2025,6618,1,0,0,0,1.51,0.0,0.0,0.0,99.98,97.79,95.6,94.29,93.41,91.22,94.29,8.76,3.14,91.24,Muito alta,-27.384,-52.30535,13.92,4312005
4301305,430130,Arroio Grande,RS,Sul,2025,17879,4,0,0,0,2.24,0.0,0.0,0.0,99.98,95.66,91.34,88.75,87.02,82.7,88.75,17.29,6.2,82.71,Muito alta,-32.1956,-52.8582,43.81,4315602
4301008,430100,Arroio do Meio,RS,Sul,2025,22523,0,0,0,0,0.0,0.0,0.0,0.0,99.98,99.98,99.98,99.98,99.98,99.98,99.98,0.0,0.0,100.0,Muito alta,-29.3566,-51.96875,27.94,4312609
4301073,430107,Arroio do Padre,RS,Sul,2025,2650,1,0,0,0,3.77,0.0,0.0,0.0,99.98,88.73,77.47,70.72,66.22,54.96,70.72,45.02,16.15,54.97,Alta,-31.448500000000003,-52.3904,14.52,4314407
4301057,430105,Arroio do Sal,RS,Sul,2025,11418,6,0,0,0,5.25,0.0,0.0,0.0,99.98,81.85,63.71,52.83,45.58,27.45,52.83,72.54,26.03,27.45,Alta,-29.5157,-49.89485,22.27,4304630
4301206,430120,Arroio do Tigre,RS,Sul,2025,12291,4,0,0,0,3.25,0.0,0.0,0.0,99.98,91.31,82.64,77.44,73.97,65.3,77.44,34.68,12.44,65.31,Muito alta,-29.25545,-53.0426,16.5,4320701
4301107,430110,Arroio dos Ratos,RS,Sul,2025,14934,4,0,0,0,2.68,0.0,0.0,0.0,99.98,93.89,87.79,84.14,81.7,75.61,84.14,24.38,8.75,75.62,Muito alta,-30.1769,-51.735299999999995,19.86,4318408
4301404,430140,Arvorezinha,RS,Sul,2025,10547,3,0,0,0,2.84,0.0,0.0,0.0,99.98,93.09,86.21,82.07,79.32,72.43,82.07,27.55,9.89,72.44,Muito alta,-28.88745,-52.168549999999996,18.9,4300703
4301503,430150,Augusto Pestana,RS,Sul,2025,7303,1,0,0,0,1.37,0.0,0.0,0.0,99.98,98.15,96.32,95.22,94.49,92.66,95.22,7.32,2.63,92.68,Muito alta,-28.534950000000002,-54.0048,76.95,4310009
4301602,430160,Bagé,RS,Sul,2025,121928,19,0,0,0,1.56,0.0,0.0,0.0,99.98,97.68,95.38,94.0,93.08,90.77,94.0,9.21,3.3,90.79,Muito alta,-31.24775,-54.0722,101.21,4317004
4301636,430163,Balneário Pinhal,RS,Sul,2025,15413,0,0,0,0,0.0,0.0,0.0,0.0,99.98,99.98,99.98,99.98,99.98,99.98,99.98,0.0,0.0,100.0,Muito alta,-30.225749999999998,-50.30915,22.24,4321600
4301958,430195,Barra Funda,RS,Sul,2025,2557,1,0,0,0,3.91,0.0,0.0,0.0,99.98,88.11,76.23,69.11,64.36,52.49,69.11,47.5,17.04,52.5,Alta,-27.92175,-53.012299999999996,25.84,4305801
4301859,430185,Barra do Guarita,RS,Sul,2025,3231,3,0,0,0,9.29,0.0,0.0,0.0,99.98,75.79,51.59,37.07,27.39,3.2,37.07,96.79,34.73,3.2,Moderada,-27.213250000000002,-53.7633,13.57,4208401
4301875,430187,Barra do Quaraí,RS,Sul,2025,4340,4,0,0,0,9.22,0.0,0.0,0.0,99.98,75.83,51.69,37.2,27.54,3.39,37.2,96.59,34.66,3.39,Moderada,-30.127850000000002,-57.35465,180.92,4317103
4301909,430190,Barra do Ribeiro,RS,Sul,2025,12473,3,0,0,0,2.41,0.0,0.0,0.0,99.98,94.98,89.98,86.98,84.98,79.99,86.98,20.0,7.18,80.0,Muito alta,-30.368250000000003,-51.32915,25.21,4309308
4301925,430192,Barra do Rio Azul,RS,Sul,2025,1721,1,0,0,0,5.81,0.0,0.0,0.0,99.98,79.86,59.74,47.66,39.62,19.49,47.66,80.49,28.88,19.5,Moderada,-27.39155,-52.40345000000001,17.87,4208005
4301800,430180,Barracão,RS,Sul,2025,4915,1,0,0,0,2.03,0.0,0.0,0.0,99.98,96.39,92.8,90.65,89.21,85.62,90.65,14.36,5.15,85.64,Muito alta,-27.74405,-51.4436,50.62,4311304
4302006,430200,Barros Cassal,RS,Sul,2025,9425,6,0,0,0,6.37,0.0,0.0,0.0,99.98,78.42,56.87,43.93,35.31,13.75,43.93,86.23,30.94,13.75,Moderada,-29.1044,-52.589150000000004,53.01,4320701
4301651,430165,Barão,RS,Sul,2025,6496,4,0,0,0,6.16,0.0,0.0,0.0,99.98,78.95,57.92,45.31,36.9,15.87,45.31,84.11,30.18,15.87,Moderada,-29.3922,-51.50745,24.23,4308102
4301701,430170,Barão de Cotegipe,RS,Sul,2025,7320,2,0,0,0,2.73,0.0,0.0,0.0,99.98,93.64,87.29,83.48,80.95,74.6,83.48,25.38,9.11,74.61,Muito alta,-27.5709,-52.43455,19.8,4307005
4301750,430175,Barão do Triunfo,RS,Sul,2025,5972,3,0,0,0,5.02,0.0,0.0,0.0,99.98,82.77,65.56,55.24,48.35,31.14,55.24,68.84,24.7,31.15,Alta,-30.43095,-51.78785,18.46,4318408
4302055,430205,Benjamin Constant do Sul,RS,Sul,2025,2118,1,0,0,0,4.72,0.0,0.0,0.0,99.98,84.24,68.5,59.05,52.76,37.01,59.05,62.97,22.59,37.02,Alta,-27.484450000000002,-52.643550000000005,41.34,4204202
4302105,430210,Bento Gonçalves,RS,Sul,2025,127977,21,0,0,0,1.64,0.0,0.0,0.0,99.98,97.45,94.91,93.39,92.38,89.84,93.39,10.14,3.64,89.86,Muito alta,-29.10615,-51.5351,18.21,4307906
4302154,430215,Boa Vista das Missões,RS,Sul,2025,1968,1,0,0,0,5.08,0.0,0.0,0.0,99.98,82.54,65.11,54.64,47.67,30.23,54.64,69.75,25.03,30.23,Alta,-27.70045,-53.32875,31.44,4305801
4302204,430220,Boa Vista do Buricá,RS,Sul,2025,7129,5,0,0,0,7.01,0.0,0.0,0.0,99.98,77.35,54.71,41.13,32.08,9.44,41.13,90.54,32.49,9.44,Moderada,-27.68065,-54.10175,15.99,4319109
4302220,430222,Boa Vista do Cadeado,RS,Sul,2025,2269,1,0,0,0,4.41,0.0,0.0,0.0,99.98,85.72,71.45,62.89,57.18,42.92,62.89,57.06,20.48,42.93,Alta,-28.625999999999998,-53.836749999999995,60.48,4310009
4302238,430223,Boa Vista do Incra,RS,Sul,2025,2314,1,0,0,0,4.32,0.0,0.0,0.0,99.98,86.17,72.37,64.08,58.56,44.75,64.08,55.23,19.82,44.76,Alta,-28.8871,-53.44485,40.14,4310009
4302253,430225,Boa Vista do Sul,RS,Sul,2025,2815,1,0,0,0,3.55,0.0,0.0,0.0,99.98,89.92,79.85,73.81,69.79,59.72,73.81,40.26,14.45,59.73,Alta,-29.3585,-51.669200000000004,28.56,4312609
4302303,430230,Bom Jesus,RS,Sul,2025,11429,4,1,1,0,3.5,8.75,8.75,0.0,15.6,26.94,38.28,45.08,49.62,60.96,45.08,45.36,16.28,54.63,Moderada,-28.5442,-50.3875,0.0,4302303
4302352,430235,Bom Princípio,RS,Sul,2025,13665,4,0,0,0,2.93,0.0,0.0,0.0,99.98,92.78,85.58,81.26,78.37,71.17,81.26,28.81,10.34,71.18,Muito alta,-29.481,-51.3668,9.91,4308102
4302378,430237,Bom Progresso,RS,Sul,2025,2132,1,0,0,0,4.69,0.0,0.0,0.0,99.98,84.39,68.79,59.44,53.2,37.61,59.44,62.38,22.38,37.61,Alta,-27.542250000000003,-53.858599999999996,21.79,4319109
4302402,430240,Bom Retiro do Sul,RS,Sul,2025,12587,4,0,0,0,3.18,0.0,0.0,0.0,99.98,91.71,83.44,78.48,75.17,66.9,78.48,33.08,11.87,66.91,Muito alta,-29.636499999999998,-51.92785,14.4,4321303
4302451,430245,Boqueirão do Leão,RS,Sul,2025,6202,1,0,0,0,1.61,0.0,0.0,0.0,99.98,97.53,95.08,93.61,92.63,90.18,93.61,9.8,3.52,90.2,Muito alta,-29.303199999999997,-52.4123,34.36,4322608
4302501,430250,Bossoroca,RS,Sul,2025,5978,3,0,0,0,5.02,0.0,0.0,0.0,99.98,82.8,65.62,55.31,48.43,31.25,55.31,68.73,24.66,31.26,Alta,-28.649700000000003,-54.99365,100.78,4317202
4302584,430258,Bozano,RS,Sul,2025,2195,1,0,0,0,4.56,0.0,0.0,0.0,99.98,85.03,70.08,61.11,55.12,40.17,61.11,59.81,21.46,40.18,Alta,-28.360950000000003,-53.747749999999996,57.39,4310009
4302600,430260,Braga,RS,Sul,2025,3322,1,0,0,0,3.01,0.0,0.0,0.0,99.98,92.47,84.97,80.46,77.46,69.95,80.46,30.03,10.78,69.96,Muito alta,-27.58015,-53.742149999999995,25.29,4321402
4302659,430265,Brochier,RS,Sul,2025,5083,1,0,0,0,1.97,0.0,0.0,0.0,99.98,96.58,93.17,91.13,89.76,86.36,91.13,13.62,4.89,86.37,Muito alta,-29.54435,-51.6308,29.23,4321303
4302709,430270,Butiá,RS,Sul,2025,19421,10,0,0,0,5.15,0.0,0.0,0.0,99.98,82.26,64.54,53.91,46.82,29.1,53.91,70.88,25.43,29.1,Alta,-30.19025,-51.981,14.11,4318408
4302907,430290,Cacequi,RS,Sul,2025,11300,6,1,1,1,5.31,8.85,8.85,8.85,15.22,18.1,20.98,22.71,23.86,26.75,22.71,11.52,4.13,82.73,Baixa,-29.936149999999998,-54.789,0.0,4302907
4303004,430300,Cachoeira do Sul,RS,Sul,2025,82222,30,0,0,0,3.65,0.0,0.0,0.0,99.98,89.41,78.85,72.5,68.28,57.71,72.5,42.27,15.17,57.72,Alta,-30.23565,-52.997749999999996,57.41,4315701
4303103,430310,Cachoeirinha,RS,Sul,2025,141503,4,0,0,0,0.28,0.0,0.0,0.0,99.98,99.55,99.12,98.86,98.69,98.26,98.86,1.72,0.62,98.28,Muito alta,-29.91865,-51.09665,7.82,4304606
4303202,430320,Cacique Doble,RS,Sul,2025,4692,0,0,0,0,0.0,0.0,0.0,0.0,99.98,99.98,99.98,99.98,99.98,99.98,99.98,0.0,0.0,100.0,Muito alta,-27.796100000000003,-51.683049999999994,39.21,4301552
4303301,430330,Caibaté,RS,Sul,2025,4795,3,0,0,0,6.26,0.0,0.0,0.0,99.98,78.69,57.4,44.62,36.1,14.81,44.62,85.17,30.56,14.81,Moderada,-28.34185,-54.66685,57.21,4317202
4303400,430340,Caiçara,RS,Sul,2025,4931,1,0,0,0,2.03,0.0,0.0,0.0,99.98,96.4,92.82,90.67,89.24,85.66,90.67,14.32,5.14,85.67,Muito alta,-27.24845,-53.4745,26.57,4208401
4303509,430350,Camaquã,RS,Sul,2025,63961,18,1,1,0,2.81,1.56,1.56,0.0,48.57,54.68,60.78,64.44,66.88,72.99,64.44,24.41,8.76,73.45,Alta,-30.9289,-51.82895,0.0,4303509
4303558,430355,Camargo,RS,Sul,2025,3060,2,0,0,0,6.54,0.0,0.0,0.0,99.98,78.13,56.28,43.17,34.43,12.58,43.17,87.4,31.36,12.59,Moderada,-28.611,-52.22235,14.82,4311809
4303608,430360,Cambará do Sul,RS,Sul,2025,6490,3,1,1,1,4.62,15.41,15.41,15.41,5.94,14.16,22.38,27.32,30.6,38.83,27.32,32.88,11.8,67.11,Moderada,-29.05805,-50.1456,0.0,4303608
4303673,430367,Campestre da Serra,RS,Sul,2025,3311,2,0,0,0,6.04,0.0,0.0,0.0,99.98,79.24,58.5,46.05,37.76,17.02,46.05,82.97,29.77,17.02,Moderada,-28.7163,-51.10705,40.51,4305108
4303707,430370,Campina das Missões,RS,Sul,2025,5999,0,0,0,0,0.0,0.0,0.0,0.0,99.98,99.98,99.98,99.98,99.98,99.98,99.98,0.0,0.0,100.0,Muito alta,-27.956899999999997,-54.82935,32.47,4317202
4303806,430380,Campinas do Sul,RS,Sul,2025,5388,1,0,0,0,1.86,0.0,0.0,0.0,99.98,96.82,93.65,91.76,90.49,87.33,91.76,12.65,4.54,87.34,Muito alta,-27.73955,-52.659850000000006,34.89,4305801
4303905,430390,Campo Bom,RS,Sul,2025,64719,18,0,0,0,2.78,0.0,0.0,0.0,99.98,93.4,86.82,82.88,80.25,73.67,82.88,26.31,9.44,73.68,Muito alta,-29.66555,-51.047,7.65,4313409
4304002,430400,Campo Novo,RS,Sul,2025,5063,1,0,0,0,1.98,0.0,0.0,0.0,99.98,96.54,93.1,91.03,89.66,86.21,91.03,13.77,4.94,86.23,Muito alta,-27.670099999999998,-53.8311,12.72,4319109
4304101,430410,Campos Borges,RS,Sul,2025,3695,1,0,0,0,2.71,0.0,0.0,0.0,99.98,93.76,87.54,83.81,81.32,75.1,83.81,24.88,8.93,75.12,Muito alta,-28.908450000000002,-53.037549999999996,40.05,4310009
4304200,430420,Candelária,RS,Sul,2025,29775,7,0,0,0,2.35,0.0,0.0,0.0,99.98,95.23,90.48,87.63,85.73,80.97,87.63,19.01,6.82,80.99,Muito alta,-29.709249999999997,-52.77695,41.25,4320701
4304358,430435,Candiota,RS,Sul,2025,11012,2,0,0,0,1.82,0.0,0.0,0.0,99.98,96.98,93.97,92.16,90.96,87.96,92.16,12.03,4.32,87.97,Muito alta,-31.58365,-53.73755,107.42,4317004
4304408,430440,Canela,RS,Sul,2025,50715,7,0,0,0,1.38,0.0,0.0,0.0,99.98,98.12,96.25,95.13,94.38,92.51,95.13,7.47,2.68,92.53,Muito alta,-29.3433,-50.76734999999999,40.1,4305108
4304507,430450,Canguçu,RS,Sul,2025,50968,7,0,0,0,1.37,0.0,0.0,0.0,99.98,98.14,96.29,95.19,94.45,92.6,95.19,7.38,2.65,92.62,Muito alta,-31.27795,-52.61805,42.78,4314407
4304606,430460,Canoas,RS,Sul,2025,359840,46,3,2,1,1.28,0.83,0.56,0.28,50.69,61.35,72.02,78.41,82.68,93.34,78.41,42.65,15.3,57.25,Muito alta,-29.9169,-51.177800000000005,0.0,4304606
4304614,430461,Canudos do Vale,RS,Sul,2025,1686,1,0,0,0,5.93,0.0,0.0,0.0,99.98,79.52,59.06,46.78,38.59,18.13,46.78,81.85,29.37,18.13,Moderada,-29.32365,-52.233050000000006,25.62,4322608
4304689,430468,Capela de Santana,RS,Sul,2025,11424,1,0,0,0,0.88,0.0,0.0,0.0,99.98,99.01,98.04,97.46,97.07,96.1,97.46,3.88,1.39,96.12,Muito alta,-29.7128,-51.3669,19.14,4307609
4304697,430469,Capitão,RS,Sul,2025,2994,0,0,0,0,0.0,0.0,0.0,0.0,99.98,99.98,99.98,99.98,99.98,99.98,99.98,0.0,0.0,100.0,Muito alta,-29.2813,-51.97805,21.76,4312609
4304671,430467,Capivari do Sul,RS,Sul,2025,4080,2,0,0,0,4.9,0.0,0.0,0.0,99.98,83.34,66.69,56.71,50.05,33.41,56.71,66.58,23.89,33.41,Alta,-30.148000000000003,-50.505700000000004,28.93,4321600
4304622,430462,Capão Bonito do Sul,RS,Sul,2025,1769,1,0,0,0,5.65,0.0,0.0,0.0,99.98,80.37,60.76,48.99,41.15,21.54,48.99,78.44,28.15,21.54,Moderada,-28.169649999999997,-51.3782,13.26,4311304
4304630,430463,Capão da Canoa,RS,Sul,2025,66234,17,1,1,1,2.57,1.51,1.51,1.51,48.68,55.88,63.09,67.41,70.29,77.49,67.41,28.81,10.34,69.73,Alta,-29.6963,-49.99435,0.0,4304630
4304655,430465,Capão do Cipó,RS,Sul,2025,3187,3,0,0,0,9.41,0.0,0.0,0.0,99.98,75.74,51.5,36.95,27.26,3.02,36.95,96.97,34.79,3.02,Moderada,-28.947200000000002,-54.5968,111.53,4302907
4304663,430466,Capão do Leão,RS,Sul,2025,27416,6,0,0,0,2.19,0.0,0.0,0.0,99.98,95.88,91.77,89.31,87.66,83.56,89.31,16.42,5.89,83.57,Muito alta,-31.8487,-52.55945,39.58,4314407
4304705,430470,Carazinho,RS,Sul,2025,63670,1,0,0,0,0.16,0.0,0.0,0.0,99.98,99.56,99.14,98.89,98.72,98.29,98.89,1.69,0.61,98.31,Muito alta,-28.2777,-52.864900000000006,41.29,4314100
4304713,430471,Caraá,RS,Sul,2025,7555,0,0,0,0,0.0,0.0,0.0,0.0,99.98,99.98,99.98,99.98,99.98,99.98,99.98,0.0,0.0,100.0,Muito alta,-29.768349999999998,-50.34525,22.73,4317608
4304804,430480,Carlos Barbosa,RS,Sul,2025,31585,4,0,0,0,1.27,0.0,0.0,0.0,99.98,98.35,96.72,95.74,95.08,93.45,95.74,6.53,2.34,93.46,Muito alta,-29.31645,-51.498149999999995,17.68,4307906
4304853,430485,Carlos Gomes,RS,Sul,2025,1384,1,0,0,0,7.23,0.0,0.0,0.0,99.98,77.09,54.19,40.45,31.3,8.4,40.45,91.58,32.86,8.4,Moderada,-27.702199999999998,-51.9316,14.1,4301552
4304903,430490,Casca,RS,Sul,2025,9698,2,0,0,0,2.06,0.0,0.0,0.0,99.98,96.29,92.6,90.38,88.9,85.21,90.38,14.77,5.3,85.22,Muito alta,-28.5914,-51.96915,29.71,4309407
4304952,430495,Caseiros,RS,Sul,2025,3064,2,0,0,0,6.53,0.0,0.0,0.0,99.98,78.14,56.3,43.2,34.46,12.62,43.2,87.36,31.35,12.62,Moderada,-28.23695,-51.7707,25.93,4311304
4305009,430500,Catuípe,RS,Sul,2025,8834,2,0,0,0,2.26,0.0,0.0,0.0,99.98,95.59,91.2,88.56,86.8,82.41,88.56,17.57,6.31,82.42,Muito alta,-28.17005,-54.04235,50.69,4319109
4305108,430510,Caxias do Sul,RS,Sul,2025,479599,51,3,1,1,1.06,0.63,0.21,0.21,51.07,62.03,72.99,79.56,83.94,94.9,79.56,43.83,15.73,56.16,Muito alta,-29.076549999999997,-51.0454,0.0,4305108
4302808,430280,Caçapava do Sul,RS,Sul,2025,33501,10,0,0,0,2.98,0.0,0.0,0.0,99.98,92.56,85.15,80.7,77.73,70.31,80.7,29.67,10.65,70.32,Muito alta,-30.5518,-53.49435,35.46,4317004
4305116,430511,Centenário,RS,Sul,2025,2777,1,0,0,0,3.6,0.0,0.0,0.0,99.98,89.63,79.29,73.08,68.94,58.59,73.08,41.39,14.85,58.6,Alta,-27.76065,-52.0047,7.91,4301552
4305124,430512,Cerrito,RS,Sul,2025,5910,1,0,0,0,1.69,0.0,0.0,0.0,99.98,97.33,94.68,93.09,92.03,89.37,93.09,10.61,3.81,89.39,Muito alta,-31.74805,-52.7827,49.09,4314407
4305132,430513,Cerro Branco,RS,Sul,2025,3859,2,0,0,0,5.18,0.0,0.0,0.0,99.98,82.13,64.27,53.56,46.41,28.56,53.56,71.42,25.63,28.56,Alta,-29.636200000000002,-52.9955,26.12,4320701
4305157,430515,Cerro Grande,RS,Sul,2025,2428,2,0,0,0,8.24,0.0,0.0,0.0,99.98,76.39,52.79,38.63,29.2,5.6,38.63,94.38,33.87,5.6,Moderada,-27.629,-53.1602,16.27,4305801
4305173,430517,Cerro Grande do Sul,RS,Sul,2025,9333,3,0,0,0,3.21,0.0,0.0,0.0,99.98,91.53,83.07,78.0,74.62,66.16,78.0,33.82,12.13,66.18,Muito alta,-30.5786,-51.77355,33.87,4318408
4305207,430520,Cerro Largo,RS,Sul,2025,14014,6,0,0,0,4.28,0.0,0.0,0.0,99.98,86.39,72.81,64.65,59.22,45.63,64.65,54.35,19.5,45.64,Alta,-28.13475,-54.72125,37.75,4317202
4305306,430530,Chapada,RS,Sul,2025,9751,0,0,0,0,0.0,0.0,0.0,0.0,99.98,99.98,99.98,99.98,99.98,99.98,99.98,0.0,0.0,100.0,Muito alta,-28.0928,-53.1326,46.46,4305801
4305355,430535,Charqueadas,RS,Sul,2025,36110,6,1,1,0,1.66,2.77,2.77,0.0,42.99,54.66,66.33,73.34,78.01,89.68,73.34,46.69,16.75,53.3,Alta,-29.9943,-51.55825,0.0,4305355
4305371,430537,Charrua,RS,Sul,2025,2800,1,0,0,0,3.57,0.0,0.0,0.0,99.98,89.78,79.58,73.46,69.38,59.18,73.46,40.8,14.64,59.19,Alta,-27.9478,-52.000550000000004,25.98,4301552
4305405,430540,Chiapetta,RS,Sul,2025,3991,1,0,0,0,2.51,0.0,0.0,0.0,99.98,94.53,89.09,85.82,83.64,78.19,85.82,21.79,7.82,78.2,Muito alta,-27.98345,-53.89165,29.55,4319109
4305447,430544,Chuvisca,RS,Sul,2025,4682,4,0,0,0,8.54,0.0,0.0,0.0,99.98,76.16,52.34,38.05,28.52,4.7,38.05,95.28,34.19,4.7,Moderada,-30.75895,-52.0081,25.22,4306502
4305439,430543,Chuí,RS,Sul,2025,6409,2,0,0,0,3.12,0.0,0.0,0.0,99.98,91.95,83.93,79.11,75.9,67.87,79.11,32.11,11.52,67.88,Muito alta,-33.6522,-53.411649999999995,186.55,4315602
4305454,430545,Cidreira,RS,Sul,2025,17583,4,0,0,0,2.27,0.0,0.0,0.0,99.98,95.55,91.12,88.47,86.69,82.27,88.47,17.72,6.36,82.28,Muito alta,-30.138350000000003,-50.28225,12.23,4321600
4305504,430550,Ciríaco,RS,Sul,2025,4208,1,0,0,0,2.38,0.0,0.0,0.0,99.98,95.14,90.29,87.38,85.44,80.6,87.38,19.39,6.96,80.61,Muito alta,-28.36775,-51.91875,38.52,4311809
4305587,430558,Colinas,RS,Sul,2025,2474,1,0,0,0,4.04,0.0,0.0,0.0,99.98,87.52,75.05,67.57,62.58,50.12,67.57,49.87,17.89,50.13,Alta,-29.38465,-51.873949999999994,27.68,4312609
4305603,430560,Colorado,RS,Sul,2025,3316,1,0,0,0,3.02,0.0,0.0,0.0,99.98,92.46,84.93,80.42,77.41,69.88,80.42,30.1,10.8,69.89,Muito alta,-28.461550000000003,-52.9999,25.45,4310009
4305702,430570,Condor,RS,Sul,2025,6538,1,0,0,0,1.53,0.0,0.0,0.0,99.98,97.74,95.49,94.15,93.25,91.01,94.15,8.98,3.22,91.02,Muito alta,-28.15475,-53.4761,54.08,4310009
4305801,430580,Constantina,RS,Sul,2025,10631,3,1,1,1,2.82,9.41,9.41,9.41,13.12,28.03,42.95,51.89,57.86,72.77,51.89,59.65,21.4,40.34,Alta,-27.68935,-53.0097,0.0,4305801
4305835,430583,Coqueiro Baixo,RS,Sul,2025,1308,1,0,0,0,7.65,0.0,0.0,0.0,99.98,76.71,53.44,39.47,30.17,6.89,39.47,93.09,33.4,6.89,Moderada,-29.1603,-52.10655,22.84,4300703
4305850,430585,Coqueiros do Sul,RS,Sul,2025,2248,1,0,0,0,4.45,0.0,0.0,0.0,99.98,85.49,71.0,62.31,56.51,42.02,62.31,57.96,20.8,42.03,Alta,-28.135199999999998,-52.7603,34.11,4314100
4305871,430587,Coronel Barros,RS,Sul,2025,2896,1,0,0,0,3.45,0.0,0.0,0.0,99.98,90.46,80.95,75.24,71.43,61.91,75.24,38.07,13.66,61.92,Muito alta,-28.4122,-54.06535,77.62,4319109
4305900,430590,Coronel Bicaco,RS,Sul,2025,6214,3,0,0,0,4.83,0.0,0.0,0.0,99.98,83.67,67.35,57.56,51.03,34.72,57.56,65.27,23.42,34.72,Alta,-27.8007,-53.64605,30.8,4319109
4305934,430593,Coronel Pilar,RS,Sul,2025,1637,1,0,0,0,6.11,0.0,0.0,0.0,99.98,79.05,58.11,45.55,37.18,16.24,45.55,83.74,30.05,16.25,Moderada,-29.258650000000003,-51.72395,16.37,4312609
4305959,430595,Cotiporã,RS,Sul,2025,3926,2,0,0,0,5.09,0.0,0.0,0.0,99.98,82.49,65.0,54.5,47.5,30.01,54.5,69.97,25.11,30.02,Alta,-29.0124,-51.6993,18.59,4312609
4305975,430597,Coxilha,RS,Sul,2025,2718,1,0,0,0,3.68,0.0,0.0,0.0,99.98,89.25,78.51,72.07,67.78,57.05,72.07,42.94,15.41,57.06,Alta,-28.1286,-52.3358,18.25,4314100
4306007,430600,Crissiumal,RS,Sul,2025,13116,1,1,1,1,0.76,7.62,7.62,7.62,18.38,37.96,57.53,69.27,77.1,96.68,69.27,78.3,28.09,21.69,Alta,-27.4829,-54.13265,0.0,4306007
4306056,430605,Cristal,RS,Sul,2025,7455,2,0,0,0,2.68,0.0,0.0,0.0,99.98,93.86,87.73,84.06,81.61,75.48,84.06,24.5,8.79,75.49,Muito alta,-31.02205,-52.01945,20.91,4303509
4306072,430607,Cristal do Sul,RS,Sul,2025,2745,2,0,0,0,7.29,0.0,0.0,0.0,99.98,77.02,54.07,40.29,31.11,8.15,40.29,91.83,32.95,8.15,Moderada,-27.434849999999997,-53.24625,36.67,4305801
4306106,430610,Cruz Alta,RS,Sul,2025,60454,23,0,0,0,3.8,0.0,0.0,0.0,99.98,88.58,77.19,70.35,65.79,54.39,70.35,45.59,16.36,54.4,Alta,-28.71755,-53.518299999999996,32.7,4310009
4306130,430613,Cruzaltense,RS,Sul,2025,1650,2,0,0,0,12.12,0.0,0.0,0.0,99.98,75.18,50.38,35.5,25.57,0.77,35.5,99.21,35.6,0.77,Moderada,-27.63225,-52.64865,36.12,4305801
4306205,430620,Cruzeiro do Sul,RS,Sul,2025,12574,3,0,0,0,2.39,0.0,0.0,0.0,99.98,95.09,90.19,87.25,85.29,80.4,87.25,19.58,7.03,80.41,Muito alta,-29.551450000000003,-52.04695,15.06,4322608
4304309,430430,Cândido Godói,RS,Sul,2025,6419,2,0,0,0,3.12,0.0,0.0,0.0,99.98,92.01,84.03,79.25,76.06,68.08,79.25,31.9,11.45,68.1,Muito alta,-27.9265,-54.7237,21.62,4317202
4306304,430630,David Canabarro,RS,Sul,2025,4400,1,0,0,0,2.27,0.0,0.0,0.0,99.98,95.57,91.15,88.5,86.73,82.32,88.5,17.66,6.34,82.33,Muito alta,-28.414299999999997,-51.80585,37.81,4311304
4306320,430632,Derrubadas,RS,Sul,2025,2793,2,0,0,0,7.16,0.0,0.0,0.0,99.98,77.15,54.33,40.63,31.5,8.67,40.63,91.31,32.76,8.67,Moderada,-27.22965,-53.912549999999996,19.51,4321402
4306353,430635,Dezesseis de Novembro,RS,Sul,2025,2540,1,0,0,0,3.94,0.0,0.0,0.0,99.98,87.98,75.98,68.78,63.98,51.98,68.78,48.0,17.22,51.99,Alta,-28.199199999999998,-55.0714,66.67,4317202
4306379,430637,Dilermando de Aguiar,RS,Sul,2025,2856,1,0,0,0,3.5,0.0,0.0,0.0,99.98,90.21,80.43,74.57,70.66,60.89,74.57,39.1,14.03,60.9,Alta,-29.8104,-54.1488,31.46,4316907
4306403,430640,Dois Irmãos,RS,Sul,2025,31804,8,1,1,1,2.52,3.14,3.14,3.14,40.69,50.03,59.37,64.97,68.71,78.05,64.97,37.35,13.4,62.64,Alta,-29.59905,-51.0894,0.0,4306403
4306429,430642,Dois Irmãos das Missões,RS,Sul,2025,2132,0,0,0,0,0.0,0.0,0.0,0.0,99.98,99.98,99.98,99.98,99.98,99.98,99.98,0.0,0.0,100.0,Muito alta,-27.68045,-53.4894,45.21,4319109
4306452,430645,Dois Lajeados,RS,Sul,2025,3156,1,0,0,0,3.17,0.0,0.0,0.0,99.98,91.77,83.56,78.63,75.35,67.13,78.63,32.85,11.79,67.15,Muito alta,-28.9777,-51.84465,15.01,4309407
4306502,430650,Dom Feliciano,RS,Sul,2025,13280,6,1,1,1,4.52,7.53,7.53,7.53,18.67,24.2,29.73,33.05,35.27,40.8,33.05,22.13,7.94,75.92,Moderada,-30.615650000000002,-52.21255,0.0,4306502
4306601,430660,Dom Pedrito,RS,Sul,2025,38080,8,0,0,0,2.1,0.0,0.0,0.0,99.98,96.17,92.36,90.08,88.55,84.74,90.08,15.24,5.47,84.76,Muito alta,-31.0205,-54.54485,107.02,4317103
4306551,430655,Dom Pedro de Alcântara,RS,Sul,2025,2617,1,0,0,0,3.82,0.0,0.0,0.0,99.98,88.49,77.0,70.1,65.5,54.01,70.1,45.97,16.49,54.02,Alta,-29.368299999999998,-49.84665,5.77,4321501
4306700,430670,Dona Francisca,RS,Sul,2025,3133,2,0,0,0,6.38,0.0,0.0,0.0,99.98,78.38,56.78,43.81,35.17,13.57,43.81,86.41,31.01,13.57,Moderada,-29.561300000000003,-53.349000000000004,14.45,4318432
4306734,430673,Doutor Maurício Cardoso,RS,Sul,2025,4534,1,0,0,0,2.21,0.0,0.0,0.0,99.98,95.8,91.61,89.1,87.42,83.23,89.1,16.75,6.01,83.25,Muito alta,-27.4872,-54.36605,12.94,4309605
4306759,430675,Doutor Ricardo,RS,Sul,2025,1924,1,0,0,0,5.2,0.0,0.0,0.0,99.98,82.1,64.22,53.49,46.33,28.45,53.49,71.53,25.67,28.46,Alta,-29.088,-51.972899999999996,12.79,4300703
4306767,430676,Eldorado do Sul,RS,Sul,2025,41012,9,0,0,0,2.19,0.0,0.0,0.0,99.98,95.85,91.72,89.24,87.58,83.45,89.24,16.53,5.93,83.46,Muito alta,-30.08145,-51.479,9.8,4309308
4306809,430680,Encantado,RS,Sul,2025,23520,3,0,0,0,1.28,0.0,0.0,0.0,99.98,98.34,96.69,95.7,95.04,93.39,95.7,6.59,2.36,93.41,Muito alta,-29.2197,-51.933949999999996,13.94,4312609
4306908,430690,Encruzilhada do Sul,RS,Sul,2025,24275,6,0,0,0,2.47,0.0,0.0,0.0,99.98,94.67,89.36,86.18,84.06,78.75,86.18,21.23,7.62,78.76,Muito alta,-30.5805,-52.6783,44.75,4306502
4306924,430692,Engenho Velho,RS,Sul,2025,1315,2,0,0,0,15.21,0.0,0.0,0.0,99.98,75.04,50.1,35.13,25.16,0.22,35.13,99.77,35.8,0.22,Moderada,-27.67995,-52.9131,9.57,4305801
4306957,430695,Entre Rios do Sul,RS,Sul,2025,2727,1,0,0,0,3.67,0.0,0.0,0.0,99.98,89.31,78.63,72.22,67.95,57.28,72.22,42.7,15.32,57.29,Alta,-27.5136,-52.73165,33.65,4305801
4306932,430693,Entre-Ijuís,RS,Sul,2025,9367,5,0,0,0,5.34,0.0,0.0,0.0,99.98,81.56,63.14,52.09,44.72,26.3,52.09,73.69,26.44,26.3,Alta,-28.49145,-54.2783,76.09,4317202
4306973,430697,Erebango,RS,Sul,2025,3122,1,0,0,0,3.2,0.0,0.0,0.0,99.98,91.58,83.17,78.13,74.77,66.36,78.13,33.62,12.06,66.37,Muito alta,-27.82265,-52.32285,22.33,4307005
4307005,430700,Erechim,RS,Sul,2025,109609,13,1,1,1,1.19,0.91,0.91,0.91,50.49,61.33,72.17,78.67,83.01,93.84,78.67,43.35,15.55,56.64,Muito alta,-27.63355,-52.2465,0.0,4307005
4307054,430705,Ernestina,RS,Sul,2025,3097,0,0,0,0,0.0,0.0,0.0,0.0,99.98,99.98,99.98,99.98,99.98,99.98,99.98,0.0,0.0,100.0,Muito alta,-28.4257,-52.5436,20.62,4314100
4307203,430720,Erval Grande,RS,Sul,2025,5027,1,0,0,0,1.99,0.0,0.0,0.0,99.98,96.5,93.01,90.92,89.52,86.03,90.92,13.95,5.0,86.05,Muito alta,-27.366500000000002,-52.59415,29.03,4204202
4307302,430730,Erval Seco,RS,Sul,2025,6892,3,0,0,0,4.35,0.0,0.0,0.0,99.98,86.0,72.02,63.63,58.03,44.05,63.63,55.93,20.07,44.06,Alta,-27.488750000000003,-53.5238,28.84,4321402
4307401,430740,Esmeralda,RS,Sul,2025,3264,1,0,0,0,3.06,0.0,0.0,0.0,99.98,92.25,84.51,79.87,76.77,69.04,79.87,30.95,11.1,69.05,Muito alta,-28.04665,-51.185,35.94,4311304
4307450,430745,Esperança do Sul,RS,Sul,2025,3293,1,0,0,0,3.04,0.0,0.0,0.0,99.98,92.36,84.73,80.16,77.11,69.48,80.16,30.5,10.94,69.5,Muito alta,-27.33145,-54.0149,20.46,4306007
4307500,430750,Espumoso,RS,Sul,2025,15478,4,0,0,0,2.58,0.0,0.0,0.0,99.98,94.28,88.58,85.16,82.88,77.19,85.16,22.8,8.18,77.2,Muito alta,-28.8455,-52.862899999999996,45.2,4310009
4307559,430755,Estação,RS,Sul,2025,5685,2,0,0,0,3.52,0.0,0.0,0.0,99.98,90.11,80.25,74.33,70.38,60.51,74.33,39.47,14.16,60.52,Alta,-27.92615,-52.29575,31.47,4301552
4307708,430770,Esteio,RS,Sul,2025,78144,16,0,0,0,2.05,0.0,0.0,0.0,99.98,96.36,92.74,90.57,89.12,85.5,90.57,14.49,5.2,85.51,Muito alta,-29.84915,-51.16645,7.61,4304606
4307807,430780,Estrela,RS,Sul,2025,33263,8,0,0,0,2.41,0.0,0.0,0.0,99.98,94.99,89.99,87.0,85.0,80.0,87.0,19.98,7.17,80.02,Muito alta,-29.51235,-51.92125,26.43,4321303
4307815,430781,Estrela Velha,RS,Sul,2025,3115,1,0,0,0,3.21,0.0,0.0,0.0,99.98,91.55,83.12,78.06,74.69,66.25,78.06,33.73,12.1,66.27,Muito alta,-29.24725,-53.16525,22.48,4320701
4307609,430760,Estância Velha,RS,Sul,2025,49499,10,1,1,1,2.02,2.02,2.02,2.02,46.62,56.4,66.19,72.06,75.98,85.77,72.06,39.15,14.05,60.84,Alta,-29.64935,-51.18275,0.0,4307609
4307831,430783,Eugênio de Castro,RS,Sul,2025,2683,1,0,0,0,3.73,0.0,0.0,0.0,99.98,89.0,78.01,71.42,67.03,56.04,71.42,43.94,15.77,56.05,Alta,-28.57895,-54.25305,86.1,4317202
4307864,430786,Fagundes Varela,RS,Sul,2025,2620,1,0,0,0,3.82,0.0,0.0,0.0,99.98,88.53,77.09,70.22,65.64,54.19,70.22,45.79,16.43,54.2,Alta,-28.88615,-51.7145,18.39,4309407
4307906,430790,Farroupilha,RS,Sul,2025,72552,19,1,1,0,2.62,1.38,1.38,0.0,49.04,55.97,62.91,67.07,69.84,76.77,67.07,27.73,9.95,70.52,Alta,-29.19645,-51.37865,0.0,4307906
4308003,430800,Faxinal do Soturno,RS,Sul,2025,6846,2,0,0,0,2.92,0.0,0.0,0.0,99.98,92.79,85.6,81.28,78.4,71.21,81.28,28.77,10.32,71.22,Muito alta,-29.556350000000002,-53.47555,9.62,4318432
4308052,430805,Faxinalzinho,RS,Sul,2025,2572,1,0,0,0,3.89,0.0,0.0,0.0,99.98,88.19,76.4,69.33,64.62,52.83,69.33,47.15,16.92,52.84,Alta,-27.369799999999998,-52.665049999999994,28.54,4204202
4308078,430807,Fazenda Vilanova,RS,Sul,2025,4405,1,0,0,0,2.27,0.0,0.0,0.0,99.98,95.58,91.17,88.52,86.76,82.36,88.52,17.63,6.32,82.37,Muito alta,-29.589100000000002,-51.839150000000004,16.56,4321303
4308102,430810,Feliz,RS,Sul,2025,13994,6,1,1,1,4.29,7.15,7.15,7.15,19.94,26.32,32.7,36.52,39.07,45.45,36.52,25.51,9.15,73.5,Moderada,-29.4565,-51.2684,0.0,4308102
4308201,430820,Flores da Cunha,RS,Sul,2025,32015,6,0,0,0,1.87,0.0,0.0,0.0,99.98,96.77,93.56,91.63,90.34,87.13,91.63,12.85,4.61,87.15,Muito alta,-29.027099999999997,-51.240899999999996,19.78,4305108
4308250,430825,Floriano Peixoto,RS,Sul,2025,1690,1,0,0,0,5.92,0.0,0.0,0.0,99.98,79.56,59.14,46.88,38.71,18.29,46.88,81.69,29.31,18.29,Moderada,-27.8526,-52.03425,14.9,4301552
4308300,430830,Fontoura Xavier,RS,Sul,2025,9710,5,0,0,0,5.15,0.0,0.0,0.0,99.98,82.26,64.53,53.9,46.8,29.08,53.9,70.9,25.44,29.08,Alta,-29.019750000000002,-52.3649,35.55,4300703
4308409,430840,Formigueiro,RS,Sul,2025,6527,4,0,0,0,6.13,0.0,0.0,0.0,99.98,79.03,58.07,45.49,37.11,16.16,45.49,83.83,30.08,16.16,Moderada,-29.982799999999997,-53.462500000000006,37.85,4318432
4308433,430843,Forquetinha,RS,Sul,2025,2441,1,0,0,0,4.1,0.0,0.0,0.0,99.98,87.26,74.55,66.92,61.83,49.11,66.92,50.87,18.25,49.12,Alta,-29.37705,-52.120850000000004,21.06,4322608
4308458,430845,Fortaleza dos Valos,RS,Sul,2025,4569,2,0,0,0,4.38,0.0,0.0,0.0,99.98,85.87,71.76,63.29,57.64,43.53,63.29,56.45,20.26,43.54,Alta,-28.9062,-53.312,36.82,4310009
4308508,430850,Frederico Westphalen,RS,Sul,2025,33726,6,0,0,0,1.78,0.0,0.0,0.0,99.98,97.08,94.18,92.43,91.27,88.37,92.43,11.61,4.17,88.38,Muito alta,-27.32205,-53.37264999999999,34.15,4203105
4308607,430860,Garibaldi,RS,Sul,2025,35563,9,0,0,0,2.53,0.0,0.0,0.0,99.98,94.47,88.95,85.64,83.44,77.92,85.64,22.06,7.92,77.94,Muito alta,-29.2459,-51.587950000000006,21.04,4307906
4308656,430865,Garruchos,RS,Sul,2025,2724,2,0,0,0,7.34,0.0,0.0,0.0,99.98,76.97,53.97,40.16,30.96,7.95,40.16,92.03,33.02,7.95,Moderada,-28.24645,-55.54565,99.96,4300307
4308706,430870,Gaurama,RS,Sul,2025,5779,1,0,0,0,1.73,0.0,0.0,0.0,99.98,97.21,94.44,92.78,91.68,88.91,92.78,11.08,3.97,88.92,Muito alta,-27.5897,-52.1141,13.93,4307005
4308805,430880,General Câmara,RS,Sul,2025,7743,3,0,0,0,3.87,0.0,0.0,0.0,99.98,88.24,76.49,69.45,64.75,53.01,69.45,46.98,16.86,53.02,Alta,-29.8319,-51.887550000000005,11.6,4321303
4308854,430885,Gentil,RS,Sul,2025,1784,1,0,0,0,5.61,0.0,0.0,0.0,99.98,80.55,61.12,49.46,41.69,22.26,49.46,77.72,27.89,22.26,Moderada,-28.38945,-52.03725,26.89,4311809
4308904,430890,Getúlio Vargas,RS,Sul,2025,16955,5,0,0,0,2.95,0.0,0.0,0.0,99.98,92.69,85.4,81.02,78.11,70.81,81.02,29.17,10.47,70.83,Muito alta,-27.853250000000003,-52.1803,17.92,4301552
4309001,430900,Giruá,RS,Sul,2025,16273,7,0,0,0,4.3,0.0,0.0,0.0,99.98,86.28,72.57,64.35,58.87,45.16,64.35,54.82,19.67,45.17,Alta,-27.992800000000003,-54.29235,28.32,4317202
4309050,430905,Glorinha,RS,Sul,2025,7851,1,0,0,0,1.27,0.0,0.0,0.0,99.98,98.34,96.7,95.71,95.05,93.41,95.71,6.57,2.36,93.43,Muito alta,-29.884,-50.76715,20.74,4317608
4309100,430910,Gramado,RS,Sul,2025,41705,8,0,0,0,1.92,0.0,0.0,0.0,99.98,96.67,93.37,91.38,90.06,86.75,91.38,13.23,4.75,86.77,Muito alta,-29.391849999999998,-50.88695,30.24,4306403
4309159,430915,Gramado Xavier,RS,Sul,2025,3350,1,0,0,0,2.99,0.0,0.0,0.0,99.98,92.56,85.14,80.68,77.71,70.29,80.68,29.69,10.65,70.31,Muito alta,-29.300449999999998,-52.6053,41.38,4320701
4309126,430912,Gramado dos Loureiros,RS,Sul,2025,2047,1,0,0,0,4.89,0.0,0.0,0.0,99.98,83.41,66.84,56.89,50.26,33.69,56.89,66.29,23.79,33.7,Alta,-27.444650000000003,-52.91485,28.77,4305801
4309209,430920,Gravataí,RS,Sul,2025,275430,31,0,0,0,1.13,0.0,0.0,0.0,99.98,98.6,97.21,96.38,95.82,94.44,96.38,5.55,1.99,94.45,Muito alta,-29.89065,-50.9564,19.88,4313409
4309258,430925,Guabiju,RS,Sul,2025,1441,0,0,0,0,0.0,0.0,0.0,0.0,99.98,99.98,99.98,99.98,99.98,99.98,99.98,0.0,0.0,100.0,Muito alta,-28.592,-51.66815,36.6,4309407
4309407,430940,Guaporé,RS,Sul,2025,26168,6,1,1,1,2.29,3.82,3.82,3.82,36.94,48.2,59.46,66.22,70.72,81.98,66.22,45.04,16.16,54.96,Alta,-28.85145,-51.899150000000006,0.0,4309407
4309506,430950,Guarani das Missões,RS,Sul,2025,7547,4,0,0,0,5.3,0.0,0.0,0.0,99.98,81.7,63.42,52.45,45.14,26.85,52.45,73.13,26.24,26.86,Alta,-28.18305,-54.5921,38.41,4317202
4309308,430930,Guaíba,RS,Sul,2025,95946,6,1,1,0,0.63,1.04,1.04,0.0,50.19,61.96,73.73,80.79,85.5,97.27,80.79,47.08,16.89,52.91,Muito alta,-30.16355,-51.441950000000006,0.0,4309308
4309555,430955,Harmonia,RS,Sul,2025,5535,1,0,0,0,1.81,0.0,0.0,0.0,99.98,97.0,94.02,92.23,91.04,88.06,92.23,11.92,4.28,88.08,Muito alta,-29.542650000000002,-51.42255,17.73,4308102
4307104,430710,Herval,RS,Sul,2025,6302,3,0,0,0,4.76,0.0,0.0,0.0,99.98,84.04,68.09,58.53,52.15,36.21,58.53,63.78,22.88,36.21,Alta,-32.03845,-53.3311,90.37,4315602
4309571,430957,Herveiras,RS,Sul,2025,2604,1,0,0,0,3.84,0.0,0.0,0.0,99.98,88.36,76.75,69.77,65.13,53.51,69.77,46.47,16.68,53.52,Alta,-29.44905,-52.67275,33.65,4320701
4309605,430960,Horizontina,RS,Sul,2025,19252,6,1,1,1,3.12,5.19,5.19,5.19,29.38,39.05,48.71,54.5,58.37,68.03,54.5,38.65,13.87,61.35,Alta,-27.58715,-54.2988,0.0,4309605
4309654,430965,Hulha Negra,RS,Sul,2025,6102,1,0,0,0,1.64,0.0,0.0,0.0,99.98,97.45,94.92,93.4,92.39,89.86,93.4,10.12,3.63,89.87,Muito alta,-31.51425,-53.87315,107.95,4317004
4309704,430970,Humaitá,RS,Sul,2025,4772,3,0,0,0,6.29,0.0,0.0,0.0,99.98,78.62,57.25,44.43,35.89,14.52,44.43,85.46,30.66,14.52,Moderada,-27.5868,-53.9811,15.44,4319109
4309753,430975,Ibarama,RS,Sul,2025,3787,2,0,0,0,5.28,0.0,0.0,0.0,99.98,81.77,63.56,52.64,45.35,27.14,52.64,72.84,26.14,27.15,Alta,-29.41825,-53.17425,15.44,4320701
4309803,430980,Ibiaçá,RS,Sul,2025,4617,1,0,0,0,2.17,0.0,0.0,0.0,99.98,95.94,91.9,89.47,87.85,83.81,89.47,16.17,5.8,83.82,Muito alta,-28.1023,-51.77405,27.86,4311304
4309902,430990,Ibiraiaras,RS,Sul,2025,6827,0,0,0,0,0.0,0.0,0.0,0.0,99.98,99.98,99.98,99.98,99.98,99.98,99.98,0.0,0.0,100.0,Muito alta,-28.36605,-51.6295,22.27,4311304
4309951,430995,Ibirapuitã,RS,Sul,2025,3789,1,0,0,0,2.64,0.0,0.0,0.0,99.98,94.06,88.14,84.59,82.22,76.31,84.59,23.68,8.5,76.32,Muito alta,-28.62365,-52.44735,21.54,4311809
4310009,431000,Ibirubá,RS,Sul,2025,22106,7,1,1,1,3.17,4.52,4.52,4.52,32.79,41.38,49.97,55.13,58.56,67.15,55.13,34.36,12.33,65.64,Alta,-28.5853,-53.218999999999994,0.0,4310009
4310108,431010,Igrejinha,RS,Sul,2025,34776,13,0,0,0,3.74,0.0,0.0,0.0,99.98,88.92,77.86,71.22,66.8,55.74,71.22,44.25,15.88,55.75,Alta,-29.566850000000002,-50.799549999999996,28.26,4306403
4310207,431020,Ijuí,RS,Sul,2025,87848,25,0,0,0,2.85,0.0,0.0,0.0,99.98,93.08,86.18,82.04,79.28,72.37,82.04,27.61,9.91,72.39,Muito alta,-28.2895,-53.9221,63.13,4319109
4310306,431030,Ilópolis,RS,Sul,2025,4245,1,0,0,0,2.36,0.0,0.0,0.0,99.98,95.21,90.43,87.57,85.66,80.88,87.57,19.1,6.85,80.9,Muito alta,-28.92905,-52.14895,15.15,4300703
4310330,431033,Imbé,RS,Sul,2025,28027,8,0,0,0,2.85,0.0,0.0,0.0,99.98,93.04,86.1,81.93,79.16,72.21,81.93,27.77,9.96,72.23,Muito alta,-29.93555,-50.1152,16.04,4321600
4310363,431036,Imigrante,RS,Sul,2025,3149,1,0,0,0,3.18,0.0,0.0,0.0,99.98,91.73,83.48,78.53,75.22,66.97,78.53,33.01,11.84,66.98,Muito alta,-29.3443,-51.77025,23.33,4312609
4310405,431040,Independência,RS,Sul,2025,6557,2,0,0,0,3.05,0.0,0.0,0.0,99.98,92.31,84.63,80.03,76.96,69.29,80.03,30.69,11.01,69.3,Muito alta,-27.908099999999997,-54.1907,31.71,4319109
4310413,431041,Inhacorá,RS,Sul,2025,2047,2,0,0,0,9.77,0.0,0.0,0.0,99.98,75.64,51.3,36.7,26.96,2.62,36.7,97.36,34.93,2.62,Moderada,-27.9152,-54.0341,23.14,4319109
4310462,431046,Ipiranga do Sul,RS,Sul,2025,1748,1,0,0,0,5.72,0.0,0.0,0.0,99.98,80.15,60.31,48.41,40.48,20.64,48.41,79.34,28.47,20.65,Moderada,-27.9247,-52.42945,37.04,4307005
4310439,431043,Ipê,RS,Sul,2025,5490,2,0,0,0,3.64,0.0,0.0,0.0,99.98,89.44,78.89,72.56,68.35,57.8,72.56,42.18,15.14,57.81,Alta,-28.7207,-51.293949999999995,46.38,4305108
4310504,431050,Iraí,RS,Sul,2025,7619,2,0,0,0,2.63,0.0,0.0,0.0,99.98,94.15,88.32,84.83,82.49,76.66,84.83,23.32,8.37,76.68,Muito alta,-27.2554,-53.2431,25.46,4203105
4310538,431053,Itaara,RS,Sul,2025,5712,2,0,0,0,3.5,0.0,0.0,0.0,99.98,90.21,80.43,74.57,70.66,60.89,74.57,39.1,14.03,60.9,Alta,-29.561950000000003,-53.77185,24.35,4316907
4310553,431055,Itacurubi,RS,Sul,2025,3038,1,0,0,0,3.29,0.0,0.0,0.0,99.98,91.17,82.36,77.08,73.56,64.75,77.08,35.24,12.64,64.76,Muito alta,-28.8164,-55.2552,129.72,4317202
4310579,431057,Itapuca,RS,Sul,2025,1963,0,0,0,0,0.0,0.0,0.0,0.0,99.98,99.98,99.98,99.98,99.98,99.98,99.98,0.0,0.0,100.0,Muito alta,-28.7522,-52.1953,30.45,4311809
4310603,431060,Itaqui,RS,Sul,2025,36811,15,0,0,0,4.07,0.0,0.0,0.0,99.98,87.35,74.73,67.15,62.1,49.47,67.15,50.51,18.12,49.48,Alta,-29.142049999999998,-56.128550000000004,156.81,4302907
4310652,431065,Itati,RS,Sul,2025,2696,1,0,0,0,3.71,0.0,0.0,0.0,99.98,89.09,78.19,71.65,67.29,56.4,71.65,43.58,15.64,56.41,Alta,-29.4646,-50.16215,30.45,4304630
4310702,431070,Itatiba do Sul,RS,Sul,2025,3240,1,0,0,0,3.09,0.0,0.0,0.0,99.98,92.15,84.32,79.62,76.49,68.66,79.62,31.32,11.24,68.67,Muito alta,-27.3562,-52.479,19.85,4208005
4310751,431075,Ivorá,RS,Sul,2025,1962,0,0,0,0,0.0,0.0,0.0,0.0,99.98,99.98,99.98,99.98,99.98,99.98,99.98,0.0,0.0,100.0,Muito alta,-29.51375,-53.58095,18.14,4318432
4310801,431080,Ivoti,RS,Sul,2025,23566,5,0,0,0,2.12,0.0,0.0,0.0,99.98,96.07,92.16,89.81,88.24,84.33,89.81,15.65,5.62,84.34,Muito alta,-29.58865,-51.160849999999996,7.0,4306403
4310850,431085,Jaboticaba,RS,Sul,2025,3847,2,0,0,0,5.2,0.0,0.0,0.0,99.98,82.09,64.21,53.48,46.32,28.43,53.48,71.55,25.67,28.44,Alta,-27.615000000000002,-53.26245,26.23,4305801
4310876,431087,Jacuizinho,RS,Sul,2025,2066,1,0,0,0,4.84,0.0,0.0,0.0,99.98,83.6,67.21,57.38,50.83,34.45,57.38,65.54,23.52,34.45,Alta,-29.05115,-53.00335,39.03,4320701
4310900,431090,Jacutinga,RS,Sul,2025,3398,1,0,0,0,2.94,0.0,0.0,0.0,99.98,92.71,85.44,81.08,78.17,70.9,81.08,29.08,10.43,70.92,Muito alta,-27.78665,-52.5556,34.87,4307005
4311106,431110,Jaguari,RS,Sul,2025,10771,4,0,0,0,3.71,0.0,0.0,0.0,99.98,89.06,78.14,71.58,67.21,56.29,71.58,43.69,15.68,56.3,Alta,-29.4664,-54.6282,54.49,4302907
4311007,431100,Jaguarão,RS,Sul,2025,27396,10,0,0,0,3.65,0.0,0.0,0.0,99.98,89.4,78.82,72.47,68.24,57.66,72.47,42.33,15.19,57.67,Alta,-32.4022,-53.322900000000004,90.02,4315602
4311122,431112,Jaquirana,RS,Sul,2025,3751,2,0,0,0,5.33,0.0,0.0,0.0,99.98,81.6,63.21,52.18,44.83,26.44,52.18,73.54,26.39,26.45,Alta,-28.96285,-50.38185,25.3,4303608
4311130,431113,Jari,RS,Sul,2025,3412,1,0,0,0,2.93,0.0,0.0,0.0,99.98,92.76,85.53,81.2,78.31,71.08,81.2,28.9,10.37,71.1,Muito alta,-29.27965,-54.28615,70.95,4316907
4311155,431115,Jóia,RS,Sul,2025,7294,3,0,0,0,4.11,0.0,0.0,0.0,99.98,87.19,74.4,66.73,61.61,48.82,66.73,51.16,18.36,48.83,Alta,-28.7429,-54.15445,92.94,4310009
4311205,431120,Júlio de Castilhos,RS,Sul,2025,18545,7,0,0,0,3.77,0.0,0.0,0.0,99.98,88.72,77.46,70.71,66.2,54.95,70.71,45.04,16.16,54.96,Alta,-29.2836,-53.64425,43.48,4318432
4311239,431123,Lagoa Bonita do Sul,RS,Sul,2025,2283,0,0,0,0,0.0,0.0,0.0,0.0,99.98,99.98,99.98,99.98,99.98,99.98,99.98,0.0,0.0,100.0,Muito alta,-29.5054,-53.04975,11.95,4320701
4311304,431130,Lagoa Vermelha,RS,Sul,2025,28622,8,1,1,1,2.8,3.49,3.49,3.49,38.88,47.51,56.15,61.33,64.78,73.42,61.33,34.54,12.39,65.46,Alta,-28.195500000000003,-51.51025,0.0,4311304
4311270,431127,Lagoa dos Três Cantos,RS,Sul,2025,1781,2,0,0,0,11.23,0.0,0.0,0.0,99.98,75.29,50.59,35.78,25.9,1.2,35.78,98.78,35.44,1.2,Moderada,-28.57275,-52.8382,37.21,4310009
4311254,431125,Lagoão,RS,Sul,2025,5421,1,0,0,0,1.84,0.0,0.0,0.0,99.98,96.86,93.74,91.86,90.61,87.49,91.86,12.49,4.48,87.5,Muito alta,-29.240650000000002,-52.7795,29.11,4320701
4311403,431140,Lajeado,RS,Sul,2025,96879,3,0,0,0,0.31,0.0,0.0,0.0,99.98,99.55,99.11,98.85,98.68,98.24,98.85,1.74,0.62,98.26,Muito alta,-29.4497,-52.026799999999994,20.5,4322608
4311429,431142,Lajeado do Bugre,RS,Sul,2025,2661,1,0,0,0,3.76,0.0,0.0,0.0,99.98,88.84,77.69,71.0,66.54,55.39,71.0,44.59,16.0,55.4,Alta,-27.6928,-53.2057,19.3,4305801
4311502,431150,Lavras do Sul,RS,Sul,2025,7290,0,0,0,0,0.0,0.0,0.0,0.0,99.98,99.98,99.98,99.98,99.98,99.98,99.98,0.0,0.0,100.0,Muito alta,-30.735950000000003,-54.1951,95.78,4317004
4311601,431160,Liberato Salzano,RS,Sul,2025,4845,3,0,0,0,6.19,0.0,0.0,0.0,99.98,78.85,57.73,45.05,36.6,15.47,45.05,84.51,30.32,15.48,Moderada,-27.5412,-53.04535,16.84,4305801
4311627,431162,Lindolfo Collor,RS,Sul,2025,6420,2,0,0,0,3.12,0.0,0.0,0.0,99.98,92.02,84.05,79.27,76.09,68.12,79.27,31.86,11.43,68.13,Muito alta,-29.58195,-51.220699999999994,8.34,4307609
4311643,431164,Linha Nova,RS,Sul,2025,1721,1,0,0,0,5.81,0.0,0.0,0.0,99.98,79.86,59.74,47.66,39.62,19.49,47.66,80.49,28.88,19.5,Moderada,-29.456200000000003,-51.22095,4.59,4308102
4311700,431170,Machadinho,RS,Sul,2025,5867,4,0,0,0,6.82,0.0,0.0,0.0,99.98,77.6,55.22,41.8,32.84,10.46,41.8,89.52,32.12,10.47,Moderada,-27.58985,-51.67505,28.11,4207601
4311734,431173,Mampituba,RS,Sul,2025,3203,3,0,0,0,9.37,0.0,0.0,0.0,99.98,75.76,51.54,37.01,27.32,3.11,37.01,96.88,34.76,3.11,Moderada,-29.274549999999998,-50.001099999999994,19.76,4321501
4311759,431175,Manoel Viana,RS,Sul,2025,6915,3,0,0,0,4.34,0.0,0.0,0.0,99.98,86.08,72.19,63.85,58.29,44.39,63.85,55.59,19.95,44.4,Alta,-29.42975,-55.59165,95.83,4302907
4311775,431177,Maquiné,RS,Sul,2025,7593,1,0,0,0,1.32,0.0,0.0,0.0,99.98,98.25,96.53,95.49,94.8,93.07,95.49,6.91,2.48,93.09,Muito alta,-29.62085,-50.188649999999996,20.56,4304630
4311791,431179,Maratá,RS,Sul,2025,2521,1,0,0,0,3.97,0.0,0.0,0.0,99.98,87.85,75.71,68.43,63.58,51.44,68.43,48.54,17.42,51.45,Alta,-29.5449,-51.5457,28.58,4308102
4311809,431180,Marau,RS,Sul,2025,46748,17,1,1,0,3.64,2.14,2.14,0.0,46.08,49.04,52.01,53.79,54.98,57.94,53.79,11.87,4.26,81.67,Alta,-28.490499999999997,-52.287099999999995,0.0,4311809
4311908,431190,Marcelino Ramos,RS,Sul,2025,4382,1,0,0,0,2.28,0.0,0.0,0.0,99.98,95.52,91.05,88.37,86.59,82.12,88.37,17.86,6.41,82.14,Muito alta,-27.46265,-51.94955,17.84,4207601
4311981,431198,Mariana Pimentel,RS,Sul,2025,4005,2,0,0,0,4.99,0.0,0.0,0.0,99.98,82.92,65.85,55.61,48.78,31.72,55.61,68.26,24.49,31.72,Alta,-30.2932,-51.55575,18.09,4309308
4312005,431200,Mariano Moro,RS,Sul,2025,1884,1,1,0,0,5.31,53.08,0.0,0.0,0.04,6.72,13.4,17.41,20.08,26.76,17.41,26.73,9.59,73.27,Baixa,-27.355449999999998,-52.16815,0.0,4312005
4312054,431205,Marques de Souza,RS,Sul,2025,4050,1,0,0,0,2.47,0.0,0.0,0.0,99.98,94.69,89.4,86.23,84.11,78.82,86.23,21.16,7.59,78.83,Muito alta,-29.29925,-52.1418,28.77,4322608
4312104,431210,Mata,RS,Sul,2025,4782,1,0,0,0,2.09,0.0,0.0,0.0,99.98,96.21,92.44,90.18,88.67,84.9,90.18,15.08,5.41,84.92,Muito alta,-29.54585,-54.456950000000006,53.96,4302907
4312138,431213,Mato Castelhano,RS,Sul,2025,2611,1,0,0,0,3.83,0.0,0.0,0.0,99.98,88.41,76.84,69.89,65.26,53.69,69.89,46.29,16.61,53.7,Alta,-28.264699999999998,-52.189350000000005,24.9,4314100
4312153,431215,Mato Leitão,RS,Sul,2025,5001,1,0,0,0,2.0,0.0,0.0,0.0,99.98,96.46,92.95,90.83,89.43,85.91,90.83,14.07,5.05,85.92,Muito alta,-29.520699999999998,-52.13435,7.49,4322608
4312179,431217,Mato Queimado,RS,Sul,2025,1833,1,0,0,0,5.46,0.0,0.0,0.0,99.98,81.15,62.32,51.02,43.49,24.66,51.02,75.32,27.03,24.67,Alta,-28.251849999999997,-54.66905,47.63,4317202
4312203,431220,Maximiliano de Almeida,RS,Sul,2025,4251,1,0,0,0,2.35,0.0,0.0,0.0,99.98,95.23,90.47,87.61,85.71,80.95,87.61,19.03,6.83,80.97,Muito alta,-27.59695,-51.8201,25.8,4207601
4311718,431171,Maçambará,RS,Sul,2025,4485,5,0,0,0,11.15,0.0,0.0,0.0,99.98,75.3,50.61,35.8,25.92,1.24,35.8,98.74,35.43,1.24,Moderada,-29.04005,-55.768550000000005,137.54,4302907
4312252,431225,Minas do Leão,RS,Sul,2025,7661,1,0,0,0,1.31,0.0,0.0,0.0,99.98,98.28,96.57,95.55,94.87,93.16,95.55,6.82,2.45,93.18,Muito alta,-30.0745,-52.0701,29.56,4318408
4312302,431230,Miraguaí,RS,Sul,2025,4501,1,0,0,0,2.22,0.0,0.0,0.0,99.98,95.75,91.51,88.97,87.27,83.04,88.97,16.94,6.08,83.05,Muito alta,-27.49495,-53.74625,15.86,4321402
4312351,431235,Montauri,RS,Sul,2025,1530,1,0,0,0,6.54,0.0,0.0,0.0,99.98,78.13,56.28,43.17,34.43,12.58,43.17,87.4,31.36,12.59,Moderada,-28.6632,-52.043099999999995,25.2,4309407
4312377,431237,Monte Alegre dos Campos,RS,Sul,2025,3251,2,0,0,0,6.15,0.0,0.0,0.0,99.98,78.97,57.95,45.34,36.94,15.92,45.34,84.06,30.16,15.92,Moderada,-28.6961,-50.81865,45.35,4302303
4312385,431238,Monte Belo do Sul,RS,Sul,2025,2608,1,0,0,0,3.83,0.0,0.0,0.0,99.98,88.39,76.8,69.84,65.21,53.62,69.84,46.37,16.64,53.63,Alta,-29.13855,-51.65525,16.33,4312609
4312401,431240,Montenegro,RS,Sul,2025,66352,15,0,0,0,2.26,0.0,0.0,0.0,99.98,95.6,91.21,88.58,86.83,82.44,88.58,17.54,6.29,82.46,Muito alta,-29.710700000000003,-51.506299999999996,31.91,4321303
4312427,431242,Mormaço,RS,Sul,2025,2815,1,0,0,0,3.55,0.0,0.0,0.0,99.98,89.92,79.85,73.81,69.79,59.72,73.81,40.26,14.45,59.73,Alta,-28.68545,-52.66215,42.55,4311809
4312443,431244,Morrinhos do Sul,RS,Sul,2025,3133,1,0,0,0,3.19,0.0,0.0,0.0,99.98,91.65,83.32,78.33,75.0,66.67,78.33,33.32,11.95,66.68,Muito alta,-29.3375,-49.9595,14.79,4321501
4312450,431245,Morro Redondo,RS,Sul,2025,6168,2,0,0,0,3.24,0.0,0.0,0.0,99.98,91.39,82.79,77.64,74.2,65.61,77.64,34.37,12.33,65.62,Muito alta,-31.622300000000003,-52.6425,31.96,4314407
4312476,431247,Morro Reuter,RS,Sul,2025,6167,1,0,0,0,1.62,0.0,0.0,0.0,99.98,97.5,95.03,93.54,92.55,90.07,93.54,9.91,3.56,90.09,Muito alta,-29.5146,-51.0305,10.98,4306403
4312500,431250,Mostardas,RS,Sul,2025,12347,3,0,0,0,2.43,0.0,0.0,0.0,99.98,94.88,89.77,86.7,84.66,79.55,86.7,20.43,7.33,79.57,Muito alta,-30.8535,-50.75665,73.31,4323002
4312617,431261,Muitos Capões,RS,Sul,2025,2937,2,0,0,0,6.81,0.0,0.0,0.0,99.98,77.62,55.25,41.83,32.88,10.52,41.83,89.46,32.1,10.52,Moderada,-28.3963,-51.2181,36.29,4311304
4312625,431262,Muliterno,RS,Sul,2025,1754,1,0,0,0,5.7,0.0,0.0,0.0,99.98,80.22,60.46,48.61,40.71,20.95,48.61,79.03,28.36,20.95,Moderada,-28.3159,-51.78135,29.74,4311304
4312609,431260,Muçum,RS,Sul,2025,4692,2,1,1,1,4.26,21.31,21.31,21.31,2.58,13.45,24.31,30.83,35.18,46.04,30.83,43.46,15.59,56.54,Moderada,-29.139699999999998,-51.82335,0.0,4312609
4312674,431267,Nicolau Vergueiro,RS,Sul,2025,1982,1,0,0,0,5.05,0.0,0.0,0.0,99.98,82.67,65.36,54.97,48.04,30.73,54.97,69.25,24.85,30.74,Alta,-28.518349999999998,-52.4507,16.28,4311809
4312708,431270,Nonoai,RS,Sul,2025,14074,2,0,0,0,1.42,0.0,0.0,0.0,99.98,98.02,96.05,94.87,94.09,92.12,94.87,7.86,2.82,92.14,Muito alta,-27.35305,-52.90855,22.38,4204103
4312757,431275,Nova Alvorada,RS,Sul,2025,3229,1,0,0,0,3.1,0.0,0.0,0.0,99.98,92.09,84.19,79.46,76.3,68.41,79.46,31.57,11.33,68.42,Muito alta,-28.70075,-52.16775,26.12,4311809
4312807,431280,Nova Araçá,RS,Sul,2025,5098,1,0,0,0,1.96,0.0,0.0,0.0,99.98,96.59,93.2,91.16,89.8,86.41,91.16,13.57,4.87,86.43,Muito alta,-28.64615,-51.758449999999996,26.63,4309407
4312906,431290,Nova Bassano,RS,Sul,2025,9867,4,0,0,0,4.05,0.0,0.0,0.0,99.98,87.45,74.92,67.41,62.39,49.87,67.41,50.12,17.98,49.87,Alta,-28.72095,-51.7592,19.91,4309407
4312955,431295,Nova Boa Vista,RS,Sul,2025,2089,1,0,0,0,4.79,0.0,0.0,0.0,99.98,83.88,67.78,58.12,51.68,35.58,58.12,64.4,23.11,35.58,Alta,-27.998849999999997,-52.97055,34.63,4305801
4313003,431300,Nova Bréscia,RS,Sul,2025,3104,1,0,0,0,3.22,0.0,0.0,0.0,99.98,91.47,82.97,77.86,74.46,65.95,77.86,34.03,12.21,65.96,Muito alta,-29.21835,-52.035799999999995,22.4,4312609
4313011,431301,Nova Candelária,RS,Sul,2025,3138,0,0,0,0,0.0,0.0,0.0,0.0,99.98,99.98,99.98,99.98,99.98,99.98,99.98,0.0,0.0,100.0,Muito alta,-27.60155,-54.12315,13.23,4306007
4313037,431303,Nova Esperança do Sul,RS,Sul,2025,4976,2,0,0,0,4.02,0.0,0.0,0.0,99.98,87.64,75.3,67.9,62.96,50.62,67.9,49.36,17.71,50.63,Alta,-29.412100000000002,-54.839150000000004,58.47,4302907
4313060,431306,Nova Hartz,RS,Sul,2025,20558,1,0,0,0,0.49,0.0,0.0,0.0,99.98,99.44,98.9,98.57,98.35,97.81,98.57,2.17,0.78,97.83,Muito alta,-29.59185,-50.903,18.04,4306403
4313102,431310,Nova Palma,RS,Sul,2025,5676,5,0,0,0,8.81,0.0,0.0,0.0,99.98,76.02,52.06,37.68,28.09,4.13,37.68,95.85,34.39,4.13,Moderada,-29.43195,-53.382149999999996,24.76,4318432
4313201,431320,Nova Petrópolis,RS,Sul,2025,23934,8,0,0,0,3.34,0.0,0.0,0.0,99.98,90.92,81.85,76.41,72.79,63.72,76.41,36.26,13.01,63.73,Muito alta,-29.3706,-51.0908,19.68,4308102
4313300,431330,Nova Prata,RS,Sul,2025,26637,2,0,0,0,0.75,0.0,0.0,0.0,99.98,99.17,98.36,97.87,97.55,96.73,97.87,3.25,1.17,96.75,Muito alta,-28.7321,-51.603899999999996,31.68,4309407
4313086,431308,Nova Pádua,RS,Sul,2025,2389,1,0,0,0,4.19,0.0,0.0,0.0,99.98,86.86,73.73,65.85,60.6,47.48,65.85,52.5,18.84,47.49,Alta,-28.991999999999997,-51.326499999999996,23.29,4307906
4313334,431333,Nova Ramada,RS,Sul,2025,2198,2,0,0,0,9.1,0.0,0.0,0.0,99.98,75.89,51.8,37.34,27.7,3.61,37.34,96.37,34.58,3.61,Moderada,-28.06915,-53.69985,45.55,4319109
4313359,431335,Nova Roma do Sul,RS,Sul,2025,3545,1,0,0,0,2.82,0.0,0.0,0.0,99.98,93.18,86.38,82.31,79.59,72.79,82.31,27.19,9.76,72.8,Muito alta,-28.993949999999998,-51.4086,22.7,4307906
4313375,431337,Nova Santa Rita,RS,Sul,2025,30189,7,0,0,0,2.32,0.0,0.0,0.0,99.98,95.4,90.81,88.06,86.22,81.64,88.06,18.35,6.58,81.65,Muito alta,-29.84765,-51.2744,12.08,4304606
4313490,431349,Novo Barreiro,RS,Sul,2025,4375,1,0,0,0,2.29,0.0,0.0,0.0,99.98,95.51,91.03,88.35,86.56,82.09,88.35,17.9,6.42,82.1,Muito alta,-27.9038,-53.127399999999994,26.51,4305801
4313391,431339,Novo Cabrais,RS,Sul,2025,3633,2,0,0,0,5.51,0.0,0.0,0.0,99.98,80.95,61.92,50.5,42.89,23.86,50.5,76.13,27.32,23.86,Alta,-29.7607,-52.9891,39.97,4320701
4313409,431340,Novo Hamburgo,RS,Sul,2025,235802,9,1,1,0,0.38,0.42,0.42,0.0,51.34,63.01,74.68,81.68,86.35,98.03,81.68,46.69,16.75,53.3,Muito alta,-29.73395,-51.05565,0.0,4313409
4313425,431342,Novo Machado,RS,Sul,2025,3239,2,0,0,0,6.17,0.0,0.0,0.0,99.98,78.92,57.85,45.21,36.79,15.72,45.21,84.26,30.23,15.73,Moderada,-27.5422,-54.530550000000005,13.99,4322103
4313441,431344,Novo Tiradentes,RS,Sul,2025,2187,1,0,0,0,4.57,0.0,0.0,0.0,99.98,84.94,69.9,60.87,54.86,39.81,60.87,60.17,21.59,39.82,Alta,-27.562649999999998,-53.1661,20.88,4305801
4313466,431346,Novo Xingu,RS,Sul,2025,1677,1,0,0,0,5.96,0.0,0.0,0.0,99.98,79.44,58.9,46.58,38.36,17.82,46.58,82.16,29.48,17.83,Moderada,-27.740000000000002,-53.048500000000004,6.8,4305801
4312658,431265,Não-Me-Toque,RS,Sul,2025,18335,1,0,0,0,0.55,0.0,0.0,0.0,99.98,99.39,98.8,98.44,98.2,97.61,98.44,2.37,0.85,97.63,Muito alta,-28.459699999999998,-52.81935,41.47,4310009
4313508,431350,Osório,RS,Sul,2025,48999,7,0,0,0,1.43,0.0,0.0,0.0,99.98,97.99,96.01,94.81,94.02,92.03,94.81,7.95,2.85,92.05,Muito alta,-29.91435,-50.2616,13.86,4321600
4313607,431360,Paim Filho,RS,Sul,2025,3685,1,0,0,0,2.71,0.0,0.0,0.0,99.98,93.72,87.46,83.71,81.2,74.94,83.71,25.04,8.98,74.96,Muito alta,-27.72435,-51.783699999999996,28.47,4301552
4313656,431365,Palmares do Sul,RS,Sul,2025,13189,5,0,0,0,3.79,0.0,0.0,0.0,99.98,88.67,77.36,70.57,66.04,54.73,70.57,45.25,16.24,54.74,Alta,-30.3488,-50.490700000000004,39.66,4323002
4313706,431370,Palmeira das Missões,RS,Sul,2025,34227,14,0,0,0,4.09,0.0,0.0,0.0,99.98,87.29,74.6,66.99,61.91,49.22,66.99,50.76,18.21,49.23,Alta,-27.9429,-53.36905,45.21,4305801
4313805,431380,Palmitinho,RS,Sul,2025,8042,3,0,0,0,3.73,0.0,0.0,0.0,99.98,88.97,77.97,71.36,66.96,55.95,71.36,44.03,15.8,55.96,Alta,-27.31975,-53.58755,18.79,4321402
4313904,431390,Panambi,RS,Sul,2025,45102,13,0,0,0,2.88,0.0,0.0,0.0,99.98,92.91,85.83,81.58,78.75,71.67,81.58,28.31,10.16,71.69,Muito alta,-28.35885,-53.5432,40.48,4310009
4313953,431395,Pantano Grande,RS,Sul,2025,10443,5,0,0,0,4.79,0.0,0.0,0.0,99.98,83.86,67.73,58.06,51.61,35.49,58.06,64.49,23.14,35.49,Alta,-30.26465,-52.35835,22.02,4315701
4314001,431400,Paraí,RS,Sul,2025,7362,2,0,0,0,2.72,0.0,0.0,0.0,99.98,93.7,87.43,83.66,81.15,74.87,83.66,25.11,9.01,74.88,Muito alta,-28.59205,-51.780150000000006,31.09,4309407
4314027,431402,Paraíso do Sul,RS,Sul,2025,6627,1,0,0,0,1.51,0.0,0.0,0.0,99.98,97.8,95.62,94.31,93.44,91.26,94.31,8.72,3.13,91.27,Muito alta,-29.70565,-53.1255,33.62,4318432
4314035,431403,Pareci Novo,RS,Sul,2025,4441,1,0,0,0,2.25,0.0,0.0,0.0,99.98,95.63,91.28,88.66,86.92,82.57,88.66,17.41,6.25,82.59,Muito alta,-29.61105,-51.42685,23.03,4308102
4314050,431405,Parobé,RS,Sul,2025,53569,13,0,0,0,2.43,0.0,0.0,0.0,99.98,94.91,89.83,86.79,84.76,79.68,86.79,20.3,7.28,79.69,Muito alta,-29.657049999999998,-50.861450000000005,20.62,4313409
4314068,431406,Passa Sete,RS,Sul,2025,4024,1,0,0,0,2.49,0.0,0.0,0.0,99.98,94.62,89.26,86.04,83.89,78.53,86.04,21.45,7.7,78.55,Muito alta,-29.4157,-52.884299999999996,12.85,4320701
4314100,431410,Passo Fundo,RS,Sul,2025,214811,57,5,4,1,2.65,2.33,1.86,0.47,45.22,52.92,60.63,65.25,68.33,76.04,65.25,30.82,11.06,69.1,Alta,-28.26245,-52.4436,0.0,4314100
4314076,431407,Passo do Sobrado,RS,Sul,2025,6155,2,0,0,0,3.25,0.0,0.0,0.0,99.98,91.34,82.71,77.52,74.07,65.43,77.52,34.55,12.4,65.44,Muito alta,-29.76945,-52.2279,24.25,4322608
4314134,431413,Paulo Bento,RS,Sul,2025,2188,1,0,0,0,4.57,0.0,0.0,0.0,99.98,84.95,69.92,60.91,54.9,39.87,60.91,60.11,21.57,39.87,Alta,-27.717,-52.4016,17.87,4307005
4314159,431415,Paverama,RS,Sul,2025,8146,0,0,0,0,0.0,0.0,0.0,0.0,99.98,99.98,99.98,99.98,99.98,99.98,99.98,0.0,0.0,100.0,Muito alta,-29.575000000000003,-51.72935,20.82,4321303
4314175,431417,Pedras Altas,RS,Sul,2025,2099,1,0,0,0,4.76,0.0,0.0,0.0,99.98,84.02,68.07,58.49,52.11,36.15,58.49,63.83,22.9,36.16,Alta,-31.8449,-53.69515,129.27,4315602
4314209,431420,Pedro Osório,RS,Sul,2025,7631,1,0,0,0,1.31,0.0,0.0,0.0,99.98,98.27,96.56,95.54,94.85,93.14,95.54,6.84,2.45,93.16,Muito alta,-31.964599999999997,-52.89355,54.43,4315602
4314308,431430,Pejuçara,RS,Sul,2025,3817,1,0,0,0,2.62,0.0,0.0,0.0,99.98,94.17,88.36,84.87,82.55,76.74,84.87,23.25,8.34,76.75,Muito alta,-28.445,-53.6041,40.73,4310009
4314407,431440,Pelotas,RS,Sul,2025,336150,55,3,2,0,1.64,0.89,0.59,0.0,50.53,60.37,70.2,76.1,80.04,89.88,76.1,39.35,14.12,60.25,Muito alta,-31.561149999999998,-52.31285,0.0,4314407
4314423,431442,Picada Café,RS,Sul,2025,5473,2,0,0,0,3.65,0.0,0.0,0.0,99.98,89.39,78.79,72.43,68.2,57.6,72.43,42.38,15.21,57.61,Alta,-29.4601,-51.0931,15.45,4306403
4314456,431445,Pinhal,RS,Sul,2025,3039,1,0,0,0,3.29,0.0,0.0,0.0,99.98,91.18,82.37,77.09,73.57,64.76,77.09,35.22,12.64,64.78,Muito alta,-27.530900000000003,-53.2354,28.37,4305801
4314472,431447,Pinhal Grande,RS,Sul,2025,3861,4,0,0,0,10.36,0.0,0.0,0.0,99.98,75.51,51.03,36.35,26.56,2.08,36.35,97.9,35.13,2.08,Moderada,-29.303649999999998,-53.33925,33.18,4320701
4314464,431446,Pinhal da Serra,RS,Sul,2025,2300,1,0,0,0,4.35,0.0,0.0,0.0,99.98,86.03,72.07,63.7,58.11,44.16,63.7,55.82,20.03,44.17,Alta,-27.8495,-51.215900000000005,41.85,4203402
4314498,431449,Pinheirinho do Vale,RS,Sul,2025,4638,2,0,0,0,4.31,0.0,0.0,0.0,99.98,86.22,72.46,64.2,58.69,44.93,64.2,55.05,19.75,44.94,Alta,-27.22435,-53.635850000000005,14.02,4208401
4314506,431450,Pinheiro Machado,RS,Sul,2025,11395,5,0,0,0,4.39,0.0,0.0,0.0,99.98,85.84,71.69,63.21,57.55,43.4,63.21,56.58,20.3,43.41,Alta,-31.4143,-53.40815,78.0,4317004
4314548,431454,Pinto Bandeira,RS,Sul,2025,2785,1,0,0,0,3.59,0.0,0.0,0.0,99.98,89.67,79.37,73.18,69.06,58.75,73.18,41.23,14.79,58.76,Alta,-29.0937,-51.4578,13.77,4307906
4314555,431455,Pirapó,RS,Sul,2025,2255,1,0,0,0,4.43,0.0,0.0,0.0,99.98,85.59,71.19,62.55,56.79,42.4,62.55,57.58,20.66,42.41,Alta,-28.0766,-55.2495,65.91,4300307
4314605,431460,Piratini,RS,Sul,2025,17770,6,0,0,0,3.38,0.0,0.0,0.0,99.98,90.77,81.56,76.03,72.34,63.13,76.03,36.85,13.22,63.14,Muito alta,-31.405450000000002,-53.1061,74.74,4317004
4314704,431470,Planalto,RS,Sul,2025,10624,3,0,0,0,2.82,0.0,0.0,0.0,99.98,93.17,86.36,82.27,79.55,72.73,82.27,27.25,9.78,72.75,Muito alta,-27.3524,-53.07665,27.18,4204103
4314787,431478,Ponte Preta,RS,Sul,2025,1602,1,0,0,0,6.24,0.0,0.0,0.0,99.98,78.74,57.5,44.76,36.26,15.02,44.76,84.96,30.48,15.03,Moderada,-27.661099999999998,-52.5105,26.18,4307005
4314779,431477,Pontão,RS,Sul,2025,3345,1,0,0,0,2.99,0.0,0.0,0.0,99.98,92.56,85.13,80.67,77.7,70.27,80.67,29.71,10.66,70.29,Muito alta,-28.041150000000002,-52.6588,32.41,4314100
4314902,431490,Porto Alegre,RS,Sul,2025,1388794,172,25,18,5,1.24,1.8,1.3,0.36,47.51,59.03,70.54,77.45,82.06,93.57,77.45,46.06,16.53,53.93,Muito alta,-30.0974,-51.15755,0.0,4314902
4315008,431500,Porto Lucena,RS,Sul,2025,4414,3,0,0,0,6.8,0.0,0.0,0.0,99.98,77.65,55.32,41.92,32.99,10.66,41.92,89.32,32.05,10.66,Moderada,-27.84915,-54.95555,27.87,4300307
4315057,431505,Porto Mauá,RS,Sul,2025,2173,1,0,0,0,4.6,0.0,0.0,0.0,99.98,84.77,69.57,60.44,54.36,39.15,60.44,60.83,21.83,39.16,Alta,-27.588949999999997,-54.6648,13.62,4300307
4315073,431507,Porto Vera Cruz,RS,Sul,2025,1582,1,0,0,0,6.32,0.0,0.0,0.0,99.98,78.55,57.13,44.27,35.7,14.27,44.27,85.71,30.75,14.27,Moderada,-27.753999999999998,-54.9093,16.9,4300307
4315107,431510,Porto Xavier,RS,Sul,2025,10127,5,0,0,0,4.94,0.0,0.0,0.0,99.98,83.14,66.31,56.21,49.47,32.63,56.21,67.35,24.17,32.64,Alta,-27.938850000000002,-55.1632,49.2,4300307
4314803,431480,Portão,RS,Sul,2025,35273,6,0,0,0,1.7,0.0,0.0,0.0,99.98,97.3,94.61,93.0,91.93,89.25,93.0,10.73,3.85,89.26,Muito alta,-29.693550000000002,-51.24905,8.07,4307609
4315131,431513,Pouso Novo,RS,Sul,2025,1771,0,0,0,0,0.0,0.0,0.0,0.0,99.98,99.98,99.98,99.98,99.98,99.98,99.98,0.0,0.0,100.0,Muito alta,-29.160600000000002,-52.22555,29.84,4300703
4314753,431475,Poço das Antas,RS,Sul,2025,2224,1,0,0,0,4.5,0.0,0.0,0.0,99.98,85.29,70.6,61.78,55.91,41.21,61.78,58.77,21.09,41.22,Alta,-29.4401,-51.63035,35.09,4308102
4315149,431514,Presidente Lucena,RS,Sul,2025,3166,1,0,0,0,3.16,0.0,0.0,0.0,99.98,91.8,83.62,78.71,75.44,67.26,78.71,32.72,11.74,67.27,Muito alta,-29.52565,-51.17295,11.49,4306403
4315156,431515,Progresso,RS,Sul,2025,5423,2,0,0,0,3.69,0.0,0.0,0.0,99.98,89.21,78.43,71.97,67.66,56.88,71.97,43.1,15.46,56.89,Alta,-29.22705,-52.3121,37.71,4322608
4315172,431517,Protásio Alves,RS,Sul,2025,2070,1,0,0,0,4.83,0.0,0.0,0.0,99.98,83.64,67.3,57.5,50.96,34.63,57.5,65.36,23.45,34.63,Alta,-28.75305,-51.4938,40.98,4309407
4315206,431520,Putinga,RS,Sul,2025,3809,1,0,0,0,2.63,0.0,0.0,0.0,99.98,94.14,88.31,84.8,82.47,76.63,84.8,23.35,8.38,76.64,Muito alta,-29.04345,-52.13715,15.07,4300703
4315305,431530,Quaraí,RS,Sul,2025,23995,8,0,0,0,3.33,0.0,0.0,0.0,99.98,90.98,81.98,76.58,72.98,63.97,76.58,36.01,12.92,63.99,Muito alta,-30.2912,-56.1632,76.1,4317103
4315313,431531,Quatro Irmãos,RS,Sul,2025,1577,1,0,0,0,6.34,0.0,0.0,0.0,99.98,78.49,56.99,44.09,35.5,14.0,44.09,85.98,30.85,14.0,Moderada,-27.841099999999997,-52.468050000000005,31.75,4307005
4315321,431532,Quevedos,RS,Sul,2025,2553,2,0,0,0,7.83,0.0,0.0,0.0,99.98,76.58,53.18,39.14,29.77,6.37,39.14,93.61,33.59,6.37,Moderada,-29.2941,-54.06425,58.36,4316907
4315354,431535,Quinze de Novembro,RS,Sul,2025,4003,1,0,0,0,2.5,0.0,0.0,0.0,99.98,94.57,89.16,85.91,83.75,78.33,85.91,21.65,7.77,78.35,Muito alta,-28.7723,-53.1456,21.99,4310009
4315404,431540,Redentora,RS,Sul,2025,9931,0,0,0,0,0.0,0.0,0.0,0.0,99.98,99.98,99.98,99.98,99.98,99.98,99.98,0.0,0.0,100.0,Muito alta,-27.564149999999998,-53.652100000000004,26.23,4321402
4315453,431545,Relvado,RS,Sul,2025,1826,1,0,0,0,5.48,0.0,0.0,0.0,99.98,81.05,62.12,50.76,43.18,24.25,50.76,75.73,27.17,24.25,Alta,-29.1125,-52.0722,16.62,4300703
4315503,431550,Restinga Sêca,RS,Sul,2025,15205,8,0,0,0,5.26,0.0,0.0,0.0,99.98,81.83,63.69,52.8,45.54,27.39,52.8,72.59,26.05,27.4,Alta,-29.80005,-53.3298,21.9,4318432
4315602,431560,Rio Grande,RS,Sul,2025,198935,18,2,2,1,0.9,1.01,1.01,0.5,50.33,61.73,73.13,79.97,84.53,95.93,79.97,45.59,16.36,54.4,Muito alta,-32.20875,-52.3928,0.0,4315602
4315701,431570,Rio Pardo,RS,Sul,2025,35641,9,1,1,1,2.53,2.81,2.81,2.81,42.79,51.58,60.38,65.65,69.17,77.96,65.65,35.16,12.62,64.83,Alta,-30.0765,-52.42975,0.0,4315701
4315552,431555,Rio dos Índios,RS,Sul,2025,2866,1,0,0,0,3.49,0.0,0.0,0.0,99.98,90.28,80.57,74.75,70.86,61.16,74.75,38.83,13.93,61.17,Alta,-27.25175,-52.877300000000005,11.84,4204103
4315750,431575,Riozinho,RS,Sul,2025,4574,0,0,0,0,0.0,0.0,0.0,0.0,99.98,99.98,99.98,99.98,99.98,99.98,99.98,0.0,0.0,100.0,Muito alta,-29.60505,-50.4007,32.37,4317608
4315800,431580,Roca Sales,RS,Sul,2025,10646,2,0,0,0,1.88,0.0,0.0,0.0,99.98,96.76,93.53,91.59,90.3,87.08,91.59,12.91,4.63,87.09,Muito alta,-29.251649999999998,-51.82945,12.46,4312609
4315909,431590,Rodeio Bonito,RS,Sul,2025,6831,1,0,0,0,1.46,0.0,0.0,0.0,99.98,97.9,95.82,94.57,93.74,91.65,94.57,8.33,2.99,91.67,Muito alta,-27.46405,-53.18545,30.46,4305801
4315958,431595,Rolador,RS,Sul,2025,2330,1,0,0,0,4.29,0.0,0.0,0.0,99.98,86.32,72.66,64.47,59.0,45.34,64.47,54.64,19.61,45.35,Alta,-28.2671,-54.8523,57.07,4317202
4316006,431600,Rolante,RS,Sul,2025,21752,6,0,0,0,2.76,0.0,0.0,0.0,99.98,93.53,87.08,83.2,80.62,74.17,83.2,25.81,9.26,74.18,Muito alta,-29.62565,-50.5583,26.54,4317608
4316105,431610,Ronda Alta,RS,Sul,2025,9969,3,0,0,0,3.01,0.0,0.0,0.0,99.98,92.48,84.98,80.49,77.49,69.99,80.49,29.99,10.76,70.0,Muito alta,-27.809800000000003,-52.7378,29.92,4305801
4316204,431620,Rondinha,RS,Sul,2025,5078,2,0,0,0,3.94,0.0,0.0,0.0,99.98,87.98,75.97,68.77,63.97,51.97,68.77,48.02,17.23,51.97,Alta,-27.82685,-52.88855,19.39,4305801
4316303,431630,Roque Gonzales,RS,Sul,2025,6693,3,0,0,0,4.48,0.0,0.0,0.0,99.98,85.36,70.74,61.97,56.12,41.5,61.97,58.48,20.98,41.51,Alta,-28.0575,-55.13265,56.84,4300307
4316402,431640,Rosário do Sul,RS,Sul,2025,37674,11,0,0,0,2.92,0.0,0.0,0.0,99.98,92.8,85.62,81.31,78.44,71.26,81.31,28.72,10.31,71.27,Muito alta,-30.37805,-55.1611,60.78,4302907
4316428,431642,Sagrada Família,RS,Sul,2025,2528,2,0,0,0,7.91,0.0,0.0,0.0,99.98,76.52,53.06,38.98,29.6,6.14,38.98,93.84,33.67,6.14,Moderada,-27.7042,-53.1363,12.57,4305801
4316436,431643,Saldanha Marinho,RS,Sul,2025,2619,1,0,0,0,3.82,0.0,0.0,0.0,99.98,88.52,77.05,70.17,65.59,54.12,70.17,45.86,16.46,54.13,Alta,-28.38565,-53.08655,25.7,4310009
4316451,431645,Salto do Jacuí,RS,Sul,2025,10357,4,0,0,0,3.86,0.0,0.0,0.0,99.98,88.28,76.58,69.56,64.89,53.19,69.56,46.8,16.79,53.2,Alta,-29.069,-53.2331,42.6,4320701
4316477,431647,Salvador das Missões,RS,Sul,2025,2955,1,0,0,0,3.38,0.0,0.0,0.0,99.98,90.73,81.48,75.92,72.22,62.97,75.92,37.01,13.28,62.98,Muito alta,-28.09285,-54.83085,40.92,4317202
4316501,431650,Salvador do Sul,RS,Sul,2025,7184,2,0,0,0,2.78,0.0,0.0,0.0,99.98,93.39,86.8,82.84,80.21,73.61,82.84,26.37,9.46,73.63,Muito alta,-29.4593,-51.532650000000004,25.59,4308102
4316600,431660,Sananduva,RS,Sul,2025,16770,0,0,0,0,0.0,0.0,0.0,0.0,99.98,99.98,99.98,99.98,99.98,99.98,99.98,0.0,0.0,100.0,Muito alta,-27.9644,-51.79195,37.74,4311304
4317103,431710,Sant'Ana do Livramento,RS,Sul,2025,87329,14,2,1,0,1.6,2.29,1.15,0.0,45.38,56.63,67.88,74.63,79.13,90.38,74.63,45.0,16.15,54.99,Alta,-30.8049,-55.63815,0.0,4317103
4316709,431670,Santa Bárbara do Sul,RS,Sul,2025,8269,2,0,0,0,2.42,0.0,0.0,0.0,99.98,94.95,89.91,86.89,84.88,79.84,86.89,20.14,7.23,79.86,Muito alta,-28.3681,-53.29185,25.18,4310009
4316733,431673,Santa Cecília do Sul,RS,Sul,2025,1710,1,0,0,0,5.85,0.0,0.0,0.0,99.98,79.77,59.55,47.42,39.33,19.12,47.42,80.87,29.02,19.12,Moderada,-28.1952,-51.89,37.22,4311304
4316758,431675,Santa Clara do Sul,RS,Sul,2025,7079,2,0,0,0,2.83,0.0,0.0,0.0,99.98,93.16,86.33,82.24,79.51,72.68,82.24,27.3,9.8,72.69,Muito alta,-29.45445,-52.13005,12.97,4322608
4316808,431680,Santa Cruz do Sul,RS,Sul,2025,138270,44,0,0,0,3.18,0.0,0.0,0.0,99.98,91.69,83.41,78.43,75.12,66.83,78.43,33.15,11.9,66.84,Muito alta,-29.6391,-52.4319,24.17,4322608
4316972,431697,Santa Margarida do Sul,RS,Sul,2025,2661,2,0,0,0,7.52,0.0,0.0,0.0,99.98,76.83,53.68,39.79,30.53,7.38,39.79,92.6,33.23,7.38,Moderada,-30.375,-54.07665,70.87,4316907
4316907,431690,Santa Maria,RS,Sul,2025,282395,43,3,2,1,1.52,1.06,0.71,0.35,50.13,60.39,70.64,76.8,80.9,91.15,76.8,41.02,14.72,58.98,Muito alta,-29.77595,-53.82525,0.0,4316907
4316956,431695,Santa Maria do Herval,RS,Sul,2025,6486,0,0,0,0,0.0,0.0,0.0,0.0,99.98,99.98,99.98,99.98,99.98,99.98,99.98,0.0,0.0,100.0,Muito alta,-29.47045,-50.981899999999996,17.68,4306403
4317202,431720,Santa Rosa,RS,Sul,2025,79488,22,1,1,1,2.77,1.26,1.26,1.26,49.54,55.65,61.76,65.42,67.86,73.97,65.42,24.43,8.77,73.03,Alta,-27.8427,-54.52525,0.0,4317202
4317251,431725,Santa Tereza,RS,Sul,2025,1529,2,0,0,0,13.08,0.0,0.0,0.0,99.98,75.12,50.26,35.34,25.4,0.54,35.34,99.44,35.68,0.54,Moderada,-29.151649999999997,-51.706050000000005,11.47,4312609
4317301,431730,Santa Vitória do Palmar,RS,Sul,2025,31965,0,0,0,0,0.0,0.0,0.0,0.0,99.98,99.98,99.98,99.98,99.98,99.98,99.98,0.0,0.0,100.0,Muito alta,-33.18635,-52.978449999999995,121.74,4315602
4317004,431700,Santana da Boa Vista,RS,Sul,2025,7128,2,1,0,0,2.81,14.03,0.0,0.0,7.02,23.57,40.12,50.05,56.67,73.22,50.05,66.2,23.75,33.79,Alta,-30.737450000000003,-53.193,0.0,4317004
4317400,431740,Santiago,RS,Sul,2025,50336,12,0,0,0,2.38,0.0,0.0,0.0,99.98,95.1,90.21,87.28,85.32,80.43,87.28,19.55,7.01,80.45,Muito alta,-29.10125,-54.74955,92.92,4302907
4317608,431760,Santo Antônio da Patrulha,RS,Sul,2025,44431,9,1,1,1,2.03,2.25,2.25,2.25,45.59,55.62,65.65,71.67,75.68,85.71,71.67,40.12,14.4,59.87,Alta,-29.86425,-50.5533,0.0,4317608
4317707,431770,Santo Antônio das Missões,RS,Sul,2025,10485,5,0,0,0,4.77,0.0,0.0,0.0,99.98,84.01,68.03,58.45,52.06,36.08,58.45,63.9,22.93,36.09,Alta,-28.458199999999998,-55.4681,112.2,4300307
4317558,431755,Santo Antônio do Palma,RS,Sul,2025,2134,1,0,0,0,4.69,0.0,0.0,0.0,99.98,84.41,68.84,59.5,53.27,37.7,59.5,62.29,22.35,37.7,Alta,-28.492649999999998,-52.0034,27.73,4311809
4317756,431775,Santo Antônio do Planalto,RS,Sul,2025,2138,1,0,0,0,4.68,0.0,0.0,0.0,99.98,84.45,68.91,59.59,53.37,37.84,59.59,62.14,22.3,37.85,Alta,-28.3696,-52.6824,26.24,4314100
4317806,431780,Santo Augusto,RS,Sul,2025,14196,7,0,0,0,4.93,0.0,0.0,0.0,99.98,83.19,66.39,56.31,49.59,32.79,56.31,67.19,24.11,32.8,Alta,-27.89695,-53.73295,28.6,4319109
4317905,431790,Santo Cristo,RS,Sul,2025,15667,2,0,0,0,1.28,0.0,0.0,0.0,99.98,98.33,96.67,95.68,95.01,93.36,95.68,6.62,2.38,93.38,Muito alta,-27.78755,-54.71135,17.07,4300307
4317954,431795,Santo Expedito do Sul,RS,Sul,2025,2395,1,0,0,0,4.18,0.0,0.0,0.0,99.98,86.89,73.8,65.95,60.71,47.62,65.95,52.36,18.79,47.63,Alta,-27.92185,-51.660650000000004,33.82,4311304
4317509,431750,Santo Ângelo,RS,Sul,2025,79146,18,0,0,0,2.27,0.0,0.0,0.0,99.98,95.56,91.13,88.48,86.71,82.28,88.48,17.7,6.35,82.3,Muito alta,-28.247500000000002,-54.3187,49.37,4317202
4319901,431990,Sapiranga,RS,Sul,2025,77935,18,0,0,0,2.31,0.0,0.0,0.0,99.98,95.43,90.87,88.14,86.32,81.76,88.14,18.22,6.54,81.78,Muito alta,-29.624,-50.9987,9.2,4306403
4320008,432000,Sapucaia do Sul,RS,Sul,2025,136572,28,0,0,0,2.05,0.0,0.0,0.0,99.98,96.34,92.69,90.51,89.05,85.41,90.51,14.58,5.23,85.42,Muito alta,-29.82325,-51.13035,9.1,4318705
4320107,432010,Sarandi,RS,Sul,2025,23374,6,0,0,0,2.57,0.0,0.0,0.0,99.98,94.35,88.73,85.35,83.1,77.47,85.35,22.51,8.08,77.49,Muito alta,-27.93325,-52.907,28.94,4305801
4320206,432020,Seberi,RS,Sul,2025,12325,5,0,0,0,4.06,0.0,0.0,0.0,99.98,87.43,74.87,67.34,62.31,49.76,67.34,50.22,18.02,49.77,Alta,-27.5038,-53.3832,41.97,4321402
4320230,432023,Sede Nova,RS,Sul,2025,2750,1,0,0,0,3.64,0.0,0.0,0.0,99.98,89.48,78.97,72.67,68.47,57.96,72.67,42.02,15.08,57.97,Alta,-27.64385,-53.95925,8.8,4319109
4320263,432026,Segredo,RS,Sul,2025,6098,3,0,0,0,4.92,0.0,0.0,0.0,99.98,83.25,66.51,56.47,49.78,33.05,56.47,66.94,24.02,33.05,Alta,-29.29015,-52.919200000000004,15.58,4320701
4320305,432030,Selbach,RS,Sul,2025,5222,2,0,0,0,3.83,0.0,0.0,0.0,99.98,88.41,76.84,69.89,65.26,53.69,69.89,46.29,16.61,53.7,Alta,-28.67015,-52.97555,25.57,4310009
4320321,432032,Senador Salgado Filho,RS,Sul,2025,2725,1,0,0,0,3.67,0.0,0.0,0.0,99.98,89.28,78.59,72.17,67.89,57.19,72.17,42.79,15.35,57.2,Alta,-28.02975,-54.52625,20.8,4317202
4320354,432035,Sentinela do Sul,RS,Sul,2025,5424,1,0,0,0,1.84,0.0,0.0,0.0,99.98,96.86,93.74,91.87,90.63,87.51,91.87,12.48,4.48,87.52,Muito alta,-30.626350000000002,-51.5945,40.42,4303509
4320404,432040,Serafina Corrêa,RS,Sul,2025,17407,5,0,0,0,2.87,0.0,0.0,0.0,99.98,92.95,85.93,81.71,78.9,71.87,81.71,28.11,10.09,71.89,Muito alta,-28.685899999999997,-51.951449999999994,19.1,4309407
4320503,432050,Sertão,RS,Sul,2025,5630,0,0,0,0,0.0,0.0,0.0,0.0,99.98,99.98,99.98,99.98,99.98,99.98,99.98,0.0,0.0,100.0,Muito alta,-28.00855,-52.3347,30.18,4314100
4320552,432055,Sertão Santana,RS,Sul,2025,5989,3,0,0,0,5.01,0.0,0.0,0.0,99.98,82.84,65.69,55.4,48.54,31.39,55.4,68.59,24.61,31.4,Alta,-30.46195,-51.64165,30.65,4318408
4320578,432057,Sete de Setembro,RS,Sul,2025,1881,1,0,0,0,5.32,0.0,0.0,0.0,99.98,81.65,63.31,52.31,44.97,26.64,52.31,73.34,26.32,26.64,Alta,-28.16165,-54.474,35.82,4317202
4320602,432060,Severiano de Almeida,RS,Sul,2025,3463,3,0,0,0,8.66,0.0,0.0,0.0,99.98,76.09,52.19,37.85,28.29,4.4,37.85,95.58,34.3,4.4,Moderada,-27.4122,-52.112,8.4,4312005
4320651,432065,Silveira Martins,RS,Sul,2025,2056,2,0,0,0,9.73,0.0,0.0,0.0,99.98,75.66,51.34,36.74,27.01,2.69,36.74,97.29,34.91,2.69,Moderada,-29.63925,-53.5588,9.0,4318432
4320677,432067,Sinimbu,RS,Sul,2025,8685,3,0,0,0,3.45,0.0,0.0,0.0,99.98,90.45,80.92,75.2,71.39,61.86,75.2,38.13,13.68,61.87,Muito alta,-29.44525,-52.5963,39.92,4322608
4320701,432070,Sobradinho,RS,Sul,2025,14512,4,1,1,1,2.76,6.89,6.89,6.89,21.72,34.85,47.97,55.85,61.1,74.22,55.85,52.5,18.84,47.49,Alta,-29.402,-53.016,0.0,4320701
4320800,432080,Soledade,RS,Sul,2025,30939,13,0,0,0,4.2,0.0,0.0,0.0,99.98,86.76,73.53,65.6,60.31,47.08,65.6,52.9,18.98,47.09,Alta,-28.89055,-52.53315,50.55,4311809
4318002,431800,São Borja,RS,Sul,2025,61311,29,0,0,0,4.73,0.0,0.0,0.0,99.98,84.2,68.42,58.95,52.63,36.85,58.95,63.13,22.65,36.86,Alta,-28.7108,-55.80815,154.9,4300307
4318051,431805,São Domingos do Sul,RS,Sul,2025,2806,2,0,0,0,7.13,0.0,0.0,0.0,99.98,77.18,54.38,40.7,31.58,8.78,40.7,91.2,32.73,8.78,Moderada,-28.53735,-51.8615,35.12,4309407
4318101,431810,São Francisco de Assis,RS,Sul,2025,17934,7,0,0,0,3.9,0.0,0.0,0.0,99.98,88.13,76.28,69.17,64.43,52.58,69.17,47.41,17.01,52.59,Alta,-29.4496,-55.1298,63.33,4302907
4318200,431820,São Francisco de Paula,RS,Sul,2025,22388,0,0,0,0,0.0,0.0,0.0,0.0,99.98,99.98,99.98,99.98,99.98,99.98,99.98,0.0,0.0,100.0,Muito alta,-29.17065,-50.47265,34.15,4303608
4318309,431830,São Gabriel,RS,Sul,2025,60090,13,0,0,0,2.16,0.0,0.0,0.0,99.98,95.94,91.9,89.48,87.87,83.83,89.48,16.16,5.8,83.84,Muito alta,-30.342100000000002,-54.37045,60.48,4302907
4318408,431840,São Jerônimo,RS,Sul,2025,21412,8,1,1,1,3.74,4.67,4.67,4.67,31.97,37.93,43.9,47.48,49.86,55.82,47.48,23.86,8.56,72.91,Moderada,-30.29205,-51.893299999999996,0.0,4318408
4318440,431844,São Jorge,RS,Sul,2025,2976,1,0,0,0,3.36,0.0,0.0,0.0,99.98,90.84,81.69,76.2,72.55,63.4,76.2,36.58,13.13,63.41,Muito alta,-28.49895,-51.708600000000004,38.93,4311304
4318457,431845,São José das Missões,RS,Sul,2025,2399,1,0,0,0,4.17,0.0,0.0,0.0,99.98,86.95,73.93,66.11,60.9,47.87,66.11,52.11,18.7,47.88,Alta,-27.791150000000002,-53.129549999999995,16.35,4305801
4318465,431846,São José do Herval,RS,Sul,2025,1931,1,0,0,0,5.18,0.0,0.0,0.0,99.98,82.14,64.31,53.6,46.47,28.63,53.6,71.35,25.6,28.64,Alta,-29.0716,-52.27065,28.13,4300703
4318481,431848,São José do Hortêncio,RS,Sul,2025,4555,1,0,0,0,2.2,0.0,0.0,0.0,99.98,95.84,91.69,89.2,87.54,83.4,89.2,16.59,5.95,83.41,Muito alta,-29.53895,-51.240399999999994,9.56,4308102
4318499,431849,São José do Inhacorá,RS,Sul,2025,2466,1,0,0,0,4.06,0.0,0.0,0.0,99.98,87.44,74.9,67.37,62.35,49.81,67.37,50.17,18.0,49.82,Alta,-27.73885,-54.12885,18.07,4319109
4318507,431850,São José do Norte,RS,Sul,2025,26248,10,0,0,0,3.81,0.0,0.0,0.0,99.98,88.56,77.14,70.29,65.72,54.3,70.29,45.68,16.39,54.31,Alta,-31.8003,-51.64205,68.82,4314407
4318606,431860,São José do Ouro,RS,Sul,2025,6978,3,0,0,0,4.3,0.0,0.0,0.0,99.98,86.29,72.6,64.38,58.91,45.22,64.38,54.77,19.65,45.22,Alta,-27.76545,-51.57085,48.19,4311304
4318614,431861,São José do Sul,RS,Sul,2025,2443,1,0,0,0,4.09,0.0,0.0,0.0,99.98,87.28,74.58,66.96,61.88,49.18,66.96,50.8,18.23,49.19,Alta,-29.55855,-51.4875,24.05,4308102
4318622,431862,São José dos Ausentes,RS,Sul,2025,4295,1,0,0,0,2.33,0.0,0.0,0.0,99.98,95.34,90.69,87.91,86.05,81.4,87.91,18.58,6.67,81.42,Muito alta,-28.6687,-49.95695,36.74,4211603
4318424,431842,São João da Urtiga,RS,Sul,2025,4547,1,0,0,0,2.2,0.0,0.0,0.0,99.98,95.82,91.66,89.17,87.5,83.34,89.17,16.64,5.97,83.36,Muito alta,-27.7935,-51.8458,23.68,4301552
4318432,431843,São João do Polêsine,RS,Sul,2025,2708,2,1,0,0,7.39,36.93,0.0,0.0,0.39,2.26,4.13,5.25,6.0,7.86,5.25,7.47,2.68,92.53,Baixa,-29.642449999999997,-53.46575,0.0,4318432
4318705,431870,São Leopoldo,RS,Sul,2025,225737,29,1,1,0,1.28,0.44,0.44,0.0,51.3,61.8,72.29,78.59,82.79,93.29,78.59,41.99,15.07,57.59,Muito alta,-29.74175,-51.13895,0.0,4318705
4318804,431880,São Lourenço do Sul,RS,Sul,2025,43278,15,0,0,0,3.47,0.0,0.0,0.0,99.98,90.41,80.84,75.1,71.27,61.69,75.1,38.29,13.74,61.71,Muito alta,-31.2498,-52.12779999999999,38.82,4314407
4318903,431890,São Luiz Gonzaga,RS,Sul,2025,35865,13,0,0,0,3.62,0.0,0.0,0.0,99.98,89.53,79.07,72.8,68.61,58.16,72.8,41.82,15.01,58.17,Alta,-28.38975,-54.869699999999995,69.58,4317202
4319000,431900,São Marcos,RS,Sul,2025,21549,5,0,0,0,2.32,0.0,0.0,0.0,99.98,95.38,90.78,88.02,86.18,81.58,88.02,18.4,6.6,81.6,Muito alta,-28.957099999999997,-51.05815,13.34,4305108
4319109,431910,São Martinho,RS,Sul,2025,5587,2,1,1,1,3.58,17.9,17.9,17.9,4.06,17.81,31.56,39.81,45.31,59.06,39.81,55.0,19.73,44.99,Moderada,-27.72215,-53.9462,0.0,4319109
4319125,431912,São Martinho da Serra,RS,Sul,2025,2908,1,0,0,0,3.44,0.0,0.0,0.0,99.98,90.54,81.1,75.43,71.66,62.22,75.43,37.77,13.55,62.23,Muito alta,-29.4865,-53.89365,32.86,4316907
4319158,431915,São Miguel das Missões,RS,Sul,2025,7193,4,0,0,0,5.56,0.0,0.0,0.0,99.98,80.72,61.45,49.89,42.19,22.92,49.89,77.06,27.65,22.93,Moderada,-28.704250000000002,-54.53015,95.8,4317202
4319208,431920,São Nicolau,RS,Sul,2025,5243,3,0,0,0,5.72,0.0,0.0,0.0,99.98,80.13,60.28,48.36,40.42,20.57,48.36,79.41,28.49,20.57,Moderada,-28.1862,-55.2475,75.05,4300307
4319307,431930,São Paulo das Missões,RS,Sul,2025,5943,2,0,0,0,3.37,0.0,0.0,0.0,99.98,90.81,81.63,76.12,72.45,63.27,76.12,36.71,13.17,63.29,Muito alta,-27.98115,-54.973,41.31,4300307
4319356,431935,São Pedro da Serra,RS,Sul,2025,3618,1,0,0,0,2.76,0.0,0.0,0.0,99.98,93.51,87.03,83.15,80.56,74.08,83.15,25.9,9.29,74.09,Muito alta,-29.4187,-51.5096,23.73,4308102
4319364,431936,São Pedro das Missões,RS,Sul,2025,1790,1,0,0,0,5.59,0.0,0.0,0.0,99.98,80.63,61.28,49.67,41.93,22.58,49.67,77.4,27.77,22.59,Moderada,-27.782600000000002,-53.23565,24.54,4305801
4319372,431937,São Pedro do Butiá,RS,Sul,2025,3142,1,0,0,0,3.18,0.0,0.0,0.0,99.98,91.69,83.4,78.42,75.1,66.81,78.42,33.17,11.9,66.82,Muito alta,-28.1141,-54.8999,47.58,4317202
4319406,431940,São Pedro do Sul,RS,Sul,2025,15863,7,0,0,0,4.41,0.0,0.0,0.0,99.98,85.68,71.39,62.81,57.09,42.79,62.81,57.19,20.52,42.8,Alta,-29.60405,-54.23545,43.99,4316907
4319505,431950,São Sebastião do Caí,RS,Sul,2025,24898,6,0,0,0,2.41,0.0,0.0,0.0,99.98,94.96,89.95,86.94,84.93,79.91,86.94,20.07,7.2,79.93,Muito alta,-29.58605,-51.334149999999994,15.75,4308102
4319604,431960,São Sepé,RS,Sul,2025,21551,11,0,0,0,5.1,0.0,0.0,0.0,99.98,82.47,64.96,54.46,47.45,29.94,54.46,70.04,25.13,29.95,Alta,-30.20515,-53.54975,54.6,4316907
4319703,431970,São Valentim,RS,Sul,2025,3320,1,0,0,0,3.01,0.0,0.0,0.0,99.98,92.47,84.95,80.44,77.43,69.92,80.44,30.07,10.79,69.93,Muito alta,-27.53955,-52.573750000000004,33.9,4307005
4319711,431971,São Valentim do Sul,RS,Sul,2025,2255,0,0,0,0,0.0,0.0,0.0,0.0,99.98,99.98,99.98,99.98,99.98,99.98,99.98,0.0,0.0,100.0,Muito alta,-29.066650000000003,-51.76405,9.96,4312609
4319737,431973,São Valério do Sul,RS,Sul,2025,2593,1,0,0,0,3.86,0.0,0.0,0.0,99.98,88.31,76.63,69.62,64.95,53.28,69.62,46.71,16.76,53.29,Alta,-27.8307,-53.91655,12.42,4319109
4319752,431975,São Vendelino,RS,Sul,2025,2309,1,0,0,0,4.33,0.0,0.0,0.0,99.98,86.12,72.26,63.94,58.4,44.53,63.94,55.45,19.9,44.54,Alta,-29.384300000000003,-51.366,12.4,4308102
4319802,431980,São Vicente do Sul,RS,Sul,2025,8257,5,0,0,0,6.06,0.0,0.0,0.0,99.98,79.2,58.42,45.95,37.64,16.86,45.95,83.13,29.83,16.86,Moderada,-29.693399999999997,-54.81015,27.07,4302907
4320453,432045,Sério,RS,Sul,2025,2089,1,0,0,0,4.79,0.0,0.0,0.0,99.98,83.88,67.78,58.12,51.68,35.58,58.12,64.4,23.11,35.58,Alta,-29.40605,-52.24695,16.84,4322608
4320859,432085,Tabaí,RS,Sul,2025,4569,1,0,0,0,2.19,0.0,0.0,0.0,99.98,95.87,91.76,89.29,87.65,83.54,89.29,16.44,5.9,83.55,Muito alta,-29.67385,-51.728449999999995,12.55,4321303
4320909,432090,Tapejara,RS,Sul,2025,25256,0,0,0,0,0.0,0.0,0.0,0.0,99.98,99.98,99.98,99.98,99.98,99.98,99.98,0.0,0.0,100.0,Muito alta,-28.053,-52.0167,37.1,4301552
4321006,432100,Tapera,RS,Sul,2025,10824,4,0,0,0,3.7,0.0,0.0,0.0,99.98,89.14,78.31,71.8,67.47,56.63,71.8,43.35,15.55,56.64,Alta,-28.6628,-52.8505,36.99,4310009
4321105,432110,Tapes,RS,Sul,2025,14920,6,0,0,0,4.02,0.0,0.0,0.0,99.98,87.62,75.26,67.85,62.91,50.55,67.85,49.43,17.74,50.56,Alta,-30.67655,-51.44785,45.96,4303509
4321204,432120,Taquara,RS,Sul,2025,54353,9,0,0,0,1.66,0.0,0.0,0.0,99.98,97.42,94.87,93.33,92.31,89.75,93.33,10.23,3.67,89.77,Muito alta,-29.63685,-50.7739,29.28,4313409
4321303,432130,Taquari,RS,Sul,2025,25963,3,1,1,0,1.16,3.85,3.85,0.0,36.76,51.1,65.45,74.05,79.79,94.13,74.05,57.37,20.58,42.62,Alta,-29.738,-51.835300000000004,0.0,4321303
4321329,432132,Taquaruçu do Sul,RS,Sul,2025,3192,1,0,0,0,3.13,0.0,0.0,0.0,99.98,91.91,83.84,78.99,75.76,67.69,78.99,32.29,11.59,67.7,Muito alta,-27.40065,-53.48795,28.68,4321402
4321352,432135,Tavares,RS,Sul,2025,5319,0,0,0,0,0.0,0.0,0.0,0.0,99.98,99.98,99.98,99.98,99.98,99.98,99.98,0.0,0.0,100.0,Muito alta,-31.3139,-51.0398,86.46,4303509
4321402,432140,Tenente Portela,RS,Sul,2025,14820,7,1,1,1,4.72,6.75,6.75,6.75,22.35,26.01,29.67,31.87,33.33,37.0,31.87,14.65,5.26,79.62,Moderada,-27.35445,-53.77375,0.0,4321402
4321436,432143,Terra de Areia,RS,Sul,2025,10575,6,0,0,0,5.67,0.0,0.0,0.0,99.98,80.3,60.62,48.81,40.94,21.25,48.81,78.73,28.25,21.26,Moderada,-29.5953,-50.04255,12.16,4304630
4321451,432145,Teutônia,RS,Sul,2025,34023,9,0,0,0,2.65,0.0,0.0,0.0,99.98,94.04,88.1,84.53,82.16,76.22,84.53,23.77,8.53,76.23,Muito alta,-29.465899999999998,-51.77095,30.89,4321303
4321469,432146,Tio Hugo,RS,Sul,2025,3358,1,0,0,0,2.98,0.0,0.0,0.0,99.98,92.6,85.21,80.78,77.82,70.44,80.78,29.55,10.6,70.45,Muito alta,-28.58595,-52.602500000000006,32.59,4311809
4321477,432147,Tiradentes do Sul,RS,Sul,2025,5188,2,0,0,0,3.86,0.0,0.0,0.0,99.98,88.31,76.65,69.65,64.98,53.31,69.65,46.67,16.75,53.32,Alta,-27.3745,-54.1156,12.17,4306007
4321493,432149,Toropi,RS,Sul,2025,2594,0,0,0,0,0.0,0.0,0.0,0.0,99.98,99.98,99.98,99.98,99.98,99.98,99.98,0.0,0.0,100.0,Muito alta,-29.4795,-54.29315,55.96,4316907
4321501,432150,Torres,RS,Sul,2025,43344,11,1,1,1,2.54,2.31,2.31,2.31,45.32,53.45,61.58,66.45,69.7,77.83,66.45,32.51,11.66,67.49,Alta,-29.32945,-49.807249999999996,0.0,4321501
4321600,432160,Tramandaí,RS,Sul,2025,56430,11,1,1,1,1.95,1.77,1.77,1.77,47.69,57.4,67.11,72.93,76.81,86.52,72.93,38.83,13.93,61.17,Alta,-30.03665,-50.23395,0.0,4321600
4321626,432162,Travesseiro,RS,Sul,2025,2192,1,0,0,0,4.56,0.0,0.0,0.0,99.98,85.0,70.01,61.02,55.03,40.05,61.02,59.94,21.51,40.05,Alta,-29.284,-52.09985,31.27,4312609
4321956,432195,Trindade do Sul,RS,Sul,2025,7785,2,0,0,0,2.57,0.0,0.0,0.0,99.98,94.35,88.72,85.34,83.09,77.45,85.34,22.53,8.08,77.47,Muito alta,-27.52545,-52.8876,21.84,4305801
4322004,432200,Triunfo,RS,Sul,2025,28435,10,0,0,0,3.52,0.0,0.0,0.0,99.98,90.12,80.26,74.35,70.4,60.55,74.35,39.44,14.15,60.56,Alta,-29.81155,-51.5128,20.79,4305355
4321634,432163,Três Arroios,RS,Sul,2025,2636,2,0,0,0,7.59,0.0,0.0,0.0,99.98,76.76,53.55,39.61,30.33,7.11,39.61,92.87,33.32,7.11,Moderada,-27.488599999999998,-52.155100000000004,14.86,4312005
4321667,432166,Três Cachoeiras,RS,Sul,2025,11224,4,0,0,0,3.56,0.0,0.0,0.0,99.98,89.83,79.67,73.58,69.52,59.36,73.58,40.62,14.58,59.37,Alta,-29.48675,-49.956500000000005,22.69,4321501
4321709,432170,Três Coroas,RS,Sul,2025,24428,0,0,0,0,0.0,0.0,0.0,0.0,99.98,99.98,99.98,99.98,99.98,99.98,99.98,0.0,0.0,100.0,Muito alta,-29.472099999999998,-50.79645,31.66,4306403
4321832,432183,Três Forquilhas,RS,Sul,2025,2813,0,0,0,0,0.0,0.0,0.0,0.0,99.98,99.98,99.98,99.98,99.98,99.98,99.98,0.0,0.0,100.0,Muito alta,-29.442050000000002,-50.0933,29.85,4304630
4321857,432185,Três Palmeiras,RS,Sul,2025,4829,1,0,0,0,2.07,0.0,0.0,0.0,99.98,96.27,92.56,90.33,88.85,85.14,90.33,14.84,5.33,85.15,Muito alta,-27.619999999999997,-52.84845,17.66,4305801
4321907,432190,Três Passos,RS,Sul,2025,26304,3,0,0,0,1.14,0.0,0.0,0.0,99.98,98.54,97.1,96.24,95.66,94.22,96.24,5.76,2.07,94.24,Muito alta,-27.4266,-53.9316,17.53,4321402
4321808,432180,Três de Maio,RS,Sul,2025,25466,11,0,0,0,4.32,0.0,0.0,0.0,99.98,86.19,72.39,64.12,58.6,44.8,64.12,55.18,19.8,44.81,Alta,-27.71315,-54.2738,14.23,4309605
4322103,432210,Tucunduva,RS,Sul,2025,5646,0,1,0,0,0.0,17.71,0.0,0.0,4.29,28.21,52.14,66.49,76.06,99.98,66.49,95.69,34.34,4.29,Alta,-27.6271,-54.425749999999994,0.0,4322103
4322152,432215,Tunas,RS,Sul,2025,3732,1,0,0,0,2.68,0.0,0.0,0.0,99.98,93.88,87.78,84.13,81.69,75.59,84.13,24.39,8.75,75.6,Muito alta,-29.12415,-52.89525,33.04,4320701
4322186,432218,Tupanci do Sul,RS,Sul,2025,1396,0,0,0,0,0.0,0.0,0.0,0.0,99.98,99.98,99.98,99.98,99.98,99.98,99.98,0.0,0.0,100.0,Muito alta,-27.93125,-51.537099999999995,29.5,4311304
4322202,432220,Tupanciretã,RS,Sul,2025,20324,5,0,0,0,2.46,0.0,0.0,0.0,99.98,94.73,89.48,86.33,84.23,78.98,86.33,21.0,7.54,78.99,Muito alta,-29.00985,-54.01355,87.12,4316907
4322251,432225,Tupandi,RS,Sul,2025,5172,1,0,0,0,1.93,0.0,0.0,0.0,99.98,96.65,93.31,91.31,89.98,86.65,91.31,13.34,4.79,86.66,Muito alta,-29.4782,-51.430350000000004,15.86,4308102
4322301,432230,Tuparendi,RS,Sul,2025,8535,2,1,1,1,2.34,11.72,11.72,11.72,9.42,27.36,45.31,56.07,63.25,81.19,56.07,71.76,25.75,28.22,Alta,-27.6957,-54.5519,0.0,4322301
4322327,432232,Turuçu,RS,Sul,2025,3488,2,0,0,0,5.73,0.0,0.0,0.0,99.98,80.09,60.2,48.27,40.32,20.43,48.27,79.55,28.55,20.43,Moderada,-31.49015,-52.15945,16.54,4314407
4322343,432234,Ubiretama,RS,Sul,2025,2025,1,0,0,0,4.94,0.0,0.0,0.0,99.98,83.13,66.28,56.17,49.43,32.58,56.17,67.4,24.19,32.59,Alta,-28.0171,-54.66145,23.56,4317202
4322376,432237,Unistalda,RS,Sul,2025,2047,1,0,0,0,4.89,0.0,0.0,0.0,99.98,83.41,66.84,56.89,50.26,33.69,56.89,66.29,23.79,33.7,Alta,-29.07365,-55.1536,102.19,4302907
4322350,432235,União da Serra,RS,Sul,2025,1183,1,0,0,0,8.45,0.0,0.0,0.0,99.98,76.23,52.47,38.21,28.71,4.95,38.21,95.03,34.1,4.96,Moderada,-28.7756,-52.01885,14.39,4309407
4322400,432240,Uruguaiana,RS,Sul,2025,120819,27,0,0,0,2.23,0.0,0.0,0.0,99.98,95.67,91.36,88.77,87.04,82.73,88.77,17.25,6.19,82.75,Muito alta,-29.80265,-56.74,153.65,4317103
4322509,432250,Vacaria,RS,Sul,2025,66146,18,0,0,0,2.72,0.0,0.0,0.0,99.98,93.69,87.39,83.61,81.09,74.8,83.61,25.18,9.04,74.81,Muito alta,-28.36925,-50.93065,56.55,4302303
4322541,432254,Vale Real,RS,Sul,2025,6223,2,0,0,0,3.21,0.0,0.0,0.0,99.98,91.53,83.08,78.01,74.63,66.18,78.01,33.8,12.13,66.19,Muito alta,-29.34995,-51.2471,12.03,4308102
4322525,432252,Vale Verde,RS,Sul,2025,3213,0,0,0,0,0.0,0.0,0.0,0.0,99.98,99.98,99.98,99.98,99.98,99.98,99.98,0.0,0.0,100.0,Muito alta,-29.830550000000002,-52.1235,29.66,4321303
4322533,432253,Vale do Sol,RS,Sul,2025,10069,3,0,0,0,2.98,0.0,0.0,0.0,99.98,92.58,85.17,80.73,77.77,70.36,80.73,29.62,10.63,70.38,Muito alta,-29.58565,-52.69675,37.04,4320701
4322558,432255,Vanini,RS,Sul,2025,2047,1,0,0,0,4.89,0.0,0.0,0.0,99.98,83.41,66.84,56.89,50.26,33.69,56.89,66.29,23.79,33.7,Alta,-28.4979,-51.8467,39.64,4309407
4322608,432260,Venâncio Aires,RS,Sul,2025,70842,16,1,0,0,2.26,1.41,0.0,0.0,48.99,57.36,65.73,70.76,74.11,82.48,70.76,33.49,12.02,65.89,Alta,-29.552500000000002,-52.20265,0.0,4322608
4322707,432270,Vera Cruz,RS,Sul,2025,27670,2,0,0,0,0.72,0.0,0.0,0.0,99.98,99.23,98.47,98.02,97.72,96.97,98.02,3.02,1.08,96.98,Muito alta,-29.72805,-52.546099999999996,38.51,4322608
4322806,432280,Veranópolis,RS,Sul,2025,24554,6,0,0,0,2.44,0.0,0.0,0.0,99.98,94.79,89.61,86.49,84.42,79.23,86.49,20.75,7.45,79.25,Muito alta,-28.980800000000002,-51.574799999999996,29.93,4312609
4322855,432285,Vespasiano Corrêa,RS,Sul,2025,1851,1,0,0,0,5.4,0.0,0.0,0.0,99.98,81.31,62.64,51.43,43.96,25.29,51.43,74.69,26.8,25.3,Alta,-29.065350000000002,-51.85275,8.75,4312609
4322905,432290,Viadutos,RS,Sul,2025,4847,1,0,0,0,2.06,0.0,0.0,0.0,99.98,96.28,92.59,90.37,88.89,85.19,90.37,14.79,5.31,85.21,Muito alta,-27.57815,-51.99025,18.05,4301552
4323002,432300,Viamão,RS,Sul,2025,231996,24,2,1,1,1.03,0.86,0.43,0.43,50.6,61.73,72.86,79.54,83.99,95.12,79.54,44.52,15.97,55.48,Muito alta,-30.201050000000002,-50.866550000000004,0.0,4323002
4323101,432310,Vicente Dutra,RS,Sul,2025,4741,1,0,0,0,2.11,0.0,0.0,0.0,99.98,96.13,92.27,89.96,88.42,84.56,89.96,15.42,5.53,84.58,Muito alta,-27.16685,-53.40215,20.04,4203105
4323200,432320,Victor Graeff,RS,Sul,2025,2829,2,0,0,0,7.07,0.0,0.0,0.0,99.98,77.24,54.51,40.86,31.77,9.03,40.86,90.95,32.64,9.03,Moderada,-28.548000000000002,-52.67915,38.83,4311809
4323309,432330,Vila Flores,RS,Sul,2025,3741,2,0,0,0,5.35,0.0,0.0,0.0,99.98,81.52,63.06,51.98,44.6,26.14,51.98,73.85,26.5,26.14,Alta,-28.8554,-51.56155,32.88,4309407
4323358,432335,Vila Lângaro,RS,Sul,2025,2121,1,0,0,0,4.71,0.0,0.0,0.0,99.98,84.26,68.54,59.11,52.82,37.1,59.11,62.88,22.56,37.11,Alta,-28.13345,-52.143699999999995,32.7,4314100
4323408,432340,Vila Maria,RS,Sul,2025,4515,0,0,0,0,0.0,0.0,0.0,0.0,99.98,99.98,99.98,99.98,99.98,99.98,99.98,0.0,0.0,100.0,Muito alta,-28.5753,-52.16585,15.14,4311809
4323457,432345,Vila Nova do Sul,RS,Sul,2025,3932,1,0,0,0,2.54,0.0,0.0,0.0,99.98,94.43,88.88,85.55,83.33,77.78,85.55,22.2,7.97,77.79,Muito alta,-30.35235,-53.8761,64.28,4316907
4323507,432350,Vista Alegre,RS,Sul,2025,2710,1,0,0,0,3.69,0.0,0.0,0.0,99.98,89.18,78.38,71.9,67.58,56.78,71.9,43.21,15.5,56.79,Alta,-27.312649999999998,-53.51095,26.37,4321402
4323606,432360,Vista Alegre do Prata,RS,Sul,2025,1624,1,0,0,0,6.16,0.0,0.0,0.0,99.98,78.95,57.92,45.31,36.9,15.87,45.31,84.11,30.18,15.87,Moderada,-28.831049999999998,-51.777649999999994,12.05,4309407
4323705,432370,Vista Gaúcha,RS,Sul,2025,2843,1,0,0,0,3.52,0.0,0.0,0.0,99.98,90.12,80.25,74.34,70.39,60.53,74.34,39.45,14.16,60.54,Alta,-27.2571,-53.7016,12.96,4321402
4323754,432375,Vitória das Missões,RS,Sul,2025,3316,1,0,0,0,3.02,0.0,0.0,0.0,99.98,92.46,84.93,80.42,77.41,69.88,80.42,30.1,10.8,69.89,Muito alta,-28.383200000000002,-54.471050000000005,60.34,4317202
4323770,432377,Westfália,RS,Sul,2025,3223,1,0,0,0,3.1,0.0,0.0,0.0,99.98,92.07,84.16,79.41,76.25,68.34,79.41,31.65,11.36,68.35,Muito alta,-29.4122,-51.73635,31.45,4312609
4323804,432380,Xangri-lá,RS,Sul,2025,16949,5,0,0,0,2.95,0.0,0.0,0.0,99.98,92.68,85.38,81.0,78.08,70.78,81.0,29.2,10.48,70.79,Muito alta,-29.810850000000002,-50.06675,14.53,4304630
4300059,430005,Água Santa,RS,Sul,2025,4003,2,0,0,0,5.0,0.0,0.0,0.0,99.98,82.9,65.81,55.56,48.73,31.65,55.56,68.34,24.52,31.65,Alta,-28.212,-52.06515,37.5,4314100
4301552,430155,Áurea,RS,Sul,2025,3458,1,1,0,0,2.89,28.92,0.0,0.0,1.13,18.74,36.36,46.93,53.97,71.58,46.93,70.45,25.28,29.53,Moderada,-27.72305,-52.0729,0.0,4301552
4200051,420005,Abdon Batista,SC,Sul,2025,2629,1,0,0,0,3.8,0.0,0.0,0.0,99.98,88.59,77.19,70.36,65.8,54.41,70.36,45.58,16.35,54.42,Alta,-27.579700000000003,-51.057,37.23,4203402
4200101,420010,Abelardo Luz,SC,Sul,2025,17767,7,0,0,0,3.94,0.0,0.0,0.0,99.98,87.96,75.95,68.74,63.93,51.91,68.74,48.07,17.25,51.92,Alta,-26.5765,-52.254549999999995,30.09,4105706
4200200,420020,Agrolândia,SC,Sul,2025,11646,5,0,0,0,4.29,0.0,0.0,0.0,99.98,86.31,72.64,64.44,58.98,45.31,64.44,54.68,19.62,45.31,Alta,-27.465049999999998,-49.828950000000006,37.16,4214805
4200309,420030,Agronômica,SC,Sul,2025,6511,2,0,0,0,3.07,0.0,0.0,0.0,99.98,92.21,84.45,79.79,76.68,68.91,79.79,31.07,11.15,68.92,Muito alta,-27.32045,-49.718900000000005,17.76,4214805
4200705,420070,Alfredo Wagner,SC,Sul,2025,10963,3,1,0,0,2.74,9.12,0.0,0.0,14.36,29.4,44.44,53.46,59.47,74.51,53.46,60.15,21.58,39.84,Alta,-27.71715,-49.3268,0.0,4200705
4200754,420075,Alto Bela Vista,SC,Sul,2025,1847,1,0,0,0,5.41,0.0,0.0,0.0,99.98,81.28,62.57,51.35,43.87,25.17,51.35,74.82,26.85,25.17,Alta,-27.4135,-51.9208,12.55,4207601
4200804,420080,Anchieta,SC,Sul,2025,5955,2,0,0,0,3.36,0.0,0.0,0.0,99.98,90.84,81.7,76.22,72.56,63.42,76.22,36.56,13.12,63.43,Muito alta,-26.5354,-53.348749999999995,24.64,4203501
4200903,420090,Angelina,SC,Sul,2025,5484,4,1,1,1,7.29,18.23,18.23,18.23,3.97,5.0,6.04,6.66,7.08,8.11,6.66,4.15,1.49,93.21,Baixa,-27.547800000000002,-49.08025,0.0,4200903
4201000,420100,Anita Garibaldi,SC,Sul,2025,8339,2,0,0,0,2.4,0.0,0.0,0.0,99.98,95.03,90.08,87.11,85.13,80.18,87.11,19.8,7.1,80.2,Muito alta,-27.7318,-51.091750000000005,31.04,4203402
4201109,420110,Anitápolis,SC,Sul,2025,3761,1,2,0,0,2.66,53.18,0.0,0.0,0.02,19.0,37.97,49.36,56.95,75.93,49.36,75.91,27.24,24.08,Moderada,-27.8755,-49.16185,0.0,4201109
4201208,420120,Antônio Carlos,SC,Sul,2025,12464,3,0,0,0,2.41,0.0,0.0,0.0,99.98,94.97,89.97,86.96,84.96,79.95,86.96,20.03,7.19,79.96,Muito alta,-27.486,-48.82185,12.85,4202305
4201257,420125,Apiúna,SC,Sul,2025,10041,8,0,0,0,7.97,0.0,0.0,0.0,99.98,76.48,52.97,38.87,29.47,5.96,38.87,94.02,33.74,5.96,Moderada,-27.1217,-49.358050000000006,19.17,4207502
4201273,420127,Arabutã,SC,Sul,2025,4505,2,1,1,0,4.44,22.2,22.2,0.0,2.28,12.29,22.29,28.3,32.3,42.31,28.3,40.03,14.36,59.96,Moderada,-27.1339,-52.1725,0.0,4201273
4201307,420130,Araquari,SC,Sul,2025,52079,11,0,0,0,2.11,0.0,0.0,0.0,99.98,96.11,92.24,89.91,88.36,84.49,89.91,15.49,5.56,84.51,Muito alta,-26.4423,-48.77835,16.6,4206504
4201406,420140,Araranguá,SC,Sul,2025,76611,24,1,1,1,3.13,1.31,1.31,1.31,49.36,53.95,58.54,61.29,63.12,67.71,61.29,18.35,6.58,78.11,Alta,-28.9463,-49.45675,0.0,4201406
4201505,420150,Armazém,SC,Sul,2025,9289,3,1,1,0,3.23,10.77,10.77,0.0,10.64,24.44,38.23,46.51,52.03,65.82,46.51,55.18,19.8,44.81,Moderada,-28.23485,-49.00015,0.0,4201505
4201604,420160,Arroio Trinta,SC,Sul,2025,3634,1,0,0,0,2.75,0.0,0.0,0.0,99.98,93.56,87.13,83.27,80.7,74.28,83.27,25.7,9.22,74.29,Muito alta,-26.92355,-51.34395,21.56,4206801
4201653,420165,Arvoredo,SC,Sul,2025,2623,1,0,0,0,3.81,0.0,0.0,0.0,99.98,88.55,77.12,70.26,65.69,54.26,70.26,45.72,16.4,54.27,Alta,-27.0627,-52.44985,13.2,4219606
4201703,420170,Ascurra,SC,Sul,2025,8720,3,0,0,0,3.44,0.0,0.0,0.0,99.98,90.53,81.07,75.4,71.62,62.16,75.4,37.82,13.57,62.17,Muito alta,-26.96855,-49.3847,15.42,4206900
4201802,420180,Atalanta,SC,Sul,2025,3265,1,0,0,0,3.06,0.0,0.0,0.0,99.98,92.26,84.54,79.9,76.81,69.09,79.9,30.89,11.08,69.1,Muito alta,-27.43365,-49.74575,30.14,4214805
4201901,420190,Aurora,SC,Sul,2025,7241,1,0,0,0,1.38,0.0,0.0,0.0,99.98,98.11,96.24,95.12,94.37,92.5,95.12,7.49,2.69,92.51,Muito alta,-27.3293,-49.5811,16.47,4214805
4201950,420195,Balneário Arroio do Silva,SC,Sul,2025,17786,7,0,0,0,3.94,0.0,0.0,0.0,99.98,88.0,76.03,68.84,64.05,52.07,68.84,47.91,17.19,52.08,Alta,-29.01875,-49.47105,8.18,4201406
4202057,420205,Balneário Barra do Sul,SC,Sul,2025,16953,4,0,0,0,2.36,0.0,0.0,0.0,99.98,95.2,90.41,87.54,85.63,80.85,87.54,19.13,6.87,80.86,Muito alta,-26.454050000000002,-48.65195,18.28,4216206
4202008,420200,Balneário Camboriú,SC,Sul,2025,151674,15,3,3,2,0.99,1.98,1.98,1.32,46.81,58.95,71.09,78.37,83.23,95.37,78.37,48.56,17.42,51.44,Muito alta,-27.010550000000002,-48.6268,0.0,4202008
4202073,420207,Balneário Gaivota,SC,Sul,2025,17986,9,0,0,0,5.0,0.0,0.0,0.0,99.98,82.85,65.72,55.44,48.58,31.45,55.44,68.53,24.59,31.45,Alta,-29.1507,-49.61405,8.74,4217709
4212809,421280,Balneário Piçarras,SC,Sul,2025,30593,10,0,0,0,3.27,0.0,0.0,0.0,99.98,91.26,82.53,77.3,73.81,65.09,77.3,34.89,12.52,65.1,Muito alta,-26.76165,-48.739549999999994,7.48,4211306
4220000,422000,Balneário Rincão,SC,Sul,2025,17697,6,0,0,0,3.39,0.0,0.0,0.0,99.98,90.71,81.44,75.88,72.17,62.9,75.88,37.08,13.31,62.91,Muito alta,-28.8299,-49.25875,6.72,4207007
4202081,420208,Bandeirante,SC,Sul,2025,3265,1,0,0,0,3.06,0.0,0.0,0.0,99.98,92.26,84.54,79.9,76.81,69.09,79.9,30.89,11.08,69.1,Muito alta,-26.76595,-53.6523,17.55,4217204
4202099,420209,Barra Bonita,SC,Sul,2025,1642,2,0,0,0,12.18,0.0,0.0,0.0,99.98,75.18,50.37,35.48,25.56,0.75,35.48,99.23,35.6,0.75,Moderada,-26.67385,-53.439049999999995,7.03,4217204
4202107,420210,Barra Velha,SC,Sul,2025,52860,9,0,0,0,1.7,0.0,0.0,0.0,99.98,97.29,94.61,92.99,91.92,89.23,92.99,10.75,3.86,89.25,Muito alta,-26.650199999999998,-48.7332,18.64,4212502
4202131,420213,Bela Vista do Toldo,SC,Sul,2025,5939,8,0,0,0,13.47,0.0,0.0,0.0,99.98,75.1,50.22,35.29,25.33,0.45,35.29,99.53,35.71,0.45,Moderada,-26.4356,-50.491200000000006,13.13,4203808
4202156,420215,Belmonte,SC,Sul,2025,2712,1,0,0,0,3.69,0.0,0.0,0.0,99.98,89.21,78.44,71.98,67.67,56.9,71.98,43.08,15.46,56.91,Alta,-26.8563,-53.6116,19.53,4217204
4202206,420220,Benedito Novo,SC,Sul,2025,10757,5,0,0,0,4.65,0.0,0.0,0.0,99.98,84.56,69.14,59.89,53.72,38.31,59.89,61.68,22.13,38.31,Alta,-26.7938,-49.439350000000005,17.42,4218202
4202305,420230,Biguaçu,SC,Sul,2025,83756,18,1,1,1,2.15,1.19,1.19,1.19,49.74,58.31,66.87,72.01,75.44,84.01,72.01,34.27,12.3,64.79,Alta,-27.433799999999998,-48.7057,0.0,4202305
4202404,420240,Blumenau,SC,Sul,2025,385558,82,8,7,3,2.13,2.07,1.82,0.78,46.38,55.85,65.31,70.99,74.78,84.24,70.99,37.86,13.58,62.14,Alta,-26.872799999999998,-49.10515,0.0,4202404
4202438,420243,Bocaina do Sul,SC,Sul,2025,3639,1,0,0,0,2.75,0.0,0.0,0.0,99.98,93.56,87.15,83.3,80.73,74.31,83.3,25.67,9.21,74.33,Muito alta,-27.7706,-49.915800000000004,35.02,4202602
4202503,420250,Bom Jardim da Serra,SC,Sul,2025,3995,1,1,0,0,2.5,25.03,0.0,0.0,1.62,20.76,39.91,51.4,59.06,78.21,51.4,76.59,27.48,23.39,Alta,-28.37725,-49.64545,0.0,4202503
4202537,420253,Bom Jesus,SC,Sul,2025,2896,1,0,0,0,3.45,0.0,0.0,0.0,99.98,90.46,80.95,75.24,71.43,61.91,75.24,38.07,13.66,61.92,Muito alta,-26.727249999999998,-52.39165,16.99,4219507
4202578,420257,Bom Jesus do Oeste,SC,Sul,2025,2240,1,0,0,0,4.46,0.0,0.0,0.0,99.98,85.41,70.84,62.1,56.27,41.7,62.1,58.28,20.91,41.71,Alta,-26.68515,-53.097750000000005,11.66,4210902
4202602,420260,Bom Retiro,SC,Sul,2025,8422,2,1,1,0,2.37,11.87,11.87,0.0,9.21,27.06,44.91,55.62,62.76,80.61,55.62,71.41,25.62,28.58,Alta,-27.7768,-49.55995,0.0,4202602
4202453,420245,Bombinhas,SC,Sul,2025,28738,10,0,0,0,3.48,0.0,0.0,0.0,99.98,90.35,80.71,74.93,71.08,61.44,74.93,38.54,13.83,61.45,Alta,-27.161,-48.53005,12.65,4208302
4202701,420270,Botuverá,SC,Sul,2025,5705,4,0,0,0,7.01,0.0,0.0,0.0,99.98,77.36,54.74,41.17,32.12,9.5,41.17,90.49,32.47,9.5,Moderada,-27.214199999999998,-49.1275,12.81,4211504
4202800,420280,Braço do Norte,SC,Sul,2025,35985,16,1,1,1,4.45,2.78,2.78,2.78,42.95,42.74,42.53,42.41,42.32,42.11,42.41,0.84,0.3,84.36,Moderada,-28.25445,-49.1725,0.0,4202800
4202859,420285,Braço do Trombudo,SC,Sul,2025,4256,4,0,0,0,9.4,0.0,0.0,0.0,99.98,75.74,51.51,36.97,27.27,3.03,36.97,96.95,34.79,3.03,Moderada,-27.369149999999998,-49.902649999999994,34.4,4214805
4202875,420287,Brunópolis,SC,Sul,2025,2433,2,0,0,0,8.22,0.0,0.0,0.0,99.98,76.4,52.81,38.66,29.22,5.64,38.66,94.35,33.85,5.64,Moderada,-27.3446,-50.8622,35.16,4205506
4202909,420290,Brusque,SC,Sul,2025,155307,36,3,3,2,2.32,1.93,1.93,1.29,46.99,55.66,64.32,69.52,72.99,81.65,69.52,34.66,12.44,65.33,Alta,-27.1297,-48.9042,0.0,4202909
4203105,420310,Caibi,SC,Sul,2025,6441,4,1,1,1,6.21,15.53,15.53,15.53,5.83,8.21,10.59,12.02,12.97,15.35,12.02,9.51,3.41,87.47,Baixa,-27.028,-53.27315,0.0,4203105
4203154,420315,Calmon,SC,Sul,2025,3519,3,0,0,0,8.53,0.0,0.0,0.0,99.98,76.18,52.37,38.09,28.56,4.76,38.09,95.23,34.17,4.76,Moderada,-26.631149999999998,-51.0195,16.77,4203006
4203204,420320,Camboriú,SC,Sul,2025,117324,11,3,1,1,0.94,2.56,0.85,0.85,44.07,56.95,69.83,77.55,82.71,95.58,77.55,51.52,18.49,48.47,Muito alta,-27.06395,-48.7118,0.0,4203204
4203303,420330,Campo Alegre,SC,Sul,2025,12886,2,1,1,1,1.55,7.76,7.76,7.76,18.11,36.29,54.46,65.37,72.64,90.81,65.37,72.7,26.09,27.29,Alta,-26.1276,-49.189800000000005,0.0,4203303
4203402,420340,Campo Belo do Sul,SC,Sul,2025,7324,1,1,1,1,1.37,13.65,13.65,13.65,7.25,28.61,49.97,62.79,71.33,92.69,62.79,85.44,30.66,14.54,Alta,-27.81835,-50.79175,0.0,4203402
4203501,420350,Campo Erê,SC,Sul,2025,9864,4,1,1,1,4.06,10.14,10.14,10.14,11.52,21.1,30.67,36.41,40.24,49.81,36.41,38.29,13.74,61.71,Moderada,-26.4634,-53.11455,0.0,4203501
4203600,420360,Campos Novos,SC,Sul,2025,39049,11,0,0,0,2.82,0.0,0.0,0.0,99.98,93.2,86.42,82.35,79.64,72.86,82.35,27.12,9.73,72.87,Muito alta,-27.41865,-51.2246,36.67,4206801
4203709,420370,Canelinha,SC,Sul,2025,13618,8,1,1,1,5.87,7.34,7.34,7.34,19.15,19.06,18.96,18.91,18.87,18.78,18.91,0.38,0.14,87.61,Baixa,-27.24645,-48.8087,0.0,4203709
4203808,420380,Canoinhas,SC,Sul,2025,56948,23,1,1,1,4.04,1.76,1.76,1.76,47.84,48.44,49.04,49.4,49.64,50.24,49.4,2.41,0.86,83.3,Moderada,-26.3178,-50.499700000000004,0.0,4203808
4203907,420390,Capinzal,SC,Sul,2025,24414,12,0,0,0,4.92,0.0,0.0,0.0,99.98,83.27,66.55,56.52,49.83,33.12,56.52,66.86,23.99,33.12,Alta,-27.4225,-51.6328,18.24,4207601
4203956,420395,Capivari de Baixo,SC,Sul,2025,25015,12,0,0,0,4.8,0.0,0.0,0.0,99.98,83.8,67.63,57.92,51.45,35.27,57.92,64.71,23.22,35.28,Alta,-28.44815,-48.94775,9.81,4218707
4203253,420325,Capão Alto,SC,Sul,2025,2636,1,0,0,0,3.79,0.0,0.0,0.0,99.98,88.66,77.34,70.54,66.02,54.69,70.54,45.29,16.25,54.7,Alta,-28.0629,-50.63275,28.69,4209300
4204004,420400,Catanduvas,SC,Sul,2025,11033,1,1,0,0,0.91,9.06,0.0,0.0,14.5,34.85,55.21,67.42,75.56,95.91,67.42,81.4,29.21,18.58,Alta,-27.029899999999998,-51.72395,0.0,4204004
4204103,420410,Caxambu do Sul,SC,Sul,2025,4752,3,1,1,1,6.31,21.04,21.04,21.04,2.69,5.6,8.5,10.24,11.4,14.31,10.24,11.61,4.17,87.4,Baixa,-27.152,-52.919250000000005,0.0,4204103
4203006,420300,Caçador,SC,Sul,2025,76298,9,1,1,0,1.18,1.31,1.31,0.0,49.34,60.48,71.62,78.3,82.76,93.9,78.3,44.55,15.99,55.44,Muito alta,-26.7607,-51.105900000000005,0.0,4203006
4204152,420415,Celso Ramos,SC,Sul,2025,2864,1,0,0,0,3.49,0.0,0.0,0.0,99.98,90.26,80.53,74.7,70.81,61.08,74.7,38.9,13.96,61.1,Alta,-27.6649,-51.32505,55.19,4203402
4204178,420417,Cerro Negro,SC,Sul,2025,3303,2,0,0,0,6.06,0.0,0.0,0.0,99.98,79.2,58.43,45.96,37.65,16.87,45.96,83.11,29.82,16.88,Moderada,-27.768250000000002,-50.949200000000005,16.46,4203402
4204194,420419,Chapadão do Lageado,SC,Sul,2025,3053,1,0,0,0,3.28,0.0,0.0,0.0,99.98,91.23,82.48,77.23,73.73,64.98,77.23,35.0,12.56,64.99,Muito alta,-27.58695,-49.554050000000004,21.12,4202602
4204202,420420,Chapecó,SC,Sul,2025,282648,33,5,5,2,1.17,1.77,1.77,0.71,47.71,59.29,70.87,77.81,82.44,94.02,77.81,46.31,16.62,53.68,Muito alta,-27.11315,-52.6649,0.0,4204202
4204251,420425,Cocal do Sul,SC,Sul,2025,18106,8,0,0,0,4.42,0.0,0.0,0.0,99.98,85.66,71.34,62.75,57.02,42.7,62.75,57.28,20.55,42.71,Alta,-28.5995,-49.3234,6.89,4211207
4204301,420430,Concórdia,SC,Sul,2025,87206,21,1,1,0,2.41,1.15,1.15,0.0,49.97,57.46,64.95,69.45,72.44,79.93,69.45,29.96,10.75,68.53,Alta,-27.2419,-52.02915,0.0,4204301
4204350,420435,Cordilheira Alta,SC,Sul,2025,5192,2,0,0,0,3.85,0.0,0.0,0.0,99.98,88.32,76.66,69.66,64.99,53.33,69.66,46.65,16.74,53.34,Alta,-26.978749999999998,-52.65075,10.97,4219705
4204400,420440,Coronel Freitas,SC,Sul,2025,10604,3,1,1,1,2.83,9.43,9.43,9.43,12.96,27.87,42.78,51.73,57.7,72.61,51.73,59.65,21.4,40.34,Alta,-26.88135,-52.7361,0.0,4204400
4204459,420445,Coronel Martins,SC,Sul,2025,1993,1,0,0,0,5.02,0.0,0.0,0.0,99.98,82.81,65.63,55.33,48.46,31.29,55.33,68.7,24.65,31.29,Alta,-26.5424,-52.676249999999996,20.13,4216909
4204558,420455,Correia Pinto,SC,Sul,2025,16253,1,0,0,0,0.62,0.0,0.0,0.0,99.98,99.31,98.64,98.24,97.98,97.31,98.24,2.67,0.96,97.32,Muito alta,-27.602800000000002,-50.3802,44.94,4209300
4204509,420450,Corupá,SC,Sul,2025,15912,6,0,0,0,3.77,0.0,0.0,0.0,99.98,88.75,77.53,70.79,66.3,55.07,70.79,44.91,16.11,55.08,Alta,-26.42755,-49.3296,14.35,4215802
4204608,420460,Criciúma,SC,Sul,2025,227438,55,1,1,1,2.42,0.44,0.44,0.44,51.32,58.45,65.59,69.87,72.72,79.86,69.87,28.54,10.24,69.03,Alta,-28.74455,-49.36005,0.0,4204608
4204707,420470,Cunha Porã,SC,Sul,2025,11242,3,1,1,1,2.67,8.9,8.9,8.9,15.02,30.2,45.38,54.48,60.55,75.73,54.48,60.71,21.78,39.28,Alta,-26.8763,-53.203450000000004,0.0,4204707
4204756,420475,Cunhataí,SC,Sul,2025,2026,1,0,0,0,4.94,0.0,0.0,0.0,99.98,83.16,66.33,56.24,49.51,32.69,56.24,67.29,24.15,32.69,Alta,-26.977849999999997,-53.094849999999994,8.92,4216008
4204806,420480,Curitibanos,SC,Sul,2025,41741,13,0,0,0,3.11,0.0,0.0,0.0,99.98,92.03,84.07,79.3,76.11,68.16,79.3,31.83,11.42,68.17,Muito alta,-27.27735,-50.6141,37.66,4205506
4204905,420490,Descanso,SC,Sul,2025,8652,3,0,0,0,3.47,0.0,0.0,0.0,99.98,90.41,80.83,75.08,71.25,61.68,75.08,38.31,13.74,61.69,Muito alta,-26.8612,-53.495450000000005,15.29,4217204
4205001,420500,Dionísio Cerqueira,SC,Sul,2025,15316,9,1,1,1,5.88,6.53,6.53,6.53,23.12,22.02,20.92,20.26,19.82,18.72,20.26,4.4,1.58,84.17,Baixa,-26.335099999999997,-53.5248,0.0,4205001
4205100,420510,Dona Emma,SC,Sul,2025,4435,3,0,0,0,6.76,0.0,0.0,0.0,99.98,77.71,55.44,42.08,33.17,10.9,42.08,89.09,31.97,10.9,Moderada,-26.9806,-49.79735,5.58,4219408
4205159,420515,Doutor Pedrinho,SC,Sul,2025,3729,2,0,0,0,5.36,0.0,0.0,0.0,99.98,81.43,62.87,51.74,44.31,25.76,51.74,74.22,26.63,25.76,Alta,-26.710900000000002,-49.564750000000004,19.58,4214706
4205175,420517,Entre Rios,SC,Sul,2025,3561,4,0,0,0,11.23,0.0,0.0,0.0,99.98,75.28,50.58,35.76,25.88,1.18,35.76,98.8,35.45,1.18,Moderada,-26.7404,-52.59,13.15,4214201
4205191,420519,Ermo,SC,Sul,2025,2354,2,0,0,0,8.5,0.0,0.0,0.0,99.98,76.2,52.41,38.14,28.63,4.85,38.14,95.14,34.14,4.85,Moderada,-28.98625,-49.653000000000006,10.48,4217709
4205209,420520,Erval Velho,SC,Sul,2025,5137,2,0,0,0,3.89,0.0,0.0,0.0,99.98,88.16,76.34,69.25,64.52,52.7,69.25,47.28,16.97,52.71,Alta,-27.2824,-51.42005,19.13,4206801
4205308,420530,Faxinal dos Guedes,SC,Sul,2025,11537,7,0,0,0,6.07,0.0,0.0,0.0,99.98,79.16,58.35,45.86,37.53,16.71,45.86,83.27,29.88,16.71,Moderada,-26.836199999999998,-52.24235,18.34,4219507
4205357,420535,Flor do Sertão,SC,Sul,2025,1868,1,0,0,0,5.35,0.0,0.0,0.0,99.98,81.48,62.98,51.88,44.48,25.97,51.88,74.01,26.56,25.98,Alta,-26.764,-53.34145,14.43,4210506
4205407,420540,Florianópolis,SC,Sul,2025,587486,55,23,21,3,0.94,3.91,3.57,0.51,36.46,51.24,66.03,74.9,80.82,95.6,74.9,59.15,21.22,40.84,Alta,-27.611150000000002,-48.49345,0.0,4205407
4205431,420543,Formosa do Sul,SC,Sul,2025,2752,1,0,0,0,3.63,0.0,0.0,0.0,99.98,89.5,79.02,72.73,68.53,58.05,72.73,41.93,15.05,58.06,Alta,-26.6363,-52.78885,12.6,4214201
4205456,420545,Forquilhinha,SC,Sul,2025,34771,15,0,0,0,4.31,0.0,0.0,0.0,99.98,86.21,72.43,64.16,58.65,44.88,64.16,55.11,19.77,44.88,Alta,-28.78525,-49.5011,12.46,4211603
4205506,420550,Fraiburgo,SC,Sul,2025,34065,8,1,1,1,2.35,2.94,2.94,2.94,42.02,51.79,61.55,67.41,71.32,81.08,67.41,39.06,14.02,60.93,Alta,-27.028550000000003,-50.872299999999996,0.0,4205506
4205555,420555,Frei Rogério,SC,Sul,2025,2437,1,0,0,0,4.1,0.0,0.0,0.0,99.98,87.24,74.5,66.86,61.76,49.02,66.86,50.96,18.29,49.03,Alta,-27.21195,-50.75955,23.25,4205506
4205605,420560,Galvão,SC,Sul,2025,3168,1,0,0,0,3.16,0.0,0.0,0.0,99.98,91.81,83.64,78.74,75.47,67.29,78.74,32.69,11.73,67.31,Muito alta,-26.4434,-52.650999999999996,21.16,4216909
4205704,420570,Garopaba,SC,Sul,2025,34070,8,0,0,0,2.35,0.0,0.0,0.0,99.98,95.26,90.54,87.71,85.82,81.1,87.71,18.88,6.78,81.11,Muito alta,-28.0313,-48.66135,29.31,4215901
4205803,420580,Garuva,SC,Sul,2025,19970,8,0,0,0,4.01,0.0,0.0,0.0,99.98,87.69,75.39,68.01,63.09,50.8,68.01,49.18,17.65,50.81,Alta,-26.06695,-48.8695,23.19,4209102
4205902,420590,Gaspar,SC,Sul,2025,78344,24,1,1,1,3.06,1.28,1.28,1.28,49.49,54.38,59.27,62.21,64.16,69.05,62.21,19.57,7.02,77.11,Alta,-26.91995,-48.95035,0.0,4205902
4206009,420600,Governador Celso Ramos,SC,Sul,2025,18280,7,0,0,0,3.83,0.0,0.0,0.0,99.98,88.42,76.85,69.91,65.29,53.72,69.91,46.26,16.6,53.73,Alta,-27.38545,-48.577799999999996,13.72,4202305
4206207,420620,Gravatal,SC,Sul,2025,13158,5,0,0,0,3.8,0.0,0.0,0.0,99.98,88.62,77.27,70.45,65.91,54.55,70.45,45.43,16.3,54.56,Alta,-28.347900000000003,-49.02115,12.74,4201505
4206108,420610,Grão-Pará,SC,Sul,2025,6403,4,0,0,0,6.25,0.0,0.0,0.0,99.98,78.72,57.46,44.7,36.2,14.93,44.7,85.05,30.52,14.94,Moderada,-28.115850000000002,-49.31455,18.85,4211702
4206306,420630,Guabiruba,SC,Sul,2025,26645,1,0,0,0,0.38,0.0,0.0,0.0,99.98,99.51,99.03,98.75,98.56,98.08,98.75,1.9,0.68,98.1,Muito alta,-27.10445,-49.036500000000004,13.39,4202909
4206405,420640,Guaraciaba,SC,Sul,2025,11071,4,0,0,0,3.61,0.0,0.0,0.0,99.98,89.57,79.16,72.91,68.75,58.34,72.91,41.64,14.94,58.35,Alta,-26.5823,-53.577600000000004,18.43,4217204
4206504,420650,Guaramirim,SC,Sul,2025,51009,10,1,1,0,1.96,1.96,1.96,0.0,46.9,56.79,66.67,72.6,76.55,86.43,72.6,39.53,14.18,60.47,Alta,-26.47345,-48.9414,0.0,4206504
4206603,420660,Guarujá do Sul,SC,Sul,2025,4893,1,0,0,0,2.04,0.0,0.0,0.0,99.98,96.37,92.75,90.58,89.13,85.51,90.58,14.47,5.19,85.53,Muito alta,-26.396900000000002,-53.4888,7.75,4205001
4206652,420665,Guatambú,SC,Sul,2025,9611,2,0,0,0,2.08,0.0,0.0,0.0,99.98,96.24,92.51,90.26,88.77,85.03,90.26,14.95,5.37,85.04,Muito alta,-27.11085,-52.77975,11.37,4204202
4206702,420670,Herval d'Oeste,SC,Sul,2025,22222,10,0,0,0,4.5,0.0,0.0,0.0,99.98,85.27,70.56,61.74,55.85,41.14,61.74,58.84,21.11,41.15,Alta,-27.189149999999998,-51.410399999999996,9.01,4206801
4206751,420675,Ibiam,SC,Sul,2025,2061,1,0,0,0,4.85,0.0,0.0,0.0,99.98,83.54,67.11,57.24,50.67,34.23,57.24,65.75,23.59,34.24,Alta,-27.21205,-51.21705,18.65,4206801
4206801,420680,Ibicaré,SC,Sul,2025,3295,1,1,0,0,3.03,30.35,0.0,0.0,0.88,18.05,35.22,45.52,52.39,69.56,45.52,68.68,24.64,31.31,Moderada,-27.115850000000002,-51.3715,0.0,4206801
4206900,420690,Ibirama,SC,Sul,2025,20900,7,1,1,1,3.35,4.78,4.78,4.78,31.3,39.37,47.44,52.28,55.51,63.58,52.28,32.27,11.58,67.72,Alta,-27.009999999999998,-49.5332,0.0,4206900
4207106,420710,Ilhota,SC,Sul,2025,18627,6,0,0,0,3.22,0.0,0.0,0.0,99.98,91.48,82.97,77.87,74.47,65.97,77.87,34.02,12.21,65.98,Muito alta,-26.864649999999997,-48.8735,9.79,4205902
4207205,420720,Imaruí,SC,Sul,2025,12150,13,0,0,0,10.7,0.0,0.0,0.0,99.98,75.42,50.86,36.13,26.3,1.74,36.13,98.24,35.25,1.74,Moderada,-28.216450000000002,-48.8403,15.79,4201505
4207304,420730,Imbituba,SC,Sul,2025,57256,24,0,0,0,4.19,0.0,0.0,0.0,99.98,86.83,73.69,65.8,60.54,47.39,65.8,52.59,18.87,47.4,Alta,-28.212,-48.698,29.71,4201505
4207403,420740,Imbuia,SC,Sul,2025,6166,3,0,0,0,4.87,0.0,0.0,0.0,99.98,83.49,66.99,57.09,50.49,34.0,57.09,65.98,23.68,34.0,Alta,-27.51715,-49.39025,23.1,4200705
4207502,420750,Indaial,SC,Sul,2025,77888,31,1,1,0,3.98,1.28,1.28,0.0,49.47,49.91,50.34,50.6,50.78,51.21,50.6,1.74,0.62,84.02,Alta,-26.99695,-49.2244,0.0,4207502
4207577,420757,Iomerê,SC,Sul,2025,2967,1,0,0,0,3.37,0.0,0.0,0.0,99.98,90.78,81.58,76.06,72.38,63.18,76.06,36.8,13.2,63.2,Muito alta,-26.978650000000002,-51.27395,14.4,4219309
4207601,420760,Ipira,SC,Sul,2025,4622,2,1,1,1,4.33,21.64,21.64,21.64,2.48,13.01,23.55,29.87,34.09,44.62,29.87,42.15,15.12,57.85,Moderada,-27.36525,-51.8059,0.0,4207601
4207650,420765,Iporã do Oeste,SC,Sul,2025,9759,2,0,0,0,2.05,0.0,0.0,0.0,99.98,96.34,92.7,90.52,89.06,85.42,90.52,14.56,5.22,85.44,Muito alta,-27.011699999999998,-53.4814,20.71,4203105
4207684,420768,Ipuaçu,SC,Sul,2025,8133,2,0,0,0,2.46,0.0,0.0,0.0,99.98,94.74,89.49,86.34,84.24,79.0,86.34,20.98,7.53,79.01,Muito alta,-26.68945,-52.47795,21.67,4219507
4207700,420770,Ipumirim,SC,Sul,2025,8121,2,1,1,1,2.46,12.31,12.31,12.31,8.72,26.28,43.84,54.38,61.4,78.96,54.38,70.24,25.2,29.75,Alta,-27.041400000000003,-52.146649999999994,0.0,4207700
4207759,420775,Iraceminha,SC,Sul,2025,3981,2,0,0,0,5.02,0.0,0.0,0.0,99.98,82.77,65.55,55.23,48.34,31.13,55.23,68.86,24.71,31.13,Alta,-26.856450000000002,-53.3285,12.6,4204707
4207809,420780,Irani,SC,Sul,2025,10560,4,1,0,0,3.79,9.47,0.0,0.0,12.83,23.32,33.8,40.09,44.28,54.77,40.09,41.93,15.05,58.06,Moderada,-27.0263,-51.90915,0.0,4207809
4207858,420785,Irati,SC,Sul,2025,2098,1,0,0,0,4.77,0.0,0.0,0.0,99.98,84.02,68.06,58.48,52.1,36.13,58.48,63.85,22.91,36.14,Alta,-26.62675,-52.89015,17.69,4216909
4207908,420790,Irineópolis,SC,Sul,2025,10427,2,1,0,1,1.92,9.59,0.0,9.59,12.28,30.91,49.53,60.71,68.16,86.79,60.71,74.51,26.74,25.48,Alta,-26.3564,-50.769450000000006,0.0,4207908
4208104,420810,Itaiópolis,SC,Sul,2025,22906,9,1,0,0,3.93,4.37,0.0,0.0,33.48,38.14,42.8,45.6,47.46,52.13,45.6,18.65,6.69,75.57,Moderada,-26.512999999999998,-49.8889,0.0,4208104
4208203,420820,Itajaí,SC,Sul,2025,294850,43,1,1,0,1.46,0.34,0.34,0.0,51.43,61.51,71.58,77.63,81.66,91.74,77.63,40.32,14.47,58.9,Muito alta,-26.97615,-48.74705,0.0,4208203
4208302,420830,Itapema,SC,Sul,2025,86116,17,1,1,0,1.97,1.16,1.16,0.0,49.87,58.96,68.06,73.52,77.15,86.25,73.52,36.38,13.06,63.0,Alta,-27.099800000000002,-48.6378,0.0,4208302
4208401,420840,Itapiranga,SC,Sul,2025,17268,7,1,1,1,4.05,5.79,5.79,5.79,25.58,31.65,37.73,41.38,43.81,49.88,41.38,24.3,8.72,73.41,Moderada,-27.108800000000002,-53.69245,0.0,4208401
4208450,420845,Itapoá,SC,Sul,2025,36033,13,0,0,0,3.61,0.0,0.0,0.0,99.98,89.6,79.22,72.99,68.84,58.46,72.99,41.52,14.9,58.47,Alta,-26.09205,-48.655699999999996,22.03,4216206
4208500,420850,Ituporanga,SC,Sul,2025,28461,10,0,0,0,3.51,0.0,0.0,0.0,99.98,90.14,80.3,74.4,70.46,60.62,74.4,39.36,14.12,60.63,Alta,-27.44455,-49.5487,29.68,4214805
4208005,420800,Itá,SC,Sul,2025,7370,2,1,1,1,2.71,13.57,13.57,13.57,7.36,24.26,41.15,51.29,58.05,74.94,51.29,67.58,24.25,32.41,Alta,-27.250149999999998,-52.317400000000006,0.0,4208005
4207007,420700,Içara,SC,Sul,2025,63489,28,1,1,1,4.41,1.58,1.58,1.58,48.52,47.11,45.69,44.84,44.28,42.86,44.84,5.65,2.03,81.71,Moderada,-28.769750000000002,-49.26565,0.0,4207007
4208609,420860,Jaborá,SC,Sul,2025,4461,3,0,0,0,6.72,0.0,0.0,0.0,99.98,77.79,55.6,42.29,33.41,11.22,42.29,88.76,31.85,11.22,Moderada,-27.1463,-51.7827,14.19,4204004
4208708,420870,Jacinto Machado,SC,Sul,2025,10818,1,0,0,0,0.92,0.0,0.0,0.0,99.98,98.91,97.85,97.21,96.78,95.71,97.21,4.27,1.53,95.73,Muito alta,-29.0009,-49.83245,19.44,4217709
4208807,420880,Jaguaruna,SC,Sul,2025,21570,12,1,1,0,5.56,4.64,4.64,0.0,32.29,29.95,27.6,26.19,25.25,22.9,26.19,9.39,3.37,78.96,Moderada,-28.67605,-49.031499999999994,0.0,4208807
4208906,420890,Jaraguá do Sul,SC,Sul,2025,199519,38,0,0,0,1.9,0.0,0.0,0.0,99.98,96.7,93.42,91.45,90.14,86.86,91.45,13.12,4.71,86.88,Muito alta,-26.434199999999997,-49.15405,21.61,4206504
4208955,420895,Jardinópolis,SC,Sul,2025,1810,1,0,0,0,5.52,0.0,0.0,0.0,99.98,80.86,61.74,50.27,42.62,23.5,50.27,76.49,27.44,23.5,Alta,-26.7262,-52.8685,14.56,4214201
4209003,420900,Joaçaba,SC,Sul,2025,31809,12,4,4,1,3.77,12.58,12.58,3.14,8.4,20.05,31.7,38.69,43.35,55.0,38.69,46.6,16.72,53.39,Moderada,-27.13935,-51.5863,0.0,4209003
4209102,420910,Joinville,SC,Sul,2025,664541,66,10,8,3,0.99,1.5,1.2,0.45,48.72,60.38,72.03,79.03,83.69,95.35,79.03,46.63,16.73,53.36,Muito alta,-26.2578,-48.96315,0.0,4209102
4209151,420915,José Boiteux,SC,Sul,2025,6415,1,0,0,0,1.56,0.0,0.0,0.0,99.98,97.67,95.36,93.97,93.05,90.74,93.97,9.24,3.32,90.75,Muito alta,-26.856949999999998,-49.6566,20.07,4219408
4209177,420917,Jupiá,SC,Sul,2025,2713,1,0,0,0,3.69,0.0,0.0,0.0,99.98,89.22,78.46,72.0,67.7,56.94,72.0,43.04,15.45,56.95,Alta,-26.40235,-52.703900000000004,17.39,4216909
4209201,420920,Lacerdópolis,SC,Sul,2025,2302,1,0,0,0,4.34,0.0,0.0,0.0,99.98,86.04,72.11,63.74,58.17,44.23,63.74,55.75,20.01,44.24,Alta,-27.24995,-51.5931,12.32,4209003
4209300,420930,Lages,SC,Sul,2025,172458,33,1,1,1,1.91,0.58,0.58,0.58,51.12,60.05,68.97,74.33,77.9,86.82,74.33,35.7,12.81,63.14,Alta,-28.00595,-50.34765,0.0,4209300
4209409,420940,Laguna,SC,Sul,2025,44060,20,1,1,1,4.54,2.27,2.27,2.27,45.5,44.24,42.97,42.21,41.71,40.44,42.21,5.06,1.82,82.33,Moderada,-28.4703,-48.825649999999996,0.0,4209409
4209458,420945,Lajeado Grande,SC,Sul,2025,1791,1,0,0,0,5.58,0.0,0.0,0.0,99.98,80.64,61.3,49.69,41.96,22.62,49.69,77.36,27.76,22.62,Moderada,-26.847099999999998,-52.54565,12.8,4219507
4209508,420950,Laurentino,SC,Sul,2025,8605,2,0,0,0,2.32,0.0,0.0,0.0,99.98,95.36,90.75,87.98,86.13,81.51,87.98,18.47,6.63,81.53,Muito alta,-27.20335,-49.74655,12.44,4214805
4209607,420960,Lauro Müller,SC,Sul,2025,14628,8,0,0,0,5.47,0.0,0.0,0.0,99.98,81.1,62.22,50.9,43.35,24.47,50.9,75.52,27.1,24.47,Alta,-28.384500000000003,-49.45115,14.39,4211702
4209706,420970,Lebon Régis,SC,Sul,2025,11575,1,1,1,1,0.86,8.64,8.64,8.64,15.99,36.03,56.08,68.1,76.12,96.16,68.1,80.17,28.76,19.82,Alta,-26.878,-50.6837,0.0,4209706
4209805,420980,Leoberto Leal,SC,Sul,2025,3379,2,0,0,0,5.92,0.0,0.0,0.0,99.98,79.55,59.11,46.85,38.67,18.24,46.85,81.74,29.33,18.24,Moderada,-27.487949999999998,-49.241749999999996,17.26,4200903
4209854,420985,Lindóia do Sul,SC,Sul,2025,4604,1,0,0,0,2.17,0.0,0.0,0.0,99.98,95.92,91.86,89.42,87.8,83.74,89.42,16.24,5.83,83.75,Muito alta,-27.044249999999998,-52.0583,8.76,4207700
4209904,420990,Lontras,SC,Sul,2025,13829,4,0,0,0,2.89,0.0,0.0,0.0,99.98,92.87,85.77,81.5,78.66,71.55,81.5,28.43,10.2,71.56,Muito alta,-27.189799999999998,-49.519549999999995,10.18,4214805
4210001,421000,Luiz Alves,SC,Sul,2025,12246,6,0,0,0,4.9,0.0,0.0,0.0,99.98,83.35,66.72,56.74,50.09,33.46,56.74,66.52,23.87,33.46,Alta,-26.729,-48.91845,11.55,4210605
4210035,421003,Luzerna,SC,Sul,2025,5951,3,0,0,0,5.04,0.0,0.0,0.0,99.98,82.68,65.38,55.0,48.08,30.78,55.0,69.2,24.83,30.79,Alta,-27.09545,-51.5131,8.74,4209003
4210050,421005,Macieira,SC,Sul,2025,1796,1,0,0,0,5.57,0.0,0.0,0.0,99.98,80.69,61.39,49.81,42.09,22.8,49.81,77.19,27.7,22.8,Moderada,-26.79955,-51.352900000000005,24.9,4203006
4210100,421010,Mafra,SC,Sul,2025,57262,9,1,1,1,1.57,1.75,1.75,1.75,47.85,58.53,69.21,75.61,79.88,90.56,75.61,42.7,15.32,57.29,Muito alta,-26.2414,-49.89645,0.0,4210100
4210209,421020,Major Gercino,SC,Sul,2025,3253,2,0,0,0,6.15,0.0,0.0,0.0,99.98,78.98,57.99,45.39,36.99,15.99,45.39,83.99,30.14,16.0,Moderada,-27.4209,-49.0543,13.16,4211504
4210308,421030,Major Vieira,SC,Sul,2025,7543,1,1,1,1,1.33,13.26,13.26,13.26,7.59,28.94,50.3,63.11,71.65,93.0,63.11,85.41,30.65,14.58,Alta,-26.5083,-50.36365,0.0,4210308
4210407,421040,Maracajá,SC,Sul,2025,8344,2,0,0,0,2.4,0.0,0.0,0.0,99.98,95.05,90.11,87.15,85.17,80.24,87.15,19.75,7.08,80.25,Muito alta,-28.8619,-49.4574,9.39,4201406
4210506,421050,Maravilha,SC,Sul,2025,30743,12,1,1,1,3.9,3.25,3.25,3.25,40.23,43.31,46.39,48.24,49.47,52.56,48.24,12.33,4.42,78.31,Moderada,-26.756,-53.196349999999995,0.0,4210506
4210555,421055,Marema,SC,Sul,2025,2218,1,0,0,0,4.51,0.0,0.0,0.0,99.98,85.22,70.46,61.61,55.7,40.94,61.61,59.04,21.18,40.95,Alta,-26.8087,-52.6338,12.18,4214201
4210605,421060,Massaranduba,SC,Sul,2025,18122,7,1,1,0,3.86,5.52,5.52,0.0,27.32,33.78,40.24,44.11,46.69,53.15,44.11,25.83,9.27,72.32,Moderada,-26.64395,-48.98524999999999,0.0,4210605
4210704,421070,Matos Costa,SC,Sul,2025,2789,1,0,0,0,3.59,0.0,0.0,0.0,99.98,89.71,79.44,73.27,69.17,58.89,73.27,41.09,14.74,58.9,Alta,-26.494300000000003,-51.13215,14.68,4213609
4210803,421080,Meleiro,SC,Sul,2025,7128,1,0,0,0,1.4,0.0,0.0,0.0,99.98,98.06,96.13,94.98,94.21,92.28,94.98,7.7,2.76,92.3,Muito alta,-28.834850000000003,-49.59515,15.23,4211603
4210852,421085,Mirim Doce,SC,Sul,2025,2554,1,0,0,0,3.92,0.0,0.0,0.0,99.98,88.07,76.16,69.02,64.25,52.34,69.02,47.64,17.09,52.35,Alta,-27.174750000000003,-50.17635,42.55,4219408
4210902,421090,Modelo,SC,Sul,2025,4159,1,1,1,1,2.4,24.04,24.04,24.04,1.8,21.36,40.92,52.65,60.48,80.04,52.65,78.24,28.08,21.74,Alta,-26.7761,-53.039249999999996,0.0,4210902
4211009,421100,Mondaí,SC,Sul,2025,10206,4,0,0,0,3.92,0.0,0.0,0.0,99.98,88.06,76.14,68.98,64.21,52.29,68.98,47.69,17.11,52.3,Alta,-27.10575,-53.439049999999995,18.56,4203105
4211058,421105,Monte Carlo,SC,Sul,2025,9218,5,0,0,0,5.42,0.0,0.0,0.0,99.98,81.25,62.52,51.28,43.79,25.06,51.28,74.92,26.88,25.06,Alta,-27.1845,-50.9285,18.21,4205506
4211108,421110,Monte Castelo,SC,Sul,2025,7747,5,0,0,0,6.45,0.0,0.0,0.0,99.98,78.24,56.49,43.44,34.74,13.0,43.44,86.99,31.21,13.0,Moderada,-26.65335,-50.3135,16.88,4210308
4211256,421125,Morro Grande,SC,Sul,2025,3097,2,0,0,0,6.46,0.0,0.0,0.0,99.98,78.23,56.47,43.42,34.72,12.96,43.42,87.02,31.23,12.96,Moderada,-28.7421,-49.7551,17.59,4211603
4211207,421120,Morro da Fumaça,SC,Sul,2025,19490,11,1,1,1,5.64,5.13,5.13,5.13,29.6,27.6,25.61,24.41,23.61,21.61,24.41,7.99,2.87,80.34,Baixa,-28.63715,-49.2674,0.0,4211207
4211306,421130,Navegantes,SC,Sul,2025,96046,20,1,1,1,2.08,1.04,1.04,1.04,50.21,58.91,67.61,72.83,76.31,85.01,72.83,34.81,12.49,64.17,Alta,-26.8268,-48.720600000000005,0.0,4211306
4211405,421140,Nova Erechim,SC,Sul,2025,5490,1,1,1,1,1.82,18.21,18.21,18.21,4.0,24.96,45.93,58.5,66.89,87.85,58.5,83.84,30.09,16.14,Alta,-26.9187,-52.8964,0.0,4211405
4211454,421145,Nova Itaberaba,SC,Sul,2025,4672,1,0,0,0,2.14,0.0,0.0,0.0,99.98,96.01,92.04,89.66,88.07,84.1,89.66,15.89,5.7,84.11,Muito alta,-26.959200000000003,-52.82585,8.32,4211405
4211504,421150,Nova Trento,SC,Sul,2025,14395,5,1,1,1,3.47,6.95,6.95,6.95,21.34,31.38,41.41,47.43,51.44,61.48,47.43,40.14,14.4,59.86,Moderada,-27.30285,-49.04475,0.0,4211504
4211603,421160,Nova Veneza,SC,Sul,2025,14004,8,1,1,1,5.71,7.14,7.14,7.14,20.0,20.21,20.42,20.54,20.63,20.84,20.54,0.84,0.3,86.95,Baixa,-28.698349999999998,-49.5818,0.0,4211603
4211652,421165,Novo Horizonte,SC,Sul,2025,2661,1,0,0,0,3.76,0.0,0.0,0.0,99.98,88.84,77.69,71.0,66.54,55.39,71.0,44.59,16.0,55.4,Alta,-26.49965,-52.7953,7.38,4216909
4211702,421170,Orleans,SC,Sul,2025,24686,14,1,1,1,5.67,4.05,4.05,4.05,35.27,31.78,28.29,26.19,24.8,21.31,26.19,13.97,5.01,75.37,Moderada,-28.2793,-49.36555,0.0,4211702
4211751,421175,Otacílio Costa,SC,Sul,2025,17873,6,0,0,0,3.36,0.0,0.0,0.0,99.98,90.85,81.72,76.24,72.59,63.45,76.24,36.53,13.11,63.46,Muito alta,-27.4923,-49.95635,47.44,4214805
4211801,421180,Ouro,SC,Sul,2025,7062,3,0,0,0,4.25,0.0,0.0,0.0,99.98,86.59,73.19,65.15,59.8,46.4,65.15,53.58,19.23,46.41,Alta,-27.27615,-51.67635,16.19,4207601
4211850,421185,Ouro Verde,SC,Sul,2025,2195,1,0,0,0,4.56,0.0,0.0,0.0,99.98,85.03,70.08,61.11,55.12,40.17,61.11,59.81,21.46,40.18,Alta,-26.7016,-52.27775,24.22,4219507
4211876,421187,Paial,SC,Sul,2025,2007,1,0,0,0,4.98,0.0,0.0,0.0,99.98,82.95,65.92,55.7,48.89,31.86,55.7,68.12,24.44,31.87,Alta,-27.212699999999998,-52.47325,15.96,4208005
4211892,421189,Painel,SC,Sul,2025,2216,1,0,0,0,4.51,0.0,0.0,0.0,99.98,85.2,70.43,61.56,55.65,40.87,61.56,59.11,21.21,40.88,Alta,-27.97905,-50.0394,30.41,4209300
4211900,421190,Palhoça,SC,Sul,2025,253469,24,1,1,0,0.95,0.39,0.39,0.0,51.37,62.41,73.45,80.08,84.49,95.53,80.08,44.16,15.84,55.73,Muito alta,-27.765749999999997,-48.66095,0.0,4211900
4212007,421200,Palma Sola,SC,Sul,2025,7696,2,0,0,0,2.6,0.0,0.0,0.0,99.98,94.24,88.5,85.06,82.76,77.02,85.06,22.96,8.24,77.04,Muito alta,-26.3821,-53.2849,19.22,4203501
4212056,421205,Palmeira,SC,Sul,2025,2658,4,0,0,0,15.05,0.0,0.0,0.0,99.98,75.04,50.11,35.15,25.17,0.23,35.15,99.75,35.79,0.23,Moderada,-27.5743,-50.17285,50.98,4209300
4212106,421210,Palmitos,SC,Sul,2025,15781,3,0,0,0,1.9,0.0,0.0,0.0,99.98,96.71,93.43,91.46,90.15,86.88,91.46,13.1,4.7,86.89,Muito alta,-27.07685,-53.19685,9.31,4203105
4212205,421220,Papanduva,SC,Sul,2025,19769,3,0,0,0,1.52,0.0,0.0,0.0,99.98,97.79,95.59,94.28,93.4,91.2,94.28,8.78,3.15,91.22,Muito alta,-26.5131,-50.1796,18.32,4210308
4212239,421223,Paraíso,SC,Sul,2025,4394,1,0,0,0,2.28,0.0,0.0,0.0,99.98,95.54,91.11,88.44,86.67,82.23,88.44,17.75,6.37,82.24,Muito alta,-26.66495,-53.6678,19.62,4217204
4212254,421225,Passo de Torres,SC,Sul,2025,14859,2,0,0,0,1.35,0.0,0.0,0.0,99.98,98.2,96.41,95.34,94.62,92.84,95.34,7.14,2.56,92.85,Muito alta,-29.265700000000002,-49.718450000000004,11.15,4321501
4212270,421227,Passos Maia,SC,Sul,2025,3997,1,0,0,0,2.5,0.0,0.0,0.0,99.98,94.54,89.1,85.84,83.67,78.23,85.84,21.76,7.81,78.24,Muito alta,-26.70295,-51.9529,33.08,4117602
4212304,421230,Paulo Lopes,SC,Sul,2025,9879,3,0,0,0,3.04,0.0,0.0,0.0,99.98,92.36,84.73,80.16,77.11,69.48,80.16,30.5,10.94,69.5,Muito alta,-27.9443,-48.74035000000001,20.05,4215901
4212403,421240,Pedras Grandes,SC,Sul,2025,4355,2,0,0,0,4.59,0.0,0.0,0.0,99.98,84.81,69.65,60.55,54.48,39.31,60.55,60.67,21.77,39.32,Alta,-28.49,-49.198800000000006,10.71,4218400
4212502,421250,Penha,SC,Sul,2025,36995,11,2,1,1,2.97,5.41,2.7,2.7,27.88,38.53,49.19,55.59,59.85,70.51,55.59,42.63,15.3,57.36,Alta,-26.8066,-48.66575,0.0,4212502
4212601,421260,Peritiba,SC,Sul,2025,3040,1,0,0,0,3.29,0.0,0.0,0.0,99.98,91.19,82.4,77.13,73.61,64.82,77.13,35.16,12.62,64.83,Muito alta,-27.3612,-51.878550000000004,7.19,4207601
4212650,421265,Pescaria Brava,SC,Sul,2025,10615,5,0,0,0,4.71,0.0,0.0,0.0,99.98,84.29,68.6,59.18,52.9,37.21,59.18,62.77,22.52,37.22,Alta,-28.4116,-48.87625,8.19,4209409
4212700,421270,Petrolândia,SC,Sul,2025,6996,3,0,0,0,4.29,0.0,0.0,0.0,99.98,86.34,72.71,64.52,59.07,45.43,64.52,54.55,19.57,45.44,Alta,-27.553800000000003,-49.6845,27.66,4202602
4212908,421290,Pinhalzinho,SC,Sul,2025,23897,8,1,1,1,3.35,4.18,4.18,4.18,34.3,41.63,48.95,53.34,56.27,63.6,53.34,29.29,10.51,69.84,Alta,-26.820999999999998,-52.9787,0.0,4212908
4213005,421300,Pinheiro Preto,SC,Sul,2025,3631,1,0,0,0,2.75,0.0,0.0,0.0,99.98,93.55,87.11,83.25,80.68,74.24,83.25,25.74,9.24,74.25,Muito alta,-27.05415,-51.2375,13.18,4219309
4213104,421310,Piratuba,SC,Sul,2025,6144,1,0,0,0,1.63,0.0,0.0,0.0,99.98,97.47,94.96,93.46,92.46,89.95,93.46,10.03,3.6,89.96,Muito alta,-27.45715,-51.7778,10.59,4207601
4213153,421315,Planalto Alegre,SC,Sul,2025,3081,1,0,0,0,3.25,0.0,0.0,0.0,99.98,91.36,82.74,77.57,74.12,65.5,77.57,34.48,12.37,65.51,Muito alta,-27.04305,-52.867149999999995,13.17,4204103
4213203,421320,Pomerode,SC,Sul,2025,37003,12,1,1,1,3.24,2.7,2.7,2.7,43.3,48.86,54.43,57.78,60.0,65.57,57.78,22.28,7.99,76.55,Alta,-26.725050000000003,-49.17215,0.0,4213203
4213302,421330,Ponte Alta,SC,Sul,2025,4390,2,0,0,0,4.56,0.0,0.0,0.0,99.98,85.03,70.08,61.11,55.12,40.17,61.11,59.81,21.46,40.18,Alta,-27.40795,-50.2813,66.81,4209300
4213351,421335,Ponte Alta do Norte,SC,Sul,2025,3241,4,0,0,0,12.34,0.0,0.0,0.0,99.98,75.16,50.34,35.45,25.52,0.7,35.45,99.28,35.62,0.7,Moderada,-27.180799999999998,-50.42659999999999,42.22,4209706
4213401,421340,Ponte Serrada,SC,Sul,2025,10732,3,0,0,0,2.8,0.0,0.0,0.0,99.98,93.34,86.69,82.7,80.04,73.4,82.7,26.58,9.54,73.41,Muito alta,-26.8597,-51.92525,18.59,4207809
4213500,421350,Porto Belo,SC,Sul,2025,31557,9,0,0,0,2.85,0.0,0.0,0.0,99.98,93.05,86.12,81.96,79.18,72.25,81.96,27.73,9.95,72.26,Muito alta,-27.1642,-48.5991,8.12,4208302
4213609,421360,Porto União,SC,Sul,2025,33694,13,1,1,1,3.86,2.97,2.97,2.97,41.82,44.68,47.54,49.26,50.4,53.26,49.26,11.43,4.1,78.92,Moderada,-26.3959,-51.0339,0.0,4213609
4213708,421370,Pouso Redondo,SC,Sul,2025,18051,6,0,0,0,3.32,0.0,0.0,0.0,99.98,91.03,82.09,76.72,73.14,64.19,76.72,35.79,12.84,64.2,Muito alta,-27.30135,-49.9765,37.3,4214805
4213807,421380,Praia Grande,SC,Sul,2025,8696,2,0,0,0,2.3,0.0,0.0,0.0,99.98,95.45,90.93,88.21,86.4,81.87,88.21,18.11,6.5,81.89,Muito alta,-29.21165,-49.9855,21.69,4321501
4213906,421390,Presidente Castello Branco,SC,Sul,2025,1707,1,0,0,0,5.86,0.0,0.0,0.0,99.98,79.71,59.44,47.28,39.17,18.9,47.28,81.08,29.09,18.9,Moderada,-27.2395,-51.778949999999995,14.23,4207601
4214003,421400,Presidente Getúlio,SC,Sul,2025,21764,5,0,0,0,2.3,0.0,0.0,0.0,99.98,95.46,90.94,88.23,86.43,81.91,88.23,18.08,6.49,81.92,Muito alta,-27.0351,-49.715500000000006,15.63,4219408
4214102,421410,Presidente Nereu,SC,Sul,2025,2347,3,0,0,0,12.78,0.0,0.0,0.0,99.98,75.14,50.3,35.39,25.45,0.61,35.39,99.37,35.66,0.61,Moderada,-27.25735,-49.341499999999996,28.89,4214805
4214151,421415,Princesa,SC,Sul,2025,3073,1,0,0,0,3.25,0.0,0.0,0.0,99.98,91.32,82.65,77.45,73.99,65.32,77.45,34.66,12.44,65.33,Muito alta,-26.426450000000003,-53.6148,13.55,4205001
4214201,421420,Quilombo,SC,Sul,2025,11433,2,1,1,1,1.75,8.75,8.75,8.75,15.62,33.89,52.15,63.12,70.42,88.69,63.12,73.07,26.22,26.91,Alta,-26.73265,-52.7221,0.0,4214201
4214300,421430,Rancho Queimado,SC,Sul,2025,3484,1,0,0,0,2.87,0.0,0.0,0.0,99.98,92.97,85.95,81.75,78.94,71.93,81.75,28.06,10.07,71.94,Muito alta,-27.67955,-49.08485,14.66,4200903
4214904,421490,Rio Fortuna,SC,Sul,2025,5044,1,0,0,0,1.98,0.0,0.0,0.0,99.98,96.51,93.04,90.95,89.56,86.09,90.95,13.89,4.99,86.1,Muito alta,-28.08025,-49.18645,19.42,4202800
4215000,421500,Rio Negrinho,SC,Sul,2025,40132,12,1,1,1,2.99,2.49,2.49,2.49,44.44,50.89,57.33,61.2,63.78,70.22,61.2,25.78,9.25,73.39,Alta,-26.44935,-49.601,0.0,4215000
4215059,421505,Rio Rufino,SC,Sul,2025,2429,2,0,0,0,8.23,0.0,0.0,0.0,99.98,76.39,52.8,38.65,29.21,5.62,38.65,94.36,33.86,5.62,Moderada,-27.91785,-49.7384,23.53,4202602
4214409,421440,Rio das Antas,SC,Sul,2025,6399,2,0,0,0,3.13,0.0,0.0,0.0,99.98,91.93,83.87,79.04,75.82,67.76,79.04,32.22,11.56,67.77,Muito alta,-26.909750000000003,-51.019099999999995,13.78,4219309
4214508,421450,Rio do Campo,SC,Sul,2025,6638,2,0,0,0,3.01,0.0,0.0,0.0,99.98,92.46,84.94,80.43,77.42,69.9,80.43,30.08,10.79,69.91,Muito alta,-26.91095,-50.120400000000004,28.56,4219408
4214607,421460,Rio do Oeste,SC,Sul,2025,8071,4,0,0,0,4.96,0.0,0.0,0.0,99.98,83.06,66.14,55.98,49.21,32.29,55.98,67.69,24.29,32.3,Alta,-27.143050000000002,-49.83785,21.84,4214805
4214805,421480,Rio do Sul,SC,Sul,2025,77451,26,1,1,1,3.36,1.29,1.29,1.29,49.43,52.94,56.45,58.56,59.96,63.47,58.56,14.04,5.04,81.69,Alta,-27.18575,-49.62235,0.0,4214805
4214706,421470,Rio dos Cedros,SC,Sul,2025,11218,1,1,1,0,0.89,8.91,8.91,0.0,14.97,35.23,55.49,67.65,75.75,96.02,67.65,81.04,29.08,18.94,Alta,-26.63075,-49.3893,0.0,4214706
4215075,421507,Riqueza,SC,Sul,2025,4828,2,0,0,0,4.14,0.0,0.0,0.0,99.98,87.08,74.18,66.44,61.28,48.38,66.44,51.61,18.52,48.38,Alta,-26.9851,-53.3488,8.88,4203105
4215109,421510,Rodeio,SC,Sul,2025,13491,8,0,0,0,5.93,0.0,0.0,0.0,99.98,79.52,59.06,46.79,38.61,18.15,46.79,81.83,29.36,18.15,Moderada,-26.88715,-49.3596,12.45,4218202
4215208,421520,Romelândia,SC,Sul,2025,4684,1,0,0,0,2.13,0.0,0.0,0.0,99.98,96.02,92.07,89.69,88.11,84.15,89.69,15.83,5.68,84.17,Muito alta,-26.6546,-53.30845,15.85,4210506
4215307,421530,Salete,SC,Sul,2025,7656,6,0,0,0,7.84,0.0,0.0,0.0,99.98,76.58,53.17,39.12,29.76,6.35,39.12,93.63,33.6,6.36,Moderada,-26.958399999999997,-50.0193,18.39,4219408
4215356,421535,Saltinho,SC,Sul,2025,3604,1,0,0,0,2.77,0.0,0.0,0.0,99.98,93.43,86.88,82.95,80.33,73.77,82.95,26.21,9.4,73.79,Muito alta,-26.58755,-53.0245,16.46,4203501
4215406,421540,Salto Veloso,SC,Sul,2025,4495,1,0,0,0,2.22,0.0,0.0,0.0,99.98,95.72,91.46,88.9,87.19,82.93,88.9,17.05,6.12,82.94,Muito alta,-26.89085,-51.436949999999996,25.85,4206801
4215455,421545,Sangão,SC,Sul,2025,13797,6,0,0,0,4.35,0.0,0.0,0.0,99.98,86.02,72.05,63.67,58.09,44.12,63.67,55.86,20.04,44.13,Alta,-28.646,-49.1265,8.57,4218400
4215505,421550,Santa Cecília,SC,Sul,2025,15749,5,0,0,0,3.17,0.0,0.0,0.0,99.98,91.73,83.49,78.54,75.24,66.99,78.54,32.99,11.84,67.0,Muito alta,-26.8841,-50.45915,22.28,4209706
4215554,421555,Santa Helena,SC,Sul,2025,2476,1,0,0,0,4.04,0.0,0.0,0.0,99.98,87.55,75.11,67.65,62.68,50.24,67.65,49.74,17.85,50.25,Alta,-26.918999999999997,-53.6057,22.79,4208401
4215604,421560,Santa Rosa de Lima,SC,Sul,2025,2131,1,0,0,0,4.69,0.0,0.0,0.0,99.98,84.38,68.78,59.43,53.19,37.59,59.43,62.39,22.39,37.59,Alta,-28.0154,-49.176050000000004,15.62,4201109
4215653,421565,Santa Rosa do Sul,SC,Sul,2025,10450,4,0,0,0,3.83,0.0,0.0,0.0,99.98,88.42,76.86,69.93,65.3,53.74,69.93,46.24,16.59,53.75,Alta,-29.12255,-49.7452,9.98,4217709
4215679,421567,Santa Terezinha,SC,Sul,2025,8015,3,0,0,0,3.74,0.0,0.0,0.0,99.98,88.89,77.8,71.14,66.7,55.61,71.14,44.37,15.92,55.62,Alta,-26.6598,-49.981899999999996,18.76,4208104
4215687,421568,Santa Terezinha do Progresso,SC,Sul,2025,2534,1,0,0,0,3.95,0.0,0.0,0.0,99.98,87.92,75.85,68.61,63.78,51.71,68.61,48.27,17.32,51.72,Alta,-26.58535,-53.160250000000005,14.3,4203501
4215695,421569,Santiago do Sul,SC,Sul,2025,1732,1,0,0,0,5.77,0.0,0.0,0.0,99.98,79.95,59.92,47.9,39.89,19.85,47.9,80.13,28.75,19.86,Moderada,-26.628300000000003,-52.6874,12.1,4214201
4215703,421570,Santo Amaro da Imperatriz,SC,Sul,2025,30099,8,1,1,0,2.66,3.32,3.32,0.0,39.83,48.86,57.89,63.31,66.92,75.95,63.31,36.12,12.96,63.88,Alta,-27.73805,-48.79815,0.0,4215703
4217303,421730,Saudades,SC,Sul,2025,10799,3,1,1,0,2.78,9.26,9.26,0.0,13.82,28.8,43.77,52.76,58.75,73.72,52.76,59.9,21.49,40.09,Alta,-26.8868,-53.0312,0.0,4217303
4217402,421740,Schroeder,SC,Sul,2025,21710,10,0,0,0,4.61,0.0,0.0,0.0,99.98,84.76,69.53,60.39,54.3,39.08,60.39,60.9,21.85,39.08,Alta,-26.3735,-49.07415,16.97,4209102
4217501,421750,Seara,SC,Sul,2025,19399,7,0,0,0,3.61,0.0,0.0,0.0,99.98,89.59,79.2,72.97,68.82,58.43,72.97,41.55,14.91,58.44,Alta,-27.13665,-52.36755,13.56,4208005
4217550,421755,Serra Alta,SC,Sul,2025,3370,1,0,0,0,2.97,0.0,0.0,0.0,99.98,92.64,85.3,80.89,77.96,70.62,80.89,29.37,10.54,70.63,Muito alta,-26.6906,-53.024699999999996,9.62,4210902
4217600,421760,Siderópolis,SC,Sul,2025,14156,7,0,0,0,4.94,0.0,0.0,0.0,99.98,83.1,66.21,56.08,49.32,32.44,56.08,67.55,24.24,32.44,Alta,-28.5684,-49.52735,15.4,4211603
4217709,421770,Sombrio,SC,Sul,2025,31722,8,1,1,1,2.52,3.15,3.15,3.15,40.62,49.97,59.32,64.92,68.66,78.01,64.92,37.39,13.42,62.6,Alta,-29.0805,-49.65445,0.0,4217709
4217758,421775,Sul Brasil,SC,Sul,2025,2900,1,0,0,0,3.45,0.0,0.0,0.0,99.98,90.49,80.99,75.29,71.5,62.0,75.29,37.98,13.63,62.01,Muito alta,-26.69845,-52.94915,12.43,4210902
4215802,421580,São Bento do Sul,SC,Sul,2025,87661,25,2,2,2,2.85,2.28,2.28,2.28,45.43,52.14,58.85,62.87,65.56,72.27,62.87,26.84,9.63,72.37,Alta,-26.2985,-49.328050000000005,0.0,4215802
4215752,421575,São Bernardino,SC,Sul,2025,2715,1,0,0,0,3.68,0.0,0.0,0.0,99.98,89.23,78.48,72.03,67.73,56.97,72.03,43.01,15.43,56.98,Alta,-26.487099999999998,-52.992599999999996,12.42,4203501
4215901,421590,São Bonifácio,SC,Sul,2025,2982,1,1,1,0,3.35,33.53,33.53,0.0,0.59,16.32,32.05,41.49,47.78,63.51,41.49,62.92,22.58,37.07,Moderada,-27.94755,-48.9444,0.0,4215901
4216008,421600,São Carlos,SC,Sul,2025,10462,4,1,1,1,3.82,9.56,9.56,9.56,12.46,22.82,33.18,39.4,43.54,53.9,39.4,41.45,14.87,58.55,Moderada,-27.0355,-53.0322,0.0,4216008
4216057,421605,São Cristóvão do Sul,SC,Sul,2025,6489,4,0,0,0,6.16,0.0,0.0,0.0,99.98,78.94,57.89,45.26,36.84,15.8,45.26,84.19,30.21,15.8,Moderada,-27.292650000000002,-50.34165,57.21,4209706
4216107,421610,São Domingos,SC,Sul,2025,9343,4,0,0,0,4.28,0.0,0.0,0.0,99.98,86.4,72.81,64.66,59.23,45.65,64.66,54.33,19.5,45.66,Alta,-26.53725,-52.55715,27.22,4214201
4216206,421620,São Francisco do Sul,SC,Sul,2025,56726,18,1,1,1,3.17,1.76,1.76,1.76,47.77,52.58,57.39,60.27,62.2,67.01,60.27,19.24,6.9,77.88,Alta,-26.28985,-48.6439,0.0,4216206
4216503,421650,São Joaquim,SC,Sul,2025,26982,2,0,0,0,0.74,0.0,0.0,0.0,99.98,99.19,98.39,97.92,97.6,96.8,97.92,3.18,1.14,96.82,Muito alta,-28.29475,-50.04835,40.49,4202503
4216602,421660,São José,SC,Sul,2025,295658,28,5,2,1,0.95,1.69,0.68,0.34,48.07,59.93,71.79,78.91,83.65,95.51,78.91,47.44,17.02,52.55,Muito alta,-27.5899,-48.657849999999996,0.0,4216602
4216701,421670,São José do Cedro,SC,Sul,2025,14538,5,0,0,0,3.44,0.0,0.0,0.0,99.98,90.54,81.09,75.42,71.64,62.2,75.42,37.78,13.56,62.21,Muito alta,-26.4878,-53.54485,17.1,4205001
4216800,421680,São José do Cerrito,SC,Sul,2025,8706,2,0,0,0,2.3,0.0,0.0,0.0,99.98,95.47,90.95,88.24,86.44,81.92,88.24,18.06,6.48,81.94,Muito alta,-27.604599999999998,-50.67505,26.4,4203402
4216305,421630,São João Batista,SC,Sul,2025,35336,11,2,1,1,3.11,5.66,2.83,2.83,26.39,36.85,47.32,53.6,57.78,68.25,53.6,41.86,15.02,58.13,Alta,-27.32615,-48.8683,0.0,4216305
4216354,421635,São João do Itaperiú,SC,Sul,2025,4827,5,0,0,0,10.36,0.0,0.0,0.0,99.98,75.51,51.04,36.36,26.57,2.1,36.36,97.88,35.12,2.1,Moderada,-26.5971,-48.8006,19.08,4210605
4216255,421625,São João do Oeste,SC,Sul,2025,6467,2,0,0,0,3.09,0.0,0.0,0.0,99.98,92.12,84.25,79.53,76.38,68.52,79.53,31.47,11.29,68.53,Muito alta,-27.087699999999998,-53.59135,10.28,4208401
4216404,421640,São João do Sul,SC,Sul,2025,9278,3,0,0,0,3.23,0.0,0.0,0.0,99.98,91.43,82.88,77.76,74.34,65.79,77.76,34.19,12.27,65.8,Muito alta,-29.19055,-49.83485,15.68,4321501
4216909,421690,São Lourenço do Oeste,SC,Sul,2025,26056,7,1,1,1,2.69,3.84,3.84,3.84,36.85,46.48,56.11,61.89,65.74,75.37,61.89,38.52,13.82,61.47,Alta,-26.469749999999998,-52.8615,0.0,4216909
4217006,421700,São Ludgero,SC,Sul,2025,14444,6,0,0,0,4.15,0.0,0.0,0.0,99.98,87.02,74.06,66.29,61.1,48.14,66.29,51.84,18.6,48.15,Alta,-28.3512,-49.1627,10.8,4202800
4217105,421710,São Martinho,SC,Sul,2025,3520,2,0,0,0,5.68,0.0,0.0,0.0,99.98,80.27,60.55,48.73,40.84,21.13,48.73,78.85,28.29,21.13,Moderada,-28.1135,-48.966499999999996,13.89,4201505
4217154,421715,São Miguel da Boa Vista,SC,Sul,2025,1777,1,0,0,0,5.63,0.0,0.0,0.0,99.98,80.46,60.94,49.23,41.42,21.9,49.23,78.08,28.02,21.9,Moderada,-26.68705,-53.246449999999996,9.14,4210506
4217204,421720,São Miguel do Oeste,SC,Sul,2025,47724,17,3,3,2,3.56,6.29,6.29,4.19,23.84,32.73,41.63,46.96,50.52,59.41,46.96,35.58,12.77,64.42,Moderada,-26.724249999999998,-53.4818,0.0,4217204
4217253,421725,São Pedro de Alcântara,SC,Sul,2025,6175,3,0,0,0,4.86,0.0,0.0,0.0,99.98,83.52,67.05,57.17,50.59,34.12,57.17,65.86,23.63,34.13,Alta,-27.58595,-48.8388,17.38,4215703
4217808,421780,Taió,SC,Sul,2025,18909,10,0,0,0,5.29,0.0,0.0,0.0,99.98,81.74,63.5,52.55,45.26,27.01,52.55,72.97,26.18,27.02,Alta,-27.091450000000002,-50.09775,30.86,4219408
4217907,421790,Tangará,SC,Sul,2025,8144,2,0,0,0,2.46,0.0,0.0,0.0,99.98,94.75,89.53,86.39,84.3,79.07,86.39,20.91,7.5,79.08,Muito alta,-27.1548,-51.13175,18.8,4219309
4217956,421795,Tigrinhos,SC,Sul,2025,2535,1,0,0,0,3.94,0.0,0.0,0.0,99.98,87.94,75.89,68.67,63.85,51.8,68.67,48.18,17.29,51.81,Alta,-26.680100000000003,-53.1583,9.25,4210506
4218004,421800,Tijucas,SC,Sul,2025,58695,8,0,0,0,1.36,0.0,0.0,0.0,99.98,98.17,96.36,95.27,94.54,92.73,95.27,7.25,2.6,92.75,Muito alta,-27.2481,-48.69955,10.79,4203709
4218103,421810,Timbé do Sul,SC,Sul,2025,5503,3,0,0,0,5.45,0.0,0.0,0.0,99.98,81.18,62.38,51.09,43.57,24.77,51.09,75.21,26.99,24.78,Alta,-28.82495,-49.8474,29.47,4211603
4218202,421820,Timbó,SC,Sul,2025,49768,16,1,1,1,3.21,2.01,2.01,2.01,46.63,51.51,56.39,59.32,61.27,66.15,59.32,19.51,7.0,78.01,Alta,-26.8134,-49.2652,0.0,4218202
4218251,421825,Timbó Grande,SC,Sul,2025,7521,3,0,0,0,3.99,0.0,0.0,0.0,99.98,87.75,75.53,68.19,63.3,51.07,68.19,48.91,17.55,51.08,Alta,-26.64065,-50.67415,26.41,4209706
4218350,421835,Treviso,SC,Sul,2025,3920,1,0,0,0,2.55,0.0,0.0,0.0,99.98,94.4,88.83,85.48,83.25,77.67,85.48,22.31,8.01,77.68,Muito alta,-28.5004,-49.49575,20.04,4202503
4218509,421850,Treze Tílias,SC,Sul,2025,9531,3,0,0,0,3.15,0.0,0.0,0.0,99.98,91.84,83.7,78.82,75.56,67.42,78.82,32.56,11.68,67.43,Muito alta,-26.9393,-51.437250000000006,20.68,4206801
4218400,421840,Treze de Maio,SC,Sul,2025,7633,4,1,1,1,5.24,13.1,13.1,13.1,7.79,12.77,17.74,20.73,22.72,27.7,20.73,19.91,7.14,78.15,Baixa,-28.56945,-49.13675,0.0,4218400
4218608,421860,Trombudo Central,SC,Sul,2025,7599,4,0,0,0,5.26,0.0,0.0,0.0,99.98,81.82,63.66,52.76,45.5,27.34,52.76,72.64,26.07,27.34,Alta,-27.313299999999998,-49.8217,24.28,4214805
4218301,421830,Três Barras,SC,Sul,2025,20525,3,1,1,1,1.46,4.87,4.87,4.87,30.96,46.15,61.33,70.44,76.51,91.69,70.44,60.73,21.79,39.26,Alta,-26.16935,-50.262299999999996,0.0,4218301
4218707,421870,Tubarão,SC,Sul,2025,116725,37,3,3,1,3.17,2.57,2.57,0.86,44.0,49.78,55.56,59.02,61.34,67.12,59.02,23.12,8.3,75.58,Alta,-28.47855,-49.042,0.0,4218707
4218756,421875,Tunápolis,SC,Sul,2025,5081,2,0,0,0,3.94,0.0,0.0,0.0,99.98,88.0,76.02,68.83,64.04,52.06,68.83,47.93,17.2,52.06,Alta,-26.993299999999998,-53.6459,13.65,4208401
4218806,421880,Turvo,SC,Sul,2025,13604,7,0,0,0,5.15,0.0,0.0,0.0,99.98,82.27,64.55,53.92,46.83,29.12,53.92,70.87,25.43,29.12,Alta,-28.8939,-49.70085,21.23,4217709
4218855,421885,União do Oeste,SC,Sul,2025,2791,1,0,0,0,3.58,0.0,0.0,0.0,99.98,89.72,79.46,73.3,69.19,58.93,73.3,41.05,14.73,58.94,Alta,-26.7902,-52.862049999999996,12.07,4212908
4218905,421890,Urubici,SC,Sul,2025,11064,6,0,0,0,5.42,0.0,0.0,0.0,99.98,81.26,62.53,51.29,43.8,25.08,51.29,74.91,26.88,25.08,Alta,-28.0658,-49.57455,31.36,4211702
4218954,421895,Urupema,SC,Sul,2025,2751,1,0,0,0,3.64,0.0,0.0,0.0,99.98,89.49,78.99,72.69,68.49,58.0,72.69,41.99,15.07,58.01,Alta,-28.0076,-49.899649999999994,42.11,4202602
4219002,421900,Urussanga,SC,Sul,2025,21464,9,0,0,0,4.19,0.0,0.0,0.0,99.98,86.82,73.67,65.77,60.51,47.35,65.77,52.63,18.88,47.36,Alta,-28.493000000000002,-49.32465,16.98,4211207
4219150,421915,Vargem,SC,Sul,2025,2613,1,0,0,0,3.83,0.0,0.0,0.0,99.98,88.43,76.88,69.95,65.33,53.78,69.95,46.2,16.58,53.79,Alta,-27.468049999999998,-50.94795,41.88,4203402
4219176,421917,Vargem Bonita,SC,Sul,2025,4597,1,0,0,0,2.18,0.0,0.0,0.0,99.98,95.91,91.84,89.4,87.77,83.7,89.4,16.28,5.84,83.72,Muito alta,-26.94535,-51.74815,9.7,4204004
4219101,421910,Vargeão,SC,Sul,2025,3726,1,0,0,0,2.68,0.0,0.0,0.0,99.98,93.85,87.71,84.03,81.58,75.44,84.03,24.54,8.8,75.46,Muito alta,-26.8037,-52.1219,26.54,4207700
4219200,421920,Vidal Ramos,SC,Sul,2025,6266,2,0,0,0,3.19,0.0,0.0,0.0,99.98,91.65,83.32,78.33,75.0,66.67,78.33,33.32,11.95,66.68,Muito alta,-27.4018,-49.3467,30.9,4200903
4219309,421930,Videira,SC,Sul,2025,59074,21,1,1,0,3.55,1.69,1.69,0.0,48.05,50.95,53.84,55.58,56.74,59.63,55.58,11.58,4.15,84.04,Alta,-26.98575,-51.12885,0.0,4219309
4219358,421935,Vitor Meireles,SC,Sul,2025,5507,2,0,0,0,3.63,0.0,0.0,0.0,99.98,89.51,79.03,72.75,68.56,58.09,72.75,41.9,15.03,58.1,Alta,-26.8168,-49.83795,14.03,4219408
4219408,421940,Witmarsum,SC,Sul,2025,4513,1,1,0,0,2.22,22.16,0.0,0.0,2.32,22.52,42.73,54.85,62.94,83.14,54.85,80.83,29.0,19.16,Alta,-26.9429,-49.83455,0.0,4219408
4219507,421950,Xanxerê,SC,Sul,2025,54891,15,2,1,1,2.73,3.64,1.82,1.82,38.14,47.25,56.35,61.82,65.46,74.56,61.82,36.42,13.07,63.57,Alta,-26.877699999999997,-52.4213,0.0,4219507
4219606,421960,Xavantina,SC,Sul,2025,3583,2,1,0,0,5.58,27.91,0.0,0.0,1.24,6.59,11.94,15.15,17.29,22.64,15.15,21.4,7.68,78.6,Baixa,-27.01795,-52.3264,0.0,4219606
4219705,421970,Xaxim,SC,Sul,2025,34485,12,1,1,1,3.48,2.9,2.9,2.9,42.25,47.05,51.84,54.72,56.63,61.43,54.72,19.17,6.88,77.83,Alta,-26.9753,-52.54015,0.0,4219705
4219853,421985,Zortéa,SC,Sul,2025,4257,1,0,0,0,2.35,0.0,0.0,0.0,99.98,95.25,90.51,87.67,85.78,81.04,87.67,18.94,6.8,81.06,Muito alta,-27.4833,-51.53655,29.65,4207601
4200408,420040,Água Doce,SC,Sul,2025,6587,5,0,0,0,7.59,0.0,0.0,0.0,99.98,76.75,53.53,39.59,30.3,7.07,39.59,92.91,33.34,7.07,Moderada,-26.8176,-51.6332,25.26,4204004
4200556,420055,Águas Frias,SC,Sul,2025,3000,1,0,0,0,3.33,0.0,0.0,0.0,99.98,90.99,82.0,76.6,73.0,64.01,76.6,35.97,12.91,64.02,Muito alta,-26.84535,-52.852549999999994,9.24,4211405
4200606,420060,Águas Mornas,SC,Sul,2025,7193,2,0,0,0,2.78,0.0,0.0,0.0,99.98,93.41,86.83,82.89,80.26,73.69,82.89,26.3,9.44,73.7,Muito alta,-27.745849999999997,-48.930400000000006,13.04,4215703
4200507,420050,Águas de Chapecó,SC,Sul,2025,6123,3,0,0,0,4.9,0.0,0.0,0.0,99.98,83.35,66.72,56.74,50.09,33.46,56.74,66.52,23.87,33.46,Alta,-27.053449999999998,-52.9699,6.48,4216008
2800100,280010,Amparo do São Francisco,SE,Nordeste,2025,2202,1,0,0,0,4.54,0.0,0.0,0.0,99.98,85.09,70.2,61.27,55.31,40.42,61.27,59.56,21.37,40.43,Alta,-10.1741,-36.913,9.05,2708204
2800209,280020,Aquidabã,SE,Nordeste,2025,20556,8,1,1,0,3.89,4.86,4.86,0.0,31.02,36.45,41.88,45.14,47.31,52.74,45.14,21.72,7.79,74.17,Moderada,-10.26905,-37.046549999999996,0.0,2800209
2800308,280030,Aracaju,SE,Nordeste,2025,630932,47,45,35,5,0.74,7.13,5.55,0.79,20.03,39.22,58.4,69.91,77.58,96.77,69.91,76.74,27.53,23.25,Alta,-11.01235,-37.1038,0.0,2800308
2800407,280040,Arauá,SE,Nordeste,2025,10464,5,0,0,0,4.78,0.0,0.0,0.0,99.98,83.94,67.9,58.27,51.85,35.81,58.27,64.17,23.03,35.82,Alta,-11.25445,-37.589150000000004,20.28,2802106
2800506,280050,Areia Branca,SE,Nordeste,2025,18626,9,0,0,0,4.83,0.0,0.0,0.0,99.98,83.63,67.28,57.47,50.92,34.57,57.47,65.41,23.47,34.58,Alta,-10.78565,-37.32385,13.01,2805901
2800605,280060,Barra dos Coqueiros,SE,Nordeste,2025,45175,13,0,0,0,2.88,0.0,0.0,0.0,99.98,92.92,85.86,81.62,78.79,71.73,81.62,28.25,10.14,71.74,Muito alta,-10.84925,-36.94625,24.93,2804805
2800670,280067,Boquim,SE,Nordeste,2025,25007,14,0,0,0,5.6,0.0,0.0,0.0,99.98,80.58,61.18,49.54,41.78,22.38,49.54,77.6,27.84,22.39,Moderada,-11.09985,-37.61775,21.59,2805802
2800704,280070,Brejo Grande,SE,Nordeste,2025,8025,2,0,0,0,2.49,0.0,0.0,0.0,99.98,94.6,89.21,85.98,83.83,78.44,85.98,21.54,7.73,78.46,Muito alta,-10.47245,-36.49065,26.83,2706703
2801009,280100,Campo do Brito,SE,Nordeste,2025,18719,6,0,0,0,3.21,0.0,0.0,0.0,99.98,91.56,83.14,78.08,74.71,66.29,78.08,33.69,12.09,66.3,Muito alta,-10.7851,-37.498599999999996,12.48,2802908
2801108,280110,Canhoba,SE,Nordeste,2025,3850,4,0,0,0,10.39,0.0,0.0,0.0,99.98,75.5,51.01,36.32,26.53,2.05,36.32,97.94,35.14,2.05,Moderada,-10.14855,-37.0342,13.47,2800209
2801207,280120,Canindé de São Francisco,SE,Nordeste,2025,33641,10,1,1,1,2.97,2.97,2.97,2.97,41.79,48.98,56.17,60.48,63.35,70.54,60.48,28.76,10.32,71.24,Alta,-9.7289,-37.86345,0.0,2801207
2801306,280130,Capela,SE,Nordeste,2025,32783,4,2,1,0,1.22,6.1,3.05,0.0,24.41,41.73,59.04,69.43,76.35,93.66,69.43,69.25,24.85,30.74,Alta,-10.485199999999999,-37.03685,0.0,2801306
2801405,280140,Carira,SE,Nordeste,2025,20314,4,1,0,1,1.97,4.92,0.0,4.92,30.64,44.56,58.48,66.83,72.4,86.32,66.83,55.68,19.98,44.31,Alta,-10.35255,-37.714349999999996,0.0,2801405
2801504,280150,Carmópolis,SE,Nordeste,2025,14203,7,0,0,0,4.93,0.0,0.0,0.0,99.98,83.21,66.44,56.38,49.67,32.9,56.38,67.08,24.07,32.91,Alta,-10.6618,-36.95555,21.55,2801306
2801603,280160,Cedro de São João,SE,Nordeste,2025,5474,3,0,0,0,5.48,0.0,0.0,0.0,99.98,81.02,62.05,50.67,43.09,24.12,50.67,75.86,27.22,24.13,Alta,-10.273499999999999,-36.898399999999995,12.89,2805703
2801702,280170,Cristinápolis,SE,Nordeste,2025,17594,1,0,0,0,0.57,0.0,0.0,0.0,99.98,99.36,98.73,98.36,98.11,97.49,98.36,2.5,0.9,97.5,Muito alta,-11.482,-37.7327,19.98,2927002
2801900,280190,Cumbe,SE,Nordeste,2025,3872,2,0,0,0,5.17,0.0,0.0,0.0,99.98,82.19,64.4,53.72,46.6,28.81,53.72,71.17,25.54,28.82,Alta,-10.32705,-37.1894,16.91,2800209
2802007,280200,Divina Pastora,SE,Nordeste,2025,4436,3,0,0,0,6.76,0.0,0.0,0.0,99.98,77.71,55.45,42.09,33.18,10.91,42.09,89.07,31.96,10.92,Moderada,-10.6795,-37.149,9.45,2805901
2802106,280210,Estância,SE,Nordeste,2025,67060,17,2,2,1,2.54,2.98,2.98,1.49,41.7,50.74,59.77,65.2,68.81,77.85,65.2,36.15,12.97,63.84,Alta,-11.2558,-37.4032,0.0,2802106
2802205,280220,Feira Nova,SE,Nordeste,2025,6358,2,0,0,0,3.15,0.0,0.0,0.0,99.98,91.85,83.72,78.84,75.59,67.46,78.84,32.53,11.67,67.47,Muito alta,-10.2975,-37.31835,28.3,2804508
2802304,280230,Frei Paulo,SE,Nordeste,2025,14921,8,0,0,0,5.36,0.0,0.0,0.0,99.98,81.44,62.89,51.76,44.34,25.79,51.76,74.19,26.62,25.8,Alta,-10.50815,-37.59855,21.44,2801405
2802403,280240,Gararu,SE,Nordeste,2025,11294,7,0,0,0,6.2,0.0,0.0,0.0,99.98,78.83,57.68,44.99,36.53,15.38,44.99,84.6,30.36,15.39,Moderada,-10.029,-37.1868,29.04,2709202
2802502,280250,General Maynard,SE,Nordeste,2025,3118,0,0,0,0,0.0,0.0,0.0,0.0,99.98,99.98,99.98,99.98,99.98,99.98,99.98,0.0,0.0,100.0,Muito alta,-10.69425,-36.96395,24.57,2801306
2802601,280260,Graccho Cardoso,SE,Nordeste,2025,5910,2,0,0,0,3.38,0.0,0.0,0.0,99.98,90.73,81.48,75.92,72.22,62.97,75.92,37.01,13.28,62.98,Muito alta,-10.23775,-37.234849999999994,20.9,2800209
2802700,280270,Ilha das Flores,SE,Nordeste,2025,8499,3,0,0,0,3.53,0.0,0.0,0.0,99.98,90.02,80.07,74.09,70.11,60.15,74.09,39.83,14.29,60.16,Alta,-10.457699999999999,-36.54475,25.67,2706703
2802809,280280,Indiaroba,SE,Nordeste,2025,16991,6,0,0,0,3.53,0.0,0.0,0.0,99.98,90.02,80.06,74.08,70.1,60.13,74.08,39.85,14.3,60.14,Alta,-11.469100000000001,-37.5102,26.43,2802106
2802908,280290,Itabaiana,SE,Nordeste,2025,109250,25,5,4,1,2.29,4.58,3.66,0.92,32.6,44.96,57.31,64.73,69.67,82.03,64.73,49.43,17.74,50.56,Alta,-10.6989,-37.4255,0.0,2802908
2803005,280300,Itabaianinha,SE,Nordeste,2025,42230,14,1,0,1,3.32,2.37,0.0,2.37,45.07,49.9,54.72,57.62,59.54,64.37,57.62,19.3,6.92,78.4,Alta,-11.26925,-37.799800000000005,0.0,2803005
2803104,280310,Itabi,SE,Nordeste,2025,4816,0,0,0,0,0.0,0.0,0.0,0.0,99.98,99.98,99.98,99.98,99.98,99.98,99.98,0.0,0.0,100.0,Muito alta,-10.111799999999999,-37.141149999999996,20.32,2800209
2803203,280320,Itaporanga d'Ajuda,SE,Nordeste,2025,36074,15,0,0,0,4.16,0.0,0.0,0.0,99.98,86.99,73.99,66.19,60.99,48.0,66.19,51.98,18.65,48.01,Alta,-11.0577,-37.32235,15.67,2806701
2803302,280330,Japaratuba,SE,Nordeste,2025,16451,8,0,0,0,4.86,0.0,0.0,0.0,99.98,83.5,67.03,57.14,50.55,34.07,57.14,65.91,23.65,34.08,Alta,-10.53645,-36.8963,15.0,2803401
2803401,280340,Japoatã,SE,Nordeste,2025,13723,12,1,1,1,8.74,7.29,7.29,7.29,19.33,15.56,11.79,9.53,8.02,4.25,9.53,15.08,5.41,82.6,Baixa,-10.436499999999999,-36.80415,0.0,2803401
2803500,280350,Lagarto,SE,Nordeste,2025,105957,23,4,4,1,2.17,3.78,3.78,0.94,37.16,48.81,60.46,67.45,72.11,83.76,67.45,46.6,16.72,53.39,Alta,-10.89015,-37.6657,0.0,2803500
2803609,280360,Laranjeiras,SE,Nordeste,2025,24047,9,0,0,0,3.74,0.0,0.0,0.0,99.98,88.89,77.8,71.15,66.72,55.63,71.15,44.35,15.92,55.64,Alta,-10.8032,-37.1913,8.05,2804805
2803708,280370,Macambira,SE,Nordeste,2025,7048,3,0,0,0,4.26,0.0,0.0,0.0,99.98,86.54,73.1,65.04,59.66,46.22,65.04,53.76,19.29,46.23,Alta,-10.661,-37.584649999999996,17.89,2802908
2803807,280380,Malhada dos Bois,SE,Nordeste,2025,3674,2,0,0,0,5.44,0.0,0.0,0.0,99.98,81.21,62.44,51.18,43.67,24.9,51.18,75.09,26.94,24.9,Alta,-10.33475,-36.956,12.31,2800209
2803906,280390,Malhador,SE,Nordeste,2025,11712,3,0,0,0,2.56,0.0,0.0,0.0,99.98,94.38,88.77,85.41,83.17,77.56,85.41,22.42,8.04,77.58,Muito alta,-10.667850000000001,-37.28335,9.4,2805901
2804003,280400,Maruim,SE,Nordeste,2025,15956,6,0,0,0,3.76,0.0,0.0,0.0,99.98,88.79,77.61,70.89,66.42,55.23,70.89,44.75,16.06,55.24,Alta,-10.7207,-37.11,12.17,2805901
2804102,280410,Moita Bonita,SE,Nordeste,2025,11297,3,0,0,0,2.66,0.0,0.0,0.0,99.98,93.98,87.97,84.37,81.97,75.96,84.37,24.02,8.62,75.98,Muito alta,-10.59855,-37.32125,15.95,2802908
2804201,280420,Monte Alegre de Sergipe,SE,Nordeste,2025,14781,5,0,0,0,3.38,0.0,0.0,0.0,99.98,90.73,81.48,75.94,72.24,62.99,75.94,37.0,13.27,63.0,Muito alta,-10.0718,-37.611000000000004,14.15,2804508
2804300,280430,Muribeca,SE,Nordeste,2025,8059,7,0,0,0,8.69,0.0,0.0,0.0,99.98,76.07,52.16,37.82,28.25,4.34,37.82,95.64,34.32,4.34,Moderada,-10.375900000000001,-36.96055,14.74,2801306
2804409,280440,Neópolis,SE,Nordeste,2025,16473,9,0,0,0,5.46,0.0,0.0,0.0,99.98,81.13,62.29,50.98,43.44,24.59,50.98,75.39,27.05,24.6,Alta,-10.3757,-36.6761,15.55,2803401
2804458,280445,Nossa Senhora Aparecida,SE,Nordeste,2025,9534,4,0,0,0,4.2,0.0,0.0,0.0,99.98,86.79,73.6,65.69,60.42,47.23,65.69,52.76,18.93,47.24,Alta,-10.35615,-37.50735,19.72,2804508
2804508,280450,Nossa Senhora da Glória,SE,Nordeste,2025,43686,16,1,1,1,3.66,2.29,2.29,2.29,45.4,48.38,51.36,53.14,54.33,57.31,53.14,11.92,4.28,80.66,Alta,-10.183800000000002,-37.5497,0.0,2804508
2804607,280460,Nossa Senhora das Dores,SE,Nordeste,2025,25569,10,0,0,0,3.91,0.0,0.0,0.0,99.98,88.1,76.22,69.09,64.33,52.45,69.09,47.53,17.06,52.46,Alta,-10.4611,-37.2365,21.99,2801306
2804706,280470,Nossa Senhora de Lourdes,SE,Nordeste,2025,6409,3,0,0,0,4.68,0.0,0.0,0.0,99.98,84.43,68.87,59.54,53.32,37.77,59.54,62.22,22.32,37.77,Alta,-10.0796,-37.00745,16.7,2708204
2804805,280480,Nossa Senhora do Socorro,SE,Nordeste,2025,204081,43,1,1,1,2.11,0.49,0.49,0.49,51.25,59.6,67.96,72.97,76.31,84.67,72.97,33.42,11.99,65.03,Alta,-10.8734,-37.173249999999996,0.0,2804805
2804904,280490,Pacatuba,SE,Nordeste,2025,12690,8,0,0,0,6.3,0.0,0.0,0.0,99.98,78.58,57.18,44.34,35.78,14.38,44.34,85.6,30.72,14.38,Moderada,-10.515350000000002,-36.621849999999995,21.78,2803401
2805000,280500,Pedra Mole,SE,Nordeste,2025,2811,4,0,0,0,14.23,0.0,0.0,0.0,99.98,75.06,50.14,35.19,25.22,0.31,35.19,99.68,35.77,0.31,Moderada,-10.624600000000001,-37.6794,20.5,2807105
2805109,280510,Pedrinhas,SE,Nordeste,2025,7355,4,0,0,0,5.44,0.0,0.0,0.0,99.98,81.22,62.46,51.2,43.7,24.93,51.2,75.05,26.93,24.94,Alta,-11.20525,-37.6505,17.77,2803005
2805208,280520,Pinhão,SE,Nordeste,2025,5759,3,0,0,0,5.21,0.0,0.0,0.0,99.98,82.05,64.12,53.36,46.19,28.25,53.36,71.73,25.74,28.26,Alta,-10.5699,-37.7597,18.16,2923803
2805307,280530,Pirambu,SE,Nordeste,2025,8021,3,0,0,0,3.74,0.0,0.0,0.0,99.98,88.9,77.82,71.17,66.74,55.66,71.17,44.32,15.9,55.67,Alta,-10.65955,-36.798199999999994,24.81,2803401
2805604,280560,Porto da Folha,SE,Nordeste,2025,27348,1,1,1,0,0.37,3.66,3.66,0.0,38.09,53.1,68.1,77.11,83.11,98.12,77.11,60.03,21.54,39.96,Muito alta,-9.905100000000001,-37.446250000000006,0.0,2805604
2805406,280540,Poço Redondo,SE,Nordeste,2025,29238,11,1,1,1,3.76,3.42,3.42,3.42,39.26,43.24,47.22,49.61,51.2,55.18,49.61,15.92,5.71,76.64,Moderada,-9.8494,-37.6875,0.0,2805406
2805505,280550,Poço Verde,SE,Nordeste,2025,22217,8,0,0,0,3.6,0.0,0.0,0.0,99.98,89.64,79.29,73.09,68.95,58.61,73.09,41.37,14.85,58.62,Alta,-10.8218,-38.10425,28.52,2900355
2805703,280570,Propriá,SE,Nordeste,2025,27213,9,1,1,1,3.31,3.67,3.67,3.67,38.04,44.65,51.26,55.22,57.87,64.48,55.22,26.44,9.49,73.29,Alta,-10.243400000000001,-36.78465,0.0,2805703
2805901,280590,Riachuelo,SE,Nordeste,2025,8853,6,1,1,1,6.78,11.3,11.3,11.3,9.96,10.18,10.39,10.52,10.61,10.82,10.52,0.86,0.31,92.14,Baixa,-10.72635,-37.221199999999996,0.0,2805901
2805802,280580,Riachão do Dantas,SE,Nordeste,2025,18541,5,1,0,1,2.7,5.39,0.0,5.39,28.0,39.83,51.65,58.75,63.48,75.3,58.75,47.3,16.97,52.69,Alta,-11.0191,-37.797650000000004,0.0,2805802
2806008,280600,Ribeirópolis,SE,Nordeste,2025,17365,1,0,0,0,0.58,0.0,0.0,0.0,99.98,99.35,98.73,98.35,98.1,97.47,98.35,2.51,0.9,97.49,Muito alta,-10.49805,-37.434,22.35,2802908
2806107,280610,Rosário do Catete,SE,Nordeste,2025,9507,4,0,0,0,4.21,0.0,0.0,0.0,99.98,86.73,73.47,65.52,60.21,46.96,65.52,53.02,19.03,46.97,Alta,-10.68145,-37.0209,21.89,2801306
2806206,280620,Salgado,SE,Nordeste,2025,20825,11,0,0,0,5.28,0.0,0.0,0.0,99.98,81.76,63.54,52.61,45.32,27.1,52.61,72.88,26.15,27.11,Alta,-11.0631,-37.47095,22.67,2802106
2806305,280630,Santa Luzia do Itanhy,SE,Nordeste,2025,14003,8,0,0,0,5.71,0.0,0.0,0.0,99.98,80.18,60.38,48.5,40.59,20.79,48.5,79.2,28.42,20.79,Moderada,-11.3699,-37.536150000000006,19.26,2802106
2806503,280650,Santa Rosa de Lima,SE,Nordeste,2025,4049,2,0,0,0,4.94,0.0,0.0,0.0,99.98,83.12,66.26,56.15,49.4,32.54,56.15,67.44,24.2,32.55,Alta,-10.6358,-37.2416,10.31,2805901
2806404,280640,Santana do São Francisco,SE,Nordeste,2025,7549,4,0,0,0,5.3,0.0,0.0,0.0,99.98,81.7,63.43,52.46,45.15,26.87,52.46,73.11,26.23,26.88,Alta,-10.28665,-36.6355,16.15,2706703
2806602,280660,Santo Amaro das Brotas,SE,Nordeste,2025,11289,1,0,0,0,0.89,0.0,0.0,0.0,99.98,99.0,98.03,97.44,97.05,96.07,97.44,3.91,1.4,96.09,Muito alta,-10.78485,-36.979299999999995,23.36,2804805
2807105,280710,Simão Dias,SE,Nordeste,2025,44503,20,1,0,0,4.49,2.25,0.0,0.0,45.63,44.54,43.46,42.81,42.37,41.29,42.81,4.34,1.56,82.8,Moderada,-10.74075,-37.82515,0.0,2807105
2807204,280720,Siriri,SE,Nordeste,2025,7981,3,0,0,0,3.76,0.0,0.0,0.0,99.98,88.81,77.64,70.94,66.47,55.3,70.94,44.68,16.03,55.31,Alta,-10.560649999999999,-37.13955,14.02,2801306
2806701,280670,São Cristóvão,SE,Nordeste,2025,101213,22,2,1,0,2.17,1.98,0.99,0.0,46.83,56.05,65.28,70.81,74.5,83.72,70.81,36.89,13.24,63.11,Alta,-10.9688,-37.210899999999995,0.0,2806701
2806800,280680,São Domingos,SE,Nordeste,2025,10559,2,0,0,0,1.89,0.0,0.0,0.0,99.98,96.73,93.48,91.52,90.22,86.97,91.52,13.01,4.67,86.98,Muito alta,-10.77045,-37.5626,16.96,2802908
2806909,280690,São Francisco,SE,Nordeste,2025,3330,2,0,0,0,6.01,0.0,0.0,0.0,99.98,79.33,58.67,46.28,38.01,17.36,46.28,82.62,29.65,17.36,Moderada,-10.33225,-36.8642,13.17,2805703
2807006,280700,São Miguel do Aleixo,SE,Nordeste,2025,3471,2,0,0,0,5.76,0.0,0.0,0.0,99.98,79.97,59.96,47.96,39.95,19.94,47.96,80.04,28.72,19.95,Moderada,-10.37425,-37.34315,30.97,2804508
2807303,280730,Telha,SE,Nordeste,2025,3389,2,0,0,0,5.9,0.0,0.0,0.0,99.98,79.6,59.22,46.99,38.84,18.45,46.99,81.53,29.25,18.46,Moderada,-10.187850000000001,-36.894149999999996,9.21,2708204
2807402,280740,Tobias Barreto,SE,Nordeste,2025,52783,18,0,0,0,3.41,0.0,0.0,0.0,99.98,90.62,81.26,75.64,71.9,62.54,75.64,37.44,13.44,62.55,Muito alta,-11.081399999999999,-37.986999999999995,21.79,2805802
2807501,280750,Tomar do Geru,SE,Nordeste,2025,12094,5,0,0,0,4.13,0.0,0.0,0.0,99.98,87.13,74.28,66.57,61.43,48.57,66.57,51.41,18.45,48.58,Alta,-11.37605,-37.8718,14.24,2803005
2807600,280760,Umbaúba,SE,Nordeste,2025,24618,6,0,0,0,2.44,0.0,0.0,0.0,99.98,94.81,89.64,86.54,84.47,79.3,86.54,20.68,7.42,79.32,Muito alta,-11.39535,-37.666250000000005,20.21,2803005
3500105,350010,Adamantina,SP,Sudeste,2025,35673,9,1,0,0,2.52,2.8,0.0,0.0,42.81,51.61,60.4,65.68,69.2,77.99,65.68,35.18,12.62,64.81,Alta,-21.5822,-51.07145,0.0,3500105
3500204,350020,Adolfo,SP,Sudeste,2025,4505,1,0,0,0,2.22,0.0,0.0,0.0,99.98,95.76,91.54,89.0,87.31,83.09,89.0,16.89,6.06,83.11,Muito alta,-21.2834,-49.65925,34.13,3541604
3500303,350030,Aguaí,SP,Sudeste,2025,32886,7,1,0,0,2.13,3.04,0.0,0.0,41.48,52.15,62.83,69.23,73.5,84.17,69.23,42.69,15.32,57.31,Alta,-22.05705,-47.0475,0.0,3500303
3500709,350070,Agudos,SP,Sudeste,2025,38988,7,1,1,1,1.8,2.56,2.56,2.56,44.01,55.05,66.09,72.72,77.13,88.17,72.72,44.16,15.84,55.83,Alta,-22.557949999999998,-49.11725,0.0,3500709
3500758,350075,Alambari,SP,Sudeste,2025,6373,2,0,0,0,3.14,0.0,0.0,0.0,99.98,91.89,83.79,78.93,75.7,67.6,78.93,32.38,11.62,67.61,Muito alta,-23.54725,-47.8733,16.87,3510302
3500808,350080,Alfredo Marcondes,SP,Sudeste,2025,4574,2,0,0,0,4.37,0.0,0.0,0.0,99.98,85.89,71.8,63.35,57.71,43.62,63.35,56.36,20.22,43.63,Alta,-21.936799999999998,-51.396950000000004,5.35,3541406
3500907,350090,Altair,SP,Sudeste,2025,3467,3,0,0,0,8.65,0.0,0.0,0.0,99.98,76.1,52.22,37.89,28.33,4.45,37.89,95.53,34.28,4.45,Moderada,-20.534399999999998,-49.10485,24.54,3533908
3501004,350100,Altinópolis,SP,Sudeste,2025,17197,8,1,1,1,4.65,5.81,5.81,5.81,25.44,28.63,31.83,33.75,35.03,38.23,33.75,12.8,4.59,79.84,Moderada,-21.008499999999998,-47.40475,0.0,3501004
3501103,350110,Alto Alegre,SP,Sudeste,2025,3874,3,0,0,0,7.74,0.0,0.0,0.0,99.98,76.65,53.31,39.31,29.98,6.64,39.31,93.34,33.49,6.64,Moderada,-21.6122,-50.18044999999999,25.01,3537305
3501152,350115,Alumínio,SP,Sudeste,2025,17607,2,0,0,0,1.14,0.0,0.0,0.0,99.98,98.56,97.14,96.28,95.71,94.29,96.28,5.69,2.04,94.31,Muito alta,-23.533549999999998,-47.276799999999994,13.83,3557006
3501509,350150,Alvinlândia,SP,Sudeste,2025,2919,1,0,0,0,3.43,0.0,0.0,0.0,99.98,90.58,81.18,75.54,71.78,62.38,75.54,37.61,13.49,62.39,Muito alta,-22.451349999999998,-49.7607,25.72,3516705
3501608,350160,Americana,SP,Sudeste,2025,247571,26,4,3,1,1.05,1.62,1.21,0.4,48.29,59.97,71.65,78.66,83.33,95.01,78.66,46.72,16.77,53.27,Muito alta,-22.724249999999998,-47.29115,0.0,3501608
3501905,350190,Amparo,SP,Sudeste,2025,69792,19,1,0,0,2.72,1.43,0.0,0.0,48.91,55.38,61.85,65.73,68.31,74.78,65.73,25.87,9.28,72.08,Alta,-22.69465,-46.80685,0.0,3501905
3501707,350170,Américo Brasiliense,SP,Sudeste,2025,33708,6,1,1,0,1.78,2.97,2.97,0.0,41.84,53.47,65.1,72.07,76.72,88.35,72.07,46.51,16.69,53.48,Alta,-21.7243,-48.0278,0.0,3501707
3501806,350180,Américo de Campos,SP,Sudeste,2025,5981,3,0,0,0,5.02,0.0,0.0,0.0,99.98,82.81,65.64,55.34,48.47,31.3,55.34,68.68,24.64,31.31,Alta,-20.28965,-49.75765,51.34,3532603
3502002,350200,Analândia,SP,Sudeste,2025,4694,2,0,0,0,4.26,0.0,0.0,0.0,99.98,86.51,73.03,64.94,59.55,46.08,64.94,53.9,19.34,46.09,Alta,-22.126800000000003,-47.67505,30.7,3543907
3502101,350210,Andradina,SP,Sudeste,2025,61625,8,0,0,0,1.3,0.0,0.0,0.0,99.98,98.29,96.59,95.57,94.89,93.2,95.57,6.79,2.43,93.21,Muito alta,-20.8639,-51.3061,68.04,3526001
3502200,350220,Angatuba,SP,Sudeste,2025,24573,6,0,0,0,2.44,0.0,0.0,0.0,99.98,94.8,89.62,86.51,84.43,79.25,86.51,20.73,7.44,79.26,Muito alta,-23.4463,-48.4229,38.39,3522307
3502309,350230,Anhembi,SP,Sudeste,2025,5766,4,0,0,0,6.94,0.0,0.0,0.0,99.98,77.45,54.92,41.4,32.39,9.85,41.4,90.13,32.34,9.86,Moderada,-22.80435,-48.1666,21.92,3512308
3502408,350240,Anhumas,SP,Sudeste,2025,4118,2,0,0,0,4.86,0.0,0.0,0.0,99.98,83.53,67.08,57.21,50.63,34.18,57.21,65.81,23.61,34.18,Alta,-22.3596,-51.4345,34.75,3541208
3502507,350250,Aparecida,SP,Sudeste,2025,33141,11,0,0,0,3.32,0.0,0.0,0.0,99.98,91.05,82.11,76.75,73.18,64.24,76.75,35.74,12.82,64.25,Muito alta,-22.916150000000002,-45.2367,11.43,3518404
3502606,350260,Aparecida d'Oeste,SP,Sudeste,2025,4112,2,0,0,0,4.86,0.0,0.0,0.0,99.98,83.5,67.02,57.13,50.53,34.05,57.13,65.93,23.66,34.06,Alta,-20.4746,-50.91465,43.97,3524808
3502705,350270,Apiaí,SP,Sudeste,2025,24857,9,0,0,0,3.62,0.0,0.0,0.0,99.98,89.54,79.09,72.82,68.64,58.19,72.82,41.79,14.99,58.2,Alta,-24.41465,-48.8057,17.91,3543006
3503000,350300,Aramina,SP,Sudeste,2025,5535,5,0,0,0,9.03,0.0,0.0,0.0,99.98,75.91,51.84,37.4,27.77,3.7,37.4,96.28,34.55,3.7,Moderada,-20.155450000000002,-47.819199999999995,18.18,3524105
3503109,350310,Arandu,SP,Sudeste,2025,7076,1,0,0,0,1.41,0.0,0.0,0.0,99.98,98.03,96.08,94.91,94.13,92.17,94.91,7.81,2.8,92.19,Muito alta,-23.1764,-49.06515,40.84,3535804
3503158,350315,Arapeí,SP,Sudeste,2025,2355,2,0,0,0,8.49,0.0,0.0,0.0,99.98,76.2,52.42,38.16,28.64,4.86,38.16,95.12,34.13,4.87,Moderada,-22.6714,-44.447050000000004,27.09,3304201
3503208,350320,Araraquara,SP,Sudeste,2025,253474,45,7,5,2,1.78,2.76,1.97,0.79,43.06,54.41,65.75,72.56,77.1,88.44,72.56,45.38,16.28,54.61,Alta,-21.75555,-48.1719,0.0,3503208
3503307,350330,Araras,SP,Sudeste,2025,135744,26,0,0,0,1.92,0.0,0.0,0.0,99.98,96.69,93.39,91.42,90.1,86.81,91.42,13.18,4.73,86.82,Muito alta,-22.3416,-47.3292,28.0,3526902
3502754,350275,Araçariguama,SP,Sudeste,2025,22314,4,0,0,0,1.79,0.0,0.0,0.0,99.98,97.05,94.11,92.35,91.18,88.24,92.35,11.74,4.21,88.26,Muito alta,-23.4342,-47.06785,11.35,3550605
3502804,350280,Araçatuba,SP,Sudeste,2025,208415,21,2,2,0,1.01,0.96,0.96,0.0,50.4,61.62,72.83,79.56,84.05,95.26,79.56,44.86,16.1,55.13,Muito alta,-21.1411,-50.6233,0.0,3502804
3502903,350290,Araçoiaba da Serra,SP,Sudeste,2025,33832,8,0,0,0,2.36,0.0,0.0,0.0,99.98,95.17,90.35,87.46,85.54,80.72,87.46,19.26,6.91,80.74,Muito alta,-23.5447,-47.658,10.75,3510302
3503356,350335,Arco-Íris,SP,Sudeste,2025,2089,1,0,0,0,4.79,0.0,0.0,0.0,99.98,83.88,67.78,58.12,51.68,35.58,58.12,64.4,23.11,35.58,Alta,-21.7686,-50.42425,23.96,3555000
3503406,350340,Arealva,SP,Sudeste,2025,8290,4,0,0,0,4.83,0.0,0.0,0.0,99.98,83.68,67.38,57.59,51.07,34.77,57.59,65.21,23.4,34.78,Alta,-22.0751,-48.99535,21.89,3506003
3503505,350350,Areias,SP,Sudeste,2025,3617,1,0,0,0,2.76,0.0,0.0,0.0,99.98,93.49,87.0,83.11,80.52,74.03,83.11,25.96,9.31,74.04,Muito alta,-22.6774,-44.730549999999994,31.81,3513405
3503604,350360,Areiópolis,SP,Sudeste,2025,10242,3,0,0,0,2.93,0.0,0.0,0.0,99.98,92.76,85.54,81.21,78.32,71.1,81.21,28.88,10.36,71.11,Muito alta,-22.613349999999997,-48.64855,18.06,3526803
3503703,350370,Ariranha,SP,Sudeste,2025,7621,3,0,0,0,3.94,0.0,0.0,0.0,99.98,87.99,76.0,68.81,64.01,52.02,68.81,47.96,17.21,52.03,Alta,-21.1774,-48.777100000000004,19.23,3511102
3503802,350380,Artur Nogueira,SP,Sudeste,2025,53467,19,0,0,0,3.55,0.0,0.0,0.0,99.98,89.91,79.83,73.79,69.76,59.68,73.79,40.3,14.46,59.69,Alta,-22.55475,-47.144850000000005,19.1,3524709
3503901,350390,Arujá,SP,Sudeste,2025,90273,8,1,0,1,0.89,1.11,0.0,1.11,50.06,61.56,73.05,79.94,84.54,96.03,79.94,45.97,16.49,54.02,Muito alta,-23.3794,-46.312650000000005,0.0,3503901
3503950,350395,Aspásia,SP,Sudeste,2025,1875,1,0,0,0,5.33,0.0,0.0,0.0,99.98,81.59,63.19,52.16,44.8,26.4,52.16,73.58,26.4,26.41,Alta,-20.18215,-50.72855,20.03,3524808
3504008,350400,Assis,SP,Sudeste,2025,104858,24,7,7,1,2.29,6.68,6.68,0.95,22.56,37.43,52.29,61.21,67.15,82.01,61.21,59.45,21.33,40.54,Alta,-22.57675,-50.4373,0.0,3504008
3504107,350410,Atibaia,SP,Sudeste,2025,167161,19,3,1,0,1.14,1.79,0.6,0.0,47.53,59.22,70.9,77.91,82.59,94.27,77.91,46.74,16.77,53.25,Muito alta,-23.12785,-46.571799999999996,0.0,3504107
3504206,350420,Auriflama,SP,Sudeste,2025,13856,6,0,0,0,4.33,0.0,0.0,0.0,99.98,86.12,72.27,63.95,58.41,44.55,63.95,55.43,19.89,44.56,Alta,-20.6405,-50.581,41.93,3524808
3504404,350440,Avanhandava,SP,Sudeste,2025,11436,6,0,0,0,5.25,0.0,0.0,0.0,99.98,81.88,63.79,52.93,45.69,27.59,52.93,72.39,25.98,27.59,Alta,-21.4638,-49.95205,5.95,3541604
3504503,350450,Avaré,SP,Sudeste,2025,96450,21,0,0,0,2.18,0.0,0.0,0.0,99.98,95.9,91.82,89.38,87.74,83.67,89.38,16.32,5.85,83.68,Muito alta,-23.06395,-48.90725,44.4,3507506
3504305,350430,Avaí,SP,Sudeste,2025,4503,3,0,0,0,6.66,0.0,0.0,0.0,99.98,77.91,55.83,42.59,33.76,11.69,42.59,88.3,31.68,11.69,Moderada,-22.194499999999998,-49.3099,20.92,3506003
3504602,350460,Bady Bassitt,SP,Sudeste,2025,29346,3,0,0,0,1.02,0.0,0.0,0.0,99.98,98.78,97.59,96.87,96.39,95.19,96.87,4.79,1.72,95.21,Muito alta,-20.93225,-49.4277,17.72,3511300
3504701,350470,Balbinos,SP,Sudeste,2025,3969,4,0,0,0,10.08,0.0,0.0,0.0,99.98,75.56,51.14,36.49,26.72,2.3,36.49,97.68,35.05,2.3,Moderada,-21.887700000000002,-49.3288,11.66,3538907
3504909,350490,Bananal,SP,Sudeste,2025,10097,0,0,0,0,0.0,0.0,0.0,0.0,99.98,99.98,99.98,99.98,99.98,99.98,99.98,0.0,0.0,100.0,Muito alta,-22.73715,-44.33705,25.28,3304409
3505104,350510,Barbosa,SP,Sudeste,2025,5627,1,0,0,0,1.78,0.0,0.0,0.0,99.98,97.09,94.19,92.46,91.3,88.4,92.46,11.58,4.15,88.42,Muito alta,-21.291,-49.921549999999996,22.29,3541604
3505203,350520,Bariri,SP,Sudeste,2025,32406,7,1,1,1,2.16,3.09,3.09,3.09,41.09,51.78,62.47,68.88,73.16,83.84,68.88,42.76,15.34,57.24,Alta,-22.0608,-48.737049999999996,0.0,3505203
3505302,350530,Barra Bonita,SP,Sudeste,2025,35129,8,0,0,0,2.28,0.0,0.0,0.0,99.98,95.53,91.08,88.41,86.63,82.18,88.41,17.81,6.39,82.19,Muito alta,-22.479149999999997,-48.54505,19.71,3525300
3505351,350535,Barra do Chapéu,SP,Sudeste,2025,5254,4,0,0,0,7.61,0.0,0.0,0.0,99.98,76.74,53.5,39.56,30.26,7.02,39.56,92.96,33.36,7.02,Moderada,-24.44215,-49.0976,36.17,3543006
3505401,350540,Barra do Turvo,SP,Sudeste,2025,6894,1,0,0,0,1.45,0.0,0.0,0.0,99.98,97.95,95.93,94.71,93.9,91.87,94.71,8.11,2.91,91.89,Muito alta,-24.8763,-48.404300000000006,40.64,4109500
3505500,350550,Barretos,SP,Sudeste,2025,126957,19,4,2,1,1.5,3.15,1.58,0.79,40.64,53.32,66.0,73.61,78.68,91.37,73.61,50.73,18.2,49.26,Alta,-20.52035,-48.61595,0.0,3505500
3505609,350560,Barrinha,SP,Sudeste,2025,33304,8,0,0,0,2.4,0.0,0.0,0.0,99.98,95.01,90.03,87.04,85.05,80.08,87.04,19.91,7.14,80.09,Muito alta,-21.23305,-48.08265,15.3,3551702
3505708,350570,Barueri,SP,Sudeste,2025,333737,22,8,8,1,0.66,2.4,2.4,0.3,44.91,57.98,71.05,78.89,84.11,97.18,78.89,52.27,18.76,47.72,Muito alta,-23.5076,-46.882000000000005,0.0,3505708
3505005,350500,Barão de Antonina,SP,Sudeste,2025,3632,2,0,0,0,5.51,0.0,0.0,0.0,99.98,80.95,61.91,50.49,42.87,23.84,50.49,76.14,27.32,23.84,Alta,-23.5671,-49.56,15.08,3522802
3505807,350580,Bastos,SP,Sudeste,2025,21936,6,0,0,0,2.74,0.0,0.0,0.0,99.98,93.62,87.26,83.45,80.91,74.55,83.45,25.44,9.13,74.56,Muito alta,-21.9464,-50.7648,23.66,3555000
3505906,350590,Batatais,SP,Sudeste,2025,59939,10,0,0,0,1.67,0.0,0.0,0.0,99.98,97.39,94.79,93.24,92.2,89.61,93.24,10.38,3.72,89.62,Muito alta,-20.86385,-47.5931,25.32,3501004
3506003,350600,Bauru,SP,Sudeste,2025,392947,29,11,10,3,0.74,2.8,2.54,0.76,42.83,56.33,69.83,77.92,83.32,96.82,77.92,53.99,19.37,46.0,Muito alta,-22.2394,-49.1125,0.0,3506003
3506102,350610,Bebedouro,SP,Sudeste,2025,78257,19,7,3,1,2.43,8.94,3.83,1.28,14.88,31.07,47.26,56.98,63.45,79.64,56.98,64.76,23.24,35.22,Alta,-20.9391,-48.5266,0.0,3506102
3506201,350620,Bento de Abreu,SP,Sudeste,2025,2640,2,0,0,0,7.58,0.0,0.0,0.0,99.98,76.78,53.58,39.66,30.38,7.18,39.66,92.8,33.3,7.18,Moderada,-21.31445,-50.8605,31.24,3502804
3506300,350630,Bernardino de Campos,SP,Sudeste,2025,11881,5,0,0,0,4.21,0.0,0.0,0.0,99.98,86.72,73.46,65.5,60.2,46.94,65.5,53.04,19.03,46.95,Alta,-23.025199999999998,-49.484899999999996,38.27,4121802
3506359,350635,Bertioga,SP,Sudeste,2025,67436,7,0,0,0,1.04,0.0,0.0,0.0,99.98,98.76,97.53,96.8,96.31,95.08,96.8,4.9,1.76,95.1,Muito alta,-23.76635,-46.015600000000006,28.9,3518701
3506409,350640,Bilac,SP,Sudeste,2025,7464,1,0,0,0,1.34,0.0,0.0,0.0,99.98,98.22,96.45,95.4,94.69,92.93,95.4,7.05,2.53,92.94,Muito alta,-21.4148,-50.48595,21.79,3506508
3506508,350650,Birigui,SP,Sudeste,2025,123340,13,1,1,1,1.05,0.81,0.81,0.81,50.74,61.8,72.86,79.49,83.92,94.97,79.49,44.23,15.87,55.76,Muito alta,-21.262900000000002,-50.353,0.0,3506508
3506607,350660,Biritiba Mirim,SP,Sudeste,2025,30564,6,0,0,0,1.96,0.0,0.0,0.0,99.98,96.58,93.19,91.15,89.79,86.39,91.15,13.59,4.88,86.41,Muito alta,-23.62365,-46.0141,19.21,3530607
3506706,350670,Boa Esperança do Sul,SP,Sudeste,2025,13113,4,0,0,0,3.05,0.0,0.0,0.0,99.98,92.3,84.63,80.02,76.95,69.27,80.02,30.71,11.02,69.28,Muito alta,-21.953899999999997,-48.466899999999995,16.43,3506805
3506805,350680,Bocaina,SP,Sudeste,2025,11480,4,1,1,1,3.48,8.71,8.71,8.71,15.78,27.16,38.55,45.38,49.93,61.32,45.38,45.54,16.34,54.45,Moderada,-22.09315,-48.5201,0.0,3506805
3506904,350690,Bofete,SP,Sudeste,2025,10710,6,0,0,0,5.6,0.0,0.0,0.0,99.98,80.56,61.14,49.48,41.72,22.29,49.48,77.69,27.88,22.3,Moderada,-23.1306,-48.30735,32.44,3512308
3507001,350700,Boituva,SP,Sudeste,2025,63850,10,0,0,0,1.57,0.0,0.0,0.0,99.98,97.65,95.32,93.91,92.98,90.65,93.91,9.33,3.35,90.66,Muito alta,-23.2797,-47.6737,13.29,3511508
3507100,350710,Bom Jesus dos Perdões,SP,Sudeste,2025,22579,3,0,0,0,1.33,0.0,0.0,0.0,99.98,98.23,96.47,95.42,94.72,92.96,95.42,7.02,2.52,92.98,Muito alta,-23.172800000000002,-46.47935,10.69,3504107
3507159,350715,Bom Sucesso de Itararé,SP,Sudeste,2025,3609,2,0,0,0,5.54,0.0,0.0,0.0,99.98,80.77,61.56,50.03,42.35,23.14,50.03,76.84,27.57,23.14,Alta,-24.327849999999998,-49.164699999999996,37.21,3543006
3507308,350730,Boracéia,SP,Sudeste,2025,4838,2,0,0,0,4.13,0.0,0.0,0.0,99.98,87.13,74.29,66.58,61.44,48.59,66.58,51.39,18.44,48.6,Alta,-22.168599999999998,-48.785250000000005,12.97,3505203
3507407,350740,Borborema,SP,Sudeste,2025,14405,4,0,0,0,2.78,0.0,0.0,0.0,99.98,93.43,86.87,82.94,80.31,73.76,82.94,26.23,9.41,73.77,Muito alta,-21.6059,-49.07635,27.71,3533502
3507456,350745,Borebi,SP,Sudeste,2025,2801,2,0,0,0,7.14,0.0,0.0,0.0,99.98,77.18,54.37,40.69,31.57,8.76,40.69,91.22,32.73,8.76,Moderada,-22.685299999999998,-48.9925,18.39,3526803
3507209,350720,Borá,SP,Sudeste,2025,932,1,0,0,0,10.73,0.0,0.0,0.0,99.98,75.41,50.84,36.1,26.27,1.71,36.1,98.28,35.26,1.71,Moderada,-22.23565,-50.5051,31.07,3555000
3507506,350750,Botucatu,SP,Sudeste,2025,151053,27,4,3,2,1.79,2.65,1.99,1.32,43.6,54.77,65.95,72.65,77.12,88.3,72.65,44.7,16.04,55.3,Alta,-22.83865,-48.5493,0.0,3507506
3507605,350760,Bragança Paulista,SP,Sudeste,2025,185688,34,6,5,2,1.83,3.23,2.69,1.08,40.3,52.15,63.99,71.1,75.84,87.69,71.1,47.39,17.0,52.6,Alta,-22.9381,-46.5637,0.0,3507605
3507704,350770,Braúna,SP,Sudeste,2025,5477,1,0,0,0,1.83,0.0,0.0,0.0,99.98,96.93,93.88,92.05,90.83,87.78,92.05,12.21,4.38,87.79,Muito alta,-21.546100000000003,-50.34195,27.89,3537305
3507753,350775,Brejo Alegre,SP,Sudeste,2025,2605,2,0,0,0,7.68,0.0,0.0,0.0,99.98,76.67,53.37,39.38,30.06,6.75,39.38,93.23,33.45,6.75,Moderada,-21.18635,-50.20515,17.53,3506508
3507803,350780,Brodowski,SP,Sudeste,2025,26314,6,0,0,0,2.28,0.0,0.0,0.0,99.98,95.53,91.07,88.4,86.61,82.16,88.4,17.82,6.4,82.17,Muito alta,-21.04235,-47.62205,22.87,3501004
3507902,350790,Brotas,SP,Sudeste,2025,24501,7,0,0,0,2.86,0.0,0.0,0.0,99.98,93.03,86.07,81.9,79.12,72.16,81.9,27.82,9.98,72.17,Muito alta,-22.28955,-48.10495,28.92,3514106
3508009,350800,Buri,SP,Sudeste,2025,20731,6,0,0,0,2.89,0.0,0.0,0.0,99.98,92.87,85.76,81.49,78.64,71.53,81.49,28.45,10.21,71.54,Muito alta,-23.73865,-48.56505,35.94,3522406
3508108,350810,Buritama,SP,Sudeste,2025,17658,2,0,0,0,1.13,0.0,0.0,0.0,99.98,98.58,97.18,96.34,95.78,94.38,96.34,5.6,2.01,94.4,Muito alta,-21.059,-50.206599999999995,27.29,3506508
3508207,350820,Buritizal,SP,Sudeste,2025,4458,2,0,0,0,4.49,0.0,0.0,0.0,99.98,85.35,70.71,61.93,56.08,41.45,61.93,58.54,21.0,41.45,Alta,-20.207250000000002,-47.7148,17.09,3524105
3504800,350480,Bálsamo,SP,Sudeste,2025,9902,4,0,0,0,4.04,0.0,0.0,0.0,99.98,87.53,75.08,67.6,62.62,50.17,67.6,49.81,17.87,50.18,Alta,-20.70335,-49.5549,22.21,3549805
3508405,350840,Cabreúva,SP,Sudeste,2025,48654,8,1,0,0,1.64,2.06,0.0,0.0,46.47,57.31,68.14,74.64,78.97,89.8,74.64,43.33,15.55,56.66,Alta,-23.30285,-47.07525,0.0,3508405
3508306,350830,Cabrália Paulista,SP,Sudeste,2025,4360,2,0,0,0,4.59,0.0,0.0,0.0,99.98,84.86,69.75,60.67,54.63,39.51,60.67,60.47,21.7,39.52,Alta,-22.482599999999998,-49.38485,9.45,3514502
3508603,350860,Cachoeira Paulista,SP,Sudeste,2025,32534,12,0,0,0,3.69,0.0,0.0,0.0,99.98,89.2,78.42,71.94,67.63,56.85,71.94,43.13,15.48,56.86,Alta,-22.708849999999998,-45.00855,16.48,3513405
3508702,350870,Caconde,SP,Sudeste,2025,17228,7,0,0,0,4.06,0.0,0.0,0.0,99.98,87.39,74.81,67.25,62.22,49.63,67.25,50.35,18.07,49.64,Alta,-21.55285,-46.63575,24.05,3144102
3508801,350880,Cafelândia,SP,Sudeste,2025,16907,7,1,1,1,4.14,5.91,5.91,5.91,24.99,30.84,36.7,40.21,42.56,48.41,40.21,23.42,8.41,74.22,Moderada,-21.73235,-49.56045,0.0,3508801
3508900,350890,Caiabu,SP,Sudeste,2025,3726,2,0,0,0,5.37,0.0,0.0,0.0,99.98,81.41,62.83,51.69,44.26,25.69,51.69,74.3,26.66,25.69,Alta,-21.948500000000003,-51.22175,13.73,3541406
3509007,350900,Caieiras,SP,Sudeste,2025,98549,18,2,1,1,1.83,2.03,1.01,1.01,46.58,56.87,67.16,73.33,77.45,87.74,73.33,41.16,14.77,58.83,Alta,-23.37675,-46.73935,0.0,3509007
3509106,350910,Caiuá,SP,Sudeste,2025,5599,5,0,0,0,8.93,0.0,0.0,0.0,99.98,75.96,51.93,37.51,27.9,3.88,37.51,96.1,34.48,3.88,Moderada,-21.78845,-51.99335,37.34,3547700
3509205,350920,Cajamar,SP,Sudeste,2025,98365,12,1,0,0,1.22,1.02,0.0,0.0,50.3,61.14,71.99,78.5,82.84,93.68,78.5,43.39,15.57,56.61,Muito alta,-23.35015,-46.88075,0.0,3509205
3509254,350925,Cajati,SP,Sudeste,2025,29262,11,0,0,0,3.76,0.0,0.0,0.0,99.98,88.81,77.63,70.93,66.46,55.29,70.93,44.7,16.04,55.3,Alta,-24.775,-48.17885,45.14,3542602
3509304,350930,Cajobi,SP,Sudeste,2025,9210,3,0,0,0,3.26,0.0,0.0,0.0,99.98,91.3,82.62,77.41,73.93,65.25,77.41,34.73,12.46,65.26,Muito alta,-20.874450000000003,-48.8466,21.92,3533908
3509403,350940,Cajuru,SP,Sudeste,2025,24233,13,0,0,0,5.36,0.0,0.0,0.0,99.98,81.42,62.85,51.71,44.29,25.72,51.71,74.26,26.65,25.73,Alta,-21.276600000000002,-47.3339,25.44,3547601
3509452,350945,Campina do Monte Alegre,SP,Sudeste,2025,6090,1,0,0,0,1.64,0.0,0.0,0.0,99.98,97.44,94.9,93.38,92.36,89.82,93.38,10.16,3.65,89.84,Muito alta,-23.61195,-48.4507,35.06,3522307
3509502,350950,Campinas,SP,Sudeste,2025,1187974,69,22,17,2,0.58,1.85,1.43,0.17,47.33,59.85,72.36,79.86,84.87,97.38,79.86,50.04,17.96,49.95,Muito alta,-22.8952,-47.04875,0.0,3509502
3509601,350960,Campo Limpo Paulista,SP,Sudeste,2025,79781,10,0,0,0,1.25,0.0,0.0,0.0,99.98,98.37,96.75,95.78,95.14,93.52,95.78,6.46,2.32,93.54,Muito alta,-23.2093,-46.7557,7.31,3556503
3509809,350980,Campos Novos Paulista,SP,Sudeste,2025,5003,3,0,0,0,6.0,0.0,0.0,0.0,99.98,79.34,58.7,46.31,38.05,17.41,46.31,82.57,29.63,17.41,Moderada,-22.6374,-50.01335,38.34,3534708
3509700,350970,Campos do Jordão,SP,Sudeste,2025,47956,9,1,1,1,1.88,2.09,2.09,2.09,46.31,56.51,66.71,72.83,76.91,87.11,72.83,40.8,14.64,59.19,Alta,-22.6938,-45.53815,0.0,3509700
3509908,350990,Cananéia,SP,Sudeste,2025,12491,6,0,0,0,4.8,0.0,0.0,0.0,99.98,83.78,67.58,57.86,51.38,35.18,57.86,64.8,23.25,35.19,Alta,-25.03265,-47.987049999999996,42.01,4109500
3509957,350995,Canas,SP,Sudeste,2025,5068,1,0,0,0,1.97,0.0,0.0,0.0,99.98,96.55,93.13,91.07,89.7,86.27,91.07,13.71,4.92,86.28,Muito alta,-22.742150000000002,-45.02515,20.21,3513405
3510153,351015,Canitar,SP,Sudeste,2025,6589,3,0,0,0,4.55,0.0,0.0,0.0,99.98,85.04,70.1,61.13,55.15,40.21,61.13,59.77,21.45,40.22,Alta,-23.022150000000003,-49.792100000000005,10.75,3534708
3510302,351030,Capela do Alto,SP,Sudeste,2025,23777,6,1,0,0,2.52,4.21,0.0,0.0,34.19,45.14,56.09,62.65,67.03,77.98,62.65,43.78,15.71,56.21,Alta,-23.47315,-47.72895,0.0,3510302
3510401,351040,Capivari,SP,Sudeste,2025,51369,3,2,2,1,0.58,3.89,3.89,1.95,36.56,51.76,66.95,76.07,82.15,97.34,76.07,60.78,21.81,39.21,Muito alta,-22.98,-47.50605,0.0,3510401
3510203,351020,Capão Bonito,SP,Sudeste,2025,47409,13,0,0,0,2.74,0.0,0.0,0.0,99.98,93.58,87.17,83.33,80.77,74.37,83.33,25.61,9.19,74.38,Muito alta,-24.05415,-48.2675,29.4,3550209
3510500,351050,Caraguatatuba,SP,Sudeste,2025,142248,14,4,3,0,0.98,2.81,2.11,0.0,42.76,55.91,69.07,76.97,82.23,95.39,76.97,52.63,18.88,47.36,Muito alta,-23.61955,-45.4965,0.0,3510500
3510609,351060,Carapicuíba,SP,Sudeste,2025,398236,15,1,1,1,0.38,0.25,0.25,0.25,51.46,63.11,74.76,81.75,86.41,98.06,81.75,46.6,16.72,53.39,Muito alta,-23.54925,-46.84665,0.0,3510609
3510708,351070,Cardoso,SP,Sudeste,2025,11476,6,0,0,0,5.23,0.0,0.0,0.0,99.98,81.96,63.93,53.11,45.9,27.88,53.11,72.11,25.87,27.88,Alta,-20.0655,-49.9568,40.26,3515509
3510807,351080,Casa Branca,SP,Sudeste,2025,28779,7,1,0,0,2.43,3.47,0.0,0.0,38.99,49.1,59.22,65.29,69.33,79.45,65.29,40.46,14.52,59.53,Alta,-21.77925,-47.0976,0.0,3510807
3511003,351100,Castilho,SP,Sudeste,2025,20485,6,0,0,0,2.93,0.0,0.0,0.0,99.98,92.77,85.55,81.22,78.33,71.12,81.22,28.86,10.36,71.13,Muito alta,-20.8933,-51.59595,65.7,3526001
3511102,351110,Catanduva,SP,Sudeste,2025,119275,27,13,11,0,2.26,10.9,9.22,0.0,10.5,28.48,46.46,57.25,64.45,82.43,57.25,71.93,25.81,28.06,Alta,-21.12975,-48.955349999999996,0.0,3511102
3511201,351120,Catiguá,SP,Sudeste,2025,7101,2,0,0,0,2.82,0.0,0.0,0.0,99.98,93.21,86.43,82.36,79.65,72.88,82.36,27.1,9.73,72.89,Muito alta,-21.0689,-49.04745,11.71,3511102
3508504,350850,Caçapava,SP,Sudeste,2025,100071,29,3,1,0,2.9,3.0,1.0,0.0,41.66,49.11,56.55,61.02,64.0,71.44,61.02,29.78,10.69,70.22,Alta,-23.103650000000002,-45.7178,0.0,3508504
3511300,351130,Cedral,SP,Sudeste,2025,13314,3,1,0,0,2.25,7.51,0.0,0.0,18.69,34.65,50.61,60.19,66.57,82.53,60.19,63.85,22.91,36.14,Alta,-20.912599999999998,-49.2584,0.0,3511300
3511409,351140,Cerqueira César,SP,Sudeste,2025,22210,14,0,0,0,6.3,0.0,0.0,0.0,99.98,78.59,57.19,44.35,35.79,14.4,44.35,85.59,30.71,14.4,Moderada,-23.0736,-49.1134,52.87,3535804
3511508,351150,Cerquilho,SP,Sudeste,2025,46391,9,1,1,0,1.94,2.16,2.16,0.0,46.02,56.17,66.32,72.4,76.46,86.61,72.4,40.59,14.56,59.41,Alta,-23.18695,-47.755700000000004,0.0,3511508
3511607,351160,Cesário Lange,SP,Sudeste,2025,19707,4,0,0,0,2.03,0.0,0.0,0.0,99.98,96.4,92.81,90.66,89.23,85.64,90.66,14.34,5.15,85.66,Muito alta,-23.21595,-47.9118,15.87,3554003
3511706,351170,Charqueada,SP,Sudeste,2025,15814,5,1,1,1,3.16,6.32,6.32,6.32,23.64,34.53,45.41,51.95,56.3,67.19,51.95,43.55,15.63,56.45,Alta,-22.5187,-47.7463,0.0,3511706
3557204,355720,Chavantes,SP,Sudeste,2025,12415,4,0,0,0,3.22,0.0,0.0,0.0,99.98,91.47,82.96,77.85,74.44,65.93,77.85,34.05,12.22,65.94,Muito alta,-23.0489,-49.742450000000005,16.53,3534708
3511904,351190,Clementina,SP,Sudeste,2025,7084,1,0,0,0,1.41,0.0,0.0,0.0,99.98,98.04,96.1,94.94,94.17,92.23,94.94,7.75,2.78,92.24,Muito alta,-21.57495,-50.4705,36.77,3506508
3512001,351200,Colina,SP,Sudeste,2025,18880,5,0,0,0,2.65,0.0,0.0,0.0,99.98,94.03,88.08,84.51,82.13,76.18,84.51,23.8,8.54,76.19,Muito alta,-20.736,-48.5954,23.69,3506102
3512100,351210,Colômbia,SP,Sudeste,2025,6802,3,0,0,0,4.41,0.0,0.0,0.0,99.98,85.7,71.41,62.84,57.13,42.85,62.84,57.14,20.5,42.85,Alta,-20.2746,-48.6986,28.65,3505500
3512209,351220,Conchal,SP,Sudeste,2025,29132,10,0,0,0,3.43,0.0,0.0,0.0,99.98,90.57,81.15,75.5,71.74,62.32,75.5,37.66,13.51,62.33,Muito alta,-22.386850000000003,-47.143299999999996,15.82,3530805
3512308,351230,Conchas,SP,Sudeste,2025,15345,6,1,1,1,3.91,6.52,6.52,6.52,23.16,30.49,37.83,42.23,45.17,52.5,42.23,29.35,10.53,70.65,Moderada,-22.96665,-48.04515,0.0,3512308
3512407,351240,Cordeirópolis,SP,Sudeste,2025,25286,7,0,0,0,2.77,0.0,0.0,0.0,99.98,93.48,86.97,83.06,80.46,73.95,83.06,26.03,9.34,73.97,Muito alta,-22.473550000000003,-47.397099999999995,13.62,3526902
3512506,351250,Coroados,SP,Sudeste,2025,5504,1,0,0,0,1.82,0.0,0.0,0.0,99.98,96.97,93.96,92.15,90.95,87.94,92.15,12.04,4.32,87.95,Muito alta,-21.362650000000002,-50.323,11.52,3506508
3512605,351260,Coronel Macedo,SP,Sudeste,2025,4271,2,0,0,0,4.68,0.0,0.0,0.0,99.98,84.42,68.87,59.53,53.31,37.75,59.53,62.23,22.33,37.76,Alta,-23.6316,-49.306349999999995,13.48,3522802
3512704,351270,Corumbataí,SP,Sudeste,2025,4296,1,0,0,0,2.33,0.0,0.0,0.0,99.98,95.34,90.7,87.92,86.06,81.42,87.92,18.56,6.66,81.44,Muito alta,-22.243000000000002,-47.5965,17.13,3543907
3512902,351290,Cosmorama,SP,Sudeste,2025,9019,3,0,0,0,3.33,0.0,0.0,0.0,99.98,91.02,82.05,76.67,73.08,64.12,76.67,35.86,12.87,64.13,Muito alta,-20.42535,-49.7702,38.64,3532603
3512803,351280,Cosmópolis,SP,Sudeste,2025,61167,10,0,0,0,1.63,0.0,0.0,0.0,99.98,97.46,94.94,93.42,92.42,89.89,93.42,10.09,3.62,89.91,Muito alta,-22.649900000000002,-47.18825,11.75,3536505
3513009,351300,Cotia,SP,Sudeste,2025,289493,32,6,3,2,1.11,2.07,1.04,0.69,46.4,58.45,70.5,77.73,82.55,94.6,77.73,48.2,17.29,51.8,Muito alta,-23.68195,-46.944649999999996,0.0,3513009
3513108,351310,Cravinhos,SP,Sudeste,2025,34307,8,0,0,0,2.33,0.0,0.0,0.0,99.98,95.33,90.67,87.88,86.02,81.37,87.88,18.61,6.68,81.38,Muito alta,-21.30935,-47.768699999999995,11.55,3543402
3513207,351320,Cristais Paulista,SP,Sudeste,2025,9600,5,0,0,0,5.21,0.0,0.0,0.0,99.98,82.06,64.14,53.39,46.23,28.31,53.39,71.67,25.72,28.31,Alta,-20.3646,-47.403099999999995,25.63,3516200
3513405,351340,Cruzeiro,SP,Sudeste,2025,76444,14,2,2,0,1.83,2.62,2.62,0.0,43.73,54.71,65.7,72.29,76.68,87.67,72.29,43.94,15.77,56.05,Alta,-22.5607,-45.013450000000006,0.0,3513405
3513306,351330,Cruzália,SP,Sudeste,2025,2123,3,0,0,0,14.13,0.0,0.0,0.0,99.98,75.07,50.15,35.2,25.24,0.32,35.2,99.66,35.76,0.32,Moderada,-22.73805,-50.75305,27.02,4126405
3513504,351350,Cubatão,SP,Sudeste,2025,114870,18,0,0,0,1.57,0.0,0.0,0.0,99.98,97.64,95.31,93.9,92.97,90.63,93.9,9.35,3.36,90.65,Muito alta,-23.861600000000003,-46.40825,12.84,3548500
3513603,351360,Cunha,SP,Sudeste,2025,22460,7,0,0,0,3.12,0.0,0.0,0.0,99.98,91.99,84.0,79.2,76.01,68.01,79.2,31.97,11.47,68.03,Muito alta,-23.0527,-44.89275,21.54,3303807
3510906,351090,Cássia dos Coqueiros,SP,Sudeste,2025,2861,2,0,0,0,6.99,0.0,0.0,0.0,99.98,77.39,54.79,41.24,32.2,9.6,41.24,90.38,32.43,9.61,Moderada,-21.26695,-47.13549999999999,20.24,3143203
3510005,351000,Cândido Mota,SP,Sudeste,2025,30157,6,0,0,0,1.99,0.0,0.0,0.0,99.98,96.49,93.0,90.9,89.51,86.02,90.9,13.97,5.01,86.03,Muito alta,-22.8086,-50.4203,19.78,4111001
3510104,351010,Cândido Rodrigues,SP,Sudeste,2025,2959,1,0,0,0,3.38,0.0,0.0,0.0,99.98,90.75,81.51,75.97,72.28,63.04,75.97,36.94,13.26,63.05,Muito alta,-21.340600000000002,-48.63095,15.94,3553708
3513702,351370,Descalvado,SP,Sudeste,2025,32663,13,0,0,0,3.98,0.0,0.0,0.0,99.98,87.79,75.61,68.29,63.42,51.23,68.29,48.75,17.49,51.24,Alta,-21.8791,-47.65125,26.28,3548906
3513801,351380,Diadema,SP,Sudeste,2025,403579,21,2,1,0,0.52,0.5,0.25,0.0,51.23,62.86,74.48,81.46,86.11,97.74,81.46,46.51,16.69,53.48,Muito alta,-23.698500000000003,-46.61505,0.0,3513801
3513850,351385,Dirce Reis,SP,Sudeste,2025,1639,1,0,0,0,6.1,0.0,0.0,0.0,99.98,79.07,58.16,45.61,37.25,16.33,45.61,83.65,30.01,16.34,Moderada,-20.4463,-50.6238,21.4,3524808
3513900,351390,Divinolândia,SP,Sudeste,2025,11305,5,0,0,0,4.42,0.0,0.0,0.0,99.98,85.64,71.29,62.68,56.94,42.6,62.68,57.39,20.59,42.6,Alta,-21.6704,-46.70745,23.76,3151800
3514007,351400,Dobrada,SP,Sudeste,2025,8986,2,0,0,0,2.23,0.0,0.0,0.0,99.98,95.71,91.45,88.89,87.18,82.91,88.89,17.07,6.13,82.93,Muito alta,-21.51215,-48.3529,19.01,3553708
3514106,351410,Dois Córregos,SP,Sudeste,2025,24847,5,1,1,1,2.01,4.02,4.02,4.02,35.51,48.09,60.67,68.22,73.25,85.84,68.22,50.33,18.06,49.66,Alta,-22.4032,-48.35785,0.0,3514106
3514205,351420,Dolcinópolis,SP,Sudeste,2025,2254,2,0,0,0,8.87,0.0,0.0,0.0,99.98,75.99,51.99,37.6,28.0,4.0,37.6,95.98,34.44,4.0,Moderada,-20.10595,-50.5329,17.77,3524808
3514304,351430,Dourado,SP,Sudeste,2025,8169,1,0,0,0,1.22,0.0,0.0,0.0,99.98,98.39,96.8,95.84,95.2,93.61,95.84,6.37,2.29,93.63,Muito alta,-22.121049999999997,-48.347849999999994,18.01,3506805
3514403,351440,Dracena,SP,Sudeste,2025,46735,13,2,1,1,2.78,4.28,2.14,2.14,33.87,43.82,53.76,59.73,63.7,73.65,59.73,39.78,14.27,60.22,Alta,-21.556,-51.5955,0.0,3514403
3514502,351450,Duartina,SP,Sudeste,2025,12532,6,1,1,1,4.79,7.98,7.98,7.98,17.57,22.06,26.54,29.23,31.02,35.51,29.23,17.93,6.43,78.56,Moderada,-22.39865,-49.39915,0.0,3514502
3514601,351460,Dumont,SP,Sudeste,2025,9764,2,0,0,0,2.05,0.0,0.0,0.0,99.98,96.35,92.72,90.54,89.09,85.46,90.54,14.52,5.21,85.48,Muito alta,-21.254849999999998,-47.98715,17.26,3551702
3514700,351470,Echaporã,SP,Sudeste,2025,6291,2,0,0,0,3.18,0.0,0.0,0.0,99.98,91.71,83.43,78.47,75.16,66.88,78.47,33.1,11.88,66.89,Muito alta,-22.41935,-50.2096,29.21,3504008
3514809,351480,Eldorado,SP,Sudeste,2025,13109,8,0,0,0,6.1,0.0,0.0,0.0,99.98,79.06,58.13,45.58,37.21,16.28,45.58,83.7,30.03,16.28,Moderada,-24.497950000000003,-48.235749999999996,38.45,3542602
3514908,351490,Elias Fausto,SP,Sudeste,2025,18168,4,0,0,0,2.2,0.0,0.0,0.0,99.98,95.81,91.64,89.13,87.46,83.29,89.13,16.69,5.99,83.3,Muito alta,-23.07615,-47.36165,12.92,3545209
3514924,351492,Elisiário,SP,Sudeste,2025,3190,1,0,0,0,3.13,0.0,0.0,0.0,99.98,91.89,83.8,78.95,75.71,67.62,78.95,32.36,11.61,67.63,Muito alta,-21.1532,-49.08725,13.93,3511102
3514957,351495,Embaúba,SP,Sudeste,2025,2349,1,0,0,0,4.26,0.0,0.0,0.0,99.98,86.53,73.08,65.01,59.63,46.19,65.01,53.8,19.3,46.19,Alta,-20.953899999999997,-48.85215,22.29,3511102
3515004,351500,Embu das Artes,SP,Sudeste,2025,259788,19,1,0,0,0.73,0.38,0.0,0.0,51.39,62.77,74.14,80.97,85.52,96.89,80.97,45.5,16.33,54.47,Muito alta,-23.647750000000002,-46.855500000000006,0.0,3515004
3515103,351510,Embu-Guaçu,SP,Sudeste,2025,68913,1,0,0,0,0.15,0.0,0.0,0.0,99.98,99.57,99.16,98.91,98.74,98.33,98.91,1.65,0.59,98.35,Muito alta,-23.852800000000002,-46.8374,13.53,3522208
3515129,351512,Emilianópolis,SP,Sudeste,2025,3061,1,0,0,0,3.27,0.0,0.0,0.0,99.98,91.27,82.56,77.34,73.85,65.14,77.34,34.84,12.5,65.15,Muito alta,-21.78775,-51.4822,23.61,3541406
3515152,351515,Engenheiro Coelho,SP,Sudeste,2025,20261,5,0,0,0,2.47,0.0,0.0,0.0,99.98,94.7,89.41,86.24,84.12,78.84,86.24,21.15,7.59,78.85,Muito alta,-22.4788,-47.16965,18.05,3530805
3515186,351518,Espírito Santo do Pinhal,SP,Sudeste,2025,40610,7,3,1,1,1.72,7.39,2.46,2.46,19.03,36.51,54.0,64.5,71.49,88.98,64.5,69.95,25.1,30.04,Alta,-22.194850000000002,-46.7859,0.0,3515186
3515194,351519,Espírito Santo do Turvo,SP,Sudeste,2025,4214,3,0,0,0,7.12,0.0,0.0,0.0,99.98,77.19,54.4,40.72,31.61,8.81,40.72,91.17,32.71,8.82,Moderada,-22.6614,-49.4232,29.32,3514502
3557303,355730,Estiva Gerbi,SP,Sudeste,2025,11609,5,0,0,0,4.31,0.0,0.0,0.0,99.98,86.25,72.51,64.27,58.77,45.04,64.27,54.95,19.72,45.04,Alta,-22.2402,-46.9404,16.68,3515186
3515202,351520,Estrela d'Oeste,SP,Sudeste,2025,9696,3,0,0,0,3.09,0.0,0.0,0.0,99.98,92.1,84.22,79.49,76.34,68.46,79.49,31.52,11.31,68.47,Muito alta,-20.25795,-50.3998,14.08,3515509
3515301,351530,Estrela do Norte,SP,Sudeste,2025,2751,1,0,0,0,3.64,0.0,0.0,0.0,99.98,89.49,78.99,72.69,68.49,58.0,72.69,41.99,15.07,58.01,Alta,-22.4823,-51.6777,29.17,4113809
3515350,351535,Euclides da Cunha Paulista,SP,Sudeste,2025,7883,0,0,0,0,0.0,0.0,0.0,0.0,99.98,99.98,99.98,99.98,99.98,99.98,99.98,0.0,0.0,100.0,Muito alta,-22.51095,-52.605000000000004,24.9,4127304
3515400,351540,Fartura,SP,Sudeste,2025,17029,4,0,0,0,2.35,0.0,0.0,0.0,99.98,95.25,90.52,87.68,85.79,81.06,87.68,18.92,6.79,81.08,Muito alta,-23.39995,-49.516450000000006,22.0,4104709
3515608,351560,Fernando Prestes,SP,Sudeste,2025,6080,3,0,0,0,4.93,0.0,0.0,0.0,99.98,83.16,66.34,56.25,49.52,32.71,56.25,67.28,24.14,32.71,Alta,-21.3208,-48.686800000000005,21.79,3553708
3515509,351550,Fernandópolis,SP,Sudeste,2025,73508,19,1,0,0,2.58,1.36,0.0,0.0,49.11,56.13,63.14,67.35,70.15,77.17,67.35,28.06,10.07,70.23,Alta,-20.28065,-50.267,0.0,3515509
3515657,351565,Fernão,SP,Sudeste,2025,1692,1,0,0,0,5.91,0.0,0.0,0.0,99.98,79.59,59.19,46.95,38.79,18.4,46.95,81.58,29.27,18.4,Moderada,-22.38145,-49.53155,13.75,3514502
3515707,351570,Ferraz de Vasconcelos,SP,Sudeste,2025,186479,14,0,0,0,0.75,0.0,0.0,0.0,99.98,99.17,98.37,97.88,97.56,96.75,97.88,3.23,1.16,96.77,Muito alta,-23.56495,-46.3724,7.95,3552502
3515806,351580,Flora Rica,SP,Sudeste,2025,1483,1,0,0,0,6.74,0.0,0.0,0.0,99.98,77.76,55.53,42.19,33.3,11.08,42.19,88.91,31.9,11.08,Moderada,-21.7018,-51.38075,26.96,3526001
3515905,351590,Floreal,SP,Sudeste,2025,2747,2,0,0,0,7.28,0.0,0.0,0.0,99.98,77.03,54.08,40.31,31.13,8.19,40.31,91.8,32.94,8.19,Moderada,-20.650550000000003,-50.1695,15.12,3532603
3516101,351610,Florínea,SP,Sudeste,2025,4022,3,0,0,0,7.46,0.0,0.0,0.0,99.98,76.87,53.76,39.89,30.65,7.54,39.89,92.44,33.17,7.54,Moderada,-22.8631,-50.68795,22.48,4126405
3516002,351600,Flórida Paulista,SP,Sudeste,2025,13175,4,1,1,1,3.04,7.59,7.59,7.59,18.49,31.24,44.0,51.65,56.75,69.5,51.65,51.01,18.3,48.98,Alta,-21.54555,-51.1712,0.0,3516002
3516200,351620,Franca,SP,Sudeste,2025,365494,25,2,1,1,0.68,0.55,0.27,0.27,51.18,62.65,74.12,81.01,85.6,97.07,81.01,45.9,16.47,54.09,Muito alta,-20.5893,-47.348349999999996,0.0,3516200
3516309,351630,Francisco Morato,SP,Sudeste,2025,171476,13,1,1,1,0.76,0.58,0.58,0.58,51.1,62.5,73.9,80.74,85.3,96.7,80.74,45.59,16.36,54.4,Muito alta,-23.27635,-46.71105,0.0,3516309
3516408,351640,Franco da Rocha,SP,Sudeste,2025,150241,23,3,2,1,1.53,2.0,1.33,0.67,46.72,57.79,68.85,75.48,79.91,90.97,75.48,44.25,15.88,55.75,Muito alta,-23.3127,-46.7376,0.0,3516408
3516507,351650,Gabriel Monteiro,SP,Sudeste,2025,2813,1,0,0,0,3.55,0.0,0.0,0.0,99.98,89.89,79.8,73.74,69.7,59.61,73.74,40.37,14.49,59.62,Alta,-21.5077,-50.573049999999995,35.5,3506508
3516705,351670,Garça,SP,Sudeste,2025,43081,13,2,1,0,3.02,4.64,2.32,0.0,32.26,41.64,51.01,56.64,60.39,69.77,56.64,37.52,13.46,62.48,Alta,-22.22915,-49.69115,0.0,3516705
3516804,351680,Gastão Vidigal,SP,Sudeste,2025,3203,1,0,0,0,3.12,0.0,0.0,0.0,99.98,91.94,83.9,79.07,75.86,67.82,79.07,32.17,11.54,67.83,Muito alta,-20.805799999999998,-50.202349999999996,23.24,3532603
3516853,351685,Gavião Peixoto,SP,Sudeste,2025,4806,3,0,0,0,6.24,0.0,0.0,0.0,99.98,78.74,57.5,44.76,36.26,15.02,44.76,84.96,30.48,15.03,Moderada,-21.7794,-48.4628,9.72,3532900
3516903,351690,General Salgado,SP,Sudeste,2025,10437,3,0,0,0,2.87,0.0,0.0,0.0,99.98,92.94,85.9,81.68,78.86,71.82,81.68,28.16,10.11,71.83,Muito alta,-20.641849999999998,-50.419399999999996,41.02,3532603
3517000,351700,Getulina,SP,Sudeste,2025,10337,5,1,1,1,4.84,9.67,9.67,9.67,12.21,17.78,23.36,26.71,28.94,34.52,26.71,22.31,8.01,75.44,Moderada,-21.811300000000003,-50.0561,0.0,3517000
3517109,351710,Glicério,SP,Sudeste,2025,4158,2,0,0,0,4.81,0.0,0.0,0.0,99.98,83.74,67.49,57.75,51.25,35.0,57.75,64.98,23.32,35.01,Alta,-21.3153,-50.21425,12.31,3537305
3517307,351730,Guaimbê,SP,Sudeste,2025,5609,3,0,0,0,5.35,0.0,0.0,0.0,99.98,81.51,63.04,51.96,44.57,26.1,51.96,73.88,26.51,26.1,Alta,-21.86525,-49.8694,20.18,3517000
3517208,351720,Guaiçara,SP,Sudeste,2025,11478,3,0,0,0,2.61,0.0,0.0,0.0,99.98,94.2,88.42,84.95,82.64,76.86,84.95,23.12,8.3,76.88,Muito alta,-21.5516,-49.7731,13.41,3527108
3517604,351760,Guapiara,SP,Sudeste,2025,17225,1,0,0,0,0.58,0.0,0.0,0.0,99.98,99.34,98.69,98.3,98.04,97.4,98.3,2.58,0.93,97.41,Muito alta,-24.211199999999998,-48.540850000000006,27.36,3543006
3517505,351750,Guapiaçu,SP,Sudeste,2025,22445,10,0,0,0,4.46,0.0,0.0,0.0,99.98,85.47,70.97,62.26,56.46,41.95,62.26,58.03,20.82,41.96,Alta,-20.7229,-49.1904,18.8,3549805
3517901,351790,Guaraci,SP,Sudeste,2025,10554,3,0,0,0,2.84,0.0,0.0,0.0,99.98,93.1,86.22,82.1,79.34,72.46,82.1,27.52,9.87,72.48,Muito alta,-20.3659,-48.986450000000005,28.94,3127107
3518008,351800,Guarani d'Oeste,SP,Sudeste,2025,1999,1,0,0,0,5.0,0.0,0.0,0.0,99.98,82.86,65.73,55.46,48.61,31.48,55.46,68.5,24.58,31.49,Alta,-20.061700000000002,-50.353899999999996,25.98,3515509
3518107,351810,Guarantã,SP,Sudeste,2025,6532,3,0,0,0,4.59,0.0,0.0,0.0,99.98,84.81,69.64,60.53,54.47,39.29,60.53,60.69,21.78,39.3,Alta,-21.911949999999997,-49.5791,14.34,3538907
3518206,351820,Guararapes,SP,Sudeste,2025,31888,6,0,0,0,1.88,0.0,0.0,0.0,99.98,96.75,93.51,91.57,90.28,87.04,91.57,12.94,4.64,87.06,Muito alta,-21.27265,-50.70925,17.13,3502804
3518305,351830,Guararema,SP,Sudeste,2025,32620,4,1,1,1,1.23,3.07,3.07,3.07,41.3,54.38,67.45,75.29,80.52,93.59,75.29,52.29,18.76,47.7,Muito alta,-23.4254,-46.056200000000004,0.0,3518305
3518404,351840,Guaratinguetá,SP,Sudeste,2025,121916,14,3,2,0,1.15,2.46,1.64,0.0,44.57,56.96,69.36,76.8,81.75,94.15,76.8,49.58,17.79,50.41,Muito alta,-22.8134,-45.2342,0.0,3518404
3517802,351780,Guaraçaí,SP,Sudeste,2025,7453,3,0,0,0,4.03,0.0,0.0,0.0,99.98,87.61,75.23,67.8,62.85,50.48,67.8,49.51,17.76,50.48,Alta,-21.073500000000003,-51.301,45.55,3526001
3518503,351850,Guareí,SP,Sudeste,2025,15285,8,0,0,0,5.23,0.0,0.0,0.0,99.98,81.95,63.91,53.09,45.88,27.84,53.09,72.14,25.89,27.85,Alta,-23.37405,-48.214349999999996,30.99,3522307
3518602,351860,Guariba,SP,Sudeste,2025,38678,8,0,0,0,2.07,0.0,0.0,0.0,99.98,96.28,92.58,90.36,88.88,85.17,90.36,14.81,5.31,85.19,Muito alta,-21.397750000000002,-48.225300000000004,21.95,3524303
3518701,351870,Guarujá,SP,Sudeste,2025,294871,24,6,3,1,0.81,2.03,1.02,0.34,46.53,59.02,71.51,79.01,84.01,96.5,79.01,49.97,17.93,50.02,Muito alta,-23.9404,-46.22665,0.0,3518701
3518800,351880,Guarulhos,SP,Sudeste,2025,1349100,74,7,4,1,0.55,0.52,0.3,0.07,51.21,62.81,74.4,81.36,86.0,97.59,81.36,46.38,16.64,53.61,Muito alta,-23.39025,-46.453500000000005,0.0,3518800
3517703,351770,Guará,SP,Sudeste,2025,18748,7,0,0,0,3.73,0.0,0.0,0.0,99.98,88.96,77.93,71.31,66.9,55.88,71.31,44.1,15.83,55.89,Alta,-20.49315,-47.77160000000001,20.25,3524105
3518859,351885,Guatapará,SP,Sudeste,2025,7474,4,0,0,0,5.35,0.0,0.0,0.0,99.98,81.48,62.99,51.89,44.49,25.99,51.89,73.99,26.55,26.0,Alta,-21.4515,-47.998149999999995,30.49,3501707
3517406,351740,Guaíra,SP,Sudeste,2025,40489,8,0,0,0,1.98,0.0,0.0,0.0,99.98,96.54,93.09,91.02,89.64,86.2,91.02,13.79,4.95,86.21,Muito alta,-20.33155,-48.39835,30.9,3505500
3518909,351890,Guzolândia,SP,Sudeste,2025,4259,2,0,0,0,4.7,0.0,0.0,0.0,99.98,84.36,68.73,59.36,53.11,37.48,59.36,62.5,22.43,37.49,Alta,-20.617350000000002,-50.709450000000004,42.35,3524808
3516606,351660,Gália,SP,Sudeste,2025,6413,4,0,0,0,6.24,0.0,0.0,0.0,99.98,78.76,57.53,44.79,36.3,15.08,44.79,84.9,30.47,15.08,Moderada,-22.325400000000002,-49.575900000000004,15.97,3516705
3519006,351900,Herculândia,SP,Sudeste,2025,9316,2,0,0,0,2.15,0.0,0.0,0.0,99.98,95.99,92.0,89.61,88.01,84.02,89.61,15.96,5.73,84.04,Muito alta,-21.943849999999998,-50.384249999999994,15.7,3555000
3519055,351905,Holambra,SP,Sudeste,2025,15718,4,0,0,0,2.54,0.0,0.0,0.0,99.98,94.43,88.87,85.54,83.32,77.76,85.54,22.22,7.97,77.77,Muito alta,-22.630200000000002,-47.067449999999994,7.55,3524709
3519071,351907,Hortolândia,SP,Sudeste,2025,248842,23,2,1,1,0.92,0.8,0.4,0.4,50.76,62.0,73.25,79.99,84.49,95.73,79.99,44.96,16.13,55.03,Muito alta,-22.869500000000002,-47.2077,0.0,3519071
3519105,351910,Iacanga,SP,Sudeste,2025,10648,5,0,0,0,4.7,0.0,0.0,0.0,99.98,84.36,68.74,59.37,53.12,37.5,59.37,62.48,22.42,37.5,Alta,-21.90045,-49.022149999999996,20.38,3519600
3519204,351920,Iacri,SP,Sudeste,2025,6197,2,0,0,0,3.23,0.0,0.0,0.0,99.98,91.46,82.94,77.83,74.42,65.89,77.83,34.09,12.23,65.91,Muito alta,-21.796100000000003,-50.6271,20.29,3555000
3519253,351925,Iaras,SP,Sudeste,2025,8313,8,0,0,0,9.62,0.0,0.0,0.0,99.98,75.69,51.4,36.83,27.11,2.82,36.83,97.16,34.86,2.82,Moderada,-22.813049999999997,-49.0966,28.44,3500709
3519303,351930,Ibaté,SP,Sudeste,2025,33160,11,0,0,0,3.32,0.0,0.0,0.0,99.98,91.07,82.15,76.8,73.23,64.32,76.8,35.67,12.8,64.33,Muito alta,-21.939999999999998,-48.04515,15.64,3548906
3519501,351950,Ibirarema,SP,Sudeste,2025,6450,3,0,0,0,4.65,0.0,0.0,0.0,99.98,84.55,69.13,59.87,53.7,38.27,59.87,61.71,22.14,38.28,Alta,-22.8103,-50.070899999999995,20.63,4103602
3519402,351940,Ibirá,SP,Sudeste,2025,11952,3,0,0,0,2.51,0.0,0.0,0.0,99.98,94.52,89.06,85.78,83.6,78.14,85.78,21.85,7.84,78.15,Muito alta,-21.0716,-49.2181,18.17,3511300
3519600,351960,Ibitinga,SP,Sudeste,2025,62143,13,1,1,1,2.09,1.61,1.61,1.61,48.32,57.46,66.6,72.09,75.74,84.89,72.09,36.56,13.12,63.43,Alta,-21.7915,-48.8634,0.0,3519600
3519709,351970,Ibiúna,SP,Sudeste,2025,77801,4,3,0,0,0.51,3.86,0.0,0.0,36.74,52.0,67.25,76.4,82.5,97.76,76.4,61.01,21.89,38.98,Muito alta,-23.8095,-47.18875,0.0,3519709
3519808,351980,Icém,SP,Sudeste,2025,7982,6,0,0,0,7.52,0.0,0.0,0.0,99.98,76.83,53.67,39.78,30.52,7.36,39.78,92.62,33.23,7.36,Moderada,-20.3666,-49.191900000000004,34.03,3127107
3519907,351990,Iepê,SP,Sudeste,2025,7739,4,1,1,0,5.17,12.92,12.92,0.0,7.95,13.15,18.35,21.46,23.54,28.74,21.46,20.79,7.46,77.34,Baixa,-22.6337,-51.07385,0.0,3519907
3520103,352010,Igarapava,SP,Sudeste,2025,26696,8,0,0,0,3.0,0.0,0.0,0.0,99.98,92.51,85.05,80.57,77.58,70.11,80.57,29.87,10.72,70.13,Muito alta,-20.06885,-47.692099999999996,24.39,3118205
3520202,352020,Igaratá,SP,Sudeste,2025,10984,5,0,0,0,4.55,0.0,0.0,0.0,99.98,85.05,70.11,61.15,55.18,40.24,61.15,59.74,21.44,40.25,Alta,-23.1209,-46.1639,22.77,3532405
3520004,352000,Igaraçu do Tietê,SP,Sudeste,2025,23421,4,0,0,0,1.71,0.0,0.0,0.0,99.98,97.28,94.58,92.96,91.88,89.18,92.96,10.81,3.88,89.19,Muito alta,-22.5434,-48.571749999999994,26.95,3514106
3520301,352030,Iguape,SP,Sudeste,2025,29891,10,0,0,0,3.35,0.0,0.0,0.0,99.98,90.91,81.83,76.39,72.76,63.69,76.39,36.3,13.02,63.7,Muito alta,-24.587600000000002,-47.4541,41.92,3542602
3520426,352042,Ilha Comprida,SP,Sudeste,2025,14104,8,0,0,0,5.67,0.0,0.0,0.0,99.98,80.31,60.64,48.83,40.96,21.29,48.83,78.69,28.24,21.29,Moderada,-24.86425,-47.66385,45.43,3542602
3520442,352044,Ilha Solteira,SP,Sudeste,2025,26257,16,0,0,0,6.09,0.0,0.0,0.0,99.98,79.09,58.2,45.67,37.31,16.42,45.67,83.56,29.98,16.43,Moderada,-20.48115,-51.2287,46.93,5001003
3520400,352040,Ilhabela,SP,Sudeste,2025,36559,14,1,1,1,3.83,2.74,2.74,2.74,43.15,45.79,48.43,50.01,51.07,53.71,50.01,10.55,3.79,79.3,Alta,-23.846249999999998,-45.34655,0.0,3520400
3520509,352050,Indaiatuba,SP,Sudeste,2025,269657,17,5,4,1,0.63,1.85,1.48,0.37,47.32,59.8,72.29,79.78,84.77,97.25,79.78,49.94,17.92,50.05,Muito alta,-23.11195,-47.193749999999994,0.0,3520509
3520608,352060,Indiana,SP,Sudeste,2025,5200,3,0,0,0,5.77,0.0,0.0,0.0,99.98,79.96,59.94,47.92,39.91,19.89,47.92,80.09,28.74,19.89,Moderada,-22.132849999999998,-51.26155,17.79,3529203
3520707,352070,Indiaporã,SP,Sudeste,2025,4113,1,0,0,0,2.43,0.0,0.0,0.0,99.98,94.85,89.72,86.65,84.59,79.47,86.65,20.52,7.36,79.48,Muito alta,-19.9559,-50.26205,30.0,3134400
3520806,352080,Inúbia Paulista,SP,Sudeste,2025,3671,1,0,0,0,2.72,0.0,0.0,0.0,99.98,93.67,87.36,83.58,81.05,74.74,83.58,25.24,9.06,74.76,Muito alta,-21.727400000000003,-50.96165,19.73,3500105
3520905,352090,Ipaussu,SP,Sudeste,2025,13935,3,0,0,0,2.15,0.0,0.0,0.0,99.98,95.97,91.97,89.56,87.96,83.95,89.56,16.03,5.75,83.97,Muito alta,-23.0621,-49.604,27.15,4121802
3521002,352100,Iperó,SP,Sudeste,2025,38277,6,0,0,0,1.57,0.0,0.0,0.0,99.98,97.64,95.3,93.89,92.95,90.61,93.89,9.37,3.36,90.63,Muito alta,-23.40115,-47.6362,12.39,3510302
3521101,352110,Ipeúna,SP,Sudeste,2025,7027,3,0,0,0,4.27,0.0,0.0,0.0,99.98,86.47,72.95,64.84,59.43,45.92,64.84,54.07,19.4,45.92,Alta,-22.4373,-47.7164,9.56,3511706
3521150,352115,Ipiguá,SP,Sudeste,2025,7115,2,0,0,0,2.81,0.0,0.0,0.0,99.98,93.26,86.54,82.5,79.82,73.09,82.5,26.89,9.65,73.11,Muito alta,-20.633,-49.4063,17.43,3549805
3521200,352120,Iporanga,SP,Sudeste,2025,4083,2,0,0,0,4.9,0.0,0.0,0.0,99.98,83.36,66.73,56.75,50.1,33.48,56.75,66.51,23.86,33.48,Alta,-24.49495,-48.58115,35.25,3543006
3521309,352130,Ipuã,SP,Sudeste,2025,14701,7,0,0,0,4.76,0.0,0.0,0.0,99.98,84.03,68.08,58.5,52.12,36.17,58.5,63.81,22.9,36.18,Alta,-20.41055,-48.0629,17.94,3549409
3521408,352140,Iracemápolis,SP,Sudeste,2025,22500,4,0,0,0,1.78,0.0,0.0,0.0,99.98,97.08,94.18,92.44,91.29,88.39,92.44,11.6,4.16,88.4,Muito alta,-22.60765,-47.529849999999996,17.35,3526902
3521606,352160,Irapuru,SP,Sudeste,2025,7120,5,0,0,0,7.02,0.0,0.0,0.0,99.98,77.33,54.68,41.1,32.04,9.39,41.1,90.59,32.51,9.39,Moderada,-21.4677,-51.350049999999996,8.59,3526001
3521507,352150,Irapuã,SP,Sudeste,2025,6932,2,0,0,0,2.89,0.0,0.0,0.0,99.98,92.89,85.8,81.55,78.71,71.62,81.55,28.36,10.18,71.63,Muito alta,-21.2747,-49.40125,24.81,3533502
3521705,352170,Itaberá,SP,Sudeste,2025,18263,10,1,1,1,5.48,5.48,5.48,5.48,27.68,26.83,25.98,25.47,25.13,24.29,25.47,3.39,1.22,83.41,Moderada,-23.9058,-49.1458,0.0,3521705
3521903,352190,Itajobi,SP,Sudeste,2025,17502,5,0,0,0,2.86,0.0,0.0,0.0,99.98,93.04,86.09,81.92,79.14,72.2,81.92,27.79,9.97,72.21,Muito alta,-21.36535,-49.06715,27.96,3533502
3522000,352200,Itaju,SP,Sudeste,2025,3715,1,0,0,0,2.69,0.0,0.0,0.0,99.98,93.82,87.66,83.96,81.5,75.34,83.96,24.65,8.84,75.35,Muito alta,-21.957549999999998,-48.790949999999995,12.75,3505203
3522109,352210,Itanhaém,SP,Sudeste,2025,118495,11,2,1,0,0.93,1.69,0.84,0.0,48.09,59.98,71.87,79.01,83.76,95.66,79.01,47.57,17.07,52.42,Muito alta,-24.09555,-46.81285,0.0,3522109
3522158,352215,Itaoca,SP,Sudeste,2025,3497,1,0,0,0,2.86,0.0,0.0,0.0,99.98,93.02,86.06,81.89,79.1,72.14,81.89,27.84,9.99,72.15,Muito alta,-24.61575,-48.841,40.42,3543006
3522208,352220,Itapecerica da Serra,SP,Sudeste,2025,163003,15,6,2,2,0.92,3.68,1.23,1.23,37.96,52.42,66.87,75.55,81.33,95.78,75.55,57.82,20.75,42.17,Muito alta,-23.7325,-46.857600000000005,0.0,3522208
3522307,352230,Itapetininga,SP,Sudeste,2025,164256,25,2,2,2,1.52,1.22,1.22,1.22,49.69,60.06,70.43,76.65,80.8,91.17,76.65,41.48,14.88,58.51,Muito alta,-23.63495,-48.1075,0.0,3522307
3522406,352240,Itapeva,SP,Sudeste,2025,92393,26,2,2,0,2.81,2.16,2.16,0.0,45.93,52.7,59.47,63.53,66.24,73.0,63.53,27.07,9.71,72.01,Alta,-23.89415,-48.87475,0.0,3522406
3522505,352250,Itapevi,SP,Sudeste,2025,242995,15,0,0,0,0.62,0.0,0.0,0.0,99.98,99.31,98.64,98.23,97.96,97.29,98.23,2.69,0.97,97.31,Muito alta,-23.550449999999998,-46.9696,7.7,3525003
3522604,352260,Itapira,SP,Sudeste,2025,74038,18,2,0,0,2.43,2.7,0.0,0.0,43.31,52.36,61.4,66.82,70.44,79.48,66.82,36.17,12.98,63.82,Alta,-22.435000000000002,-46.75045,0.0,3522604
3522653,352265,Itapirapuã Paulista,SP,Sudeste,2025,4420,2,0,0,0,4.52,0.0,0.0,0.0,99.98,85.16,70.33,61.43,55.5,40.67,61.43,59.31,21.28,40.68,Alta,-24.55555,-49.2197,37.75,4105201
3522802,352280,Itaporanga,SP,Sudeste,2025,14245,4,1,1,1,2.81,7.02,7.02,7.02,20.73,33.83,46.93,54.79,60.03,73.13,54.79,52.4,18.8,47.59,Alta,-23.643900000000002,-49.438,0.0,3522802
3523008,352300,Itapura,SP,Sudeste,2025,4002,2,0,0,0,5.0,0.0,0.0,0.0,99.98,82.88,65.78,55.52,48.68,31.57,55.52,68.41,24.55,31.58,Alta,-20.577550000000002,-51.459,57.35,5001003
3522901,352290,Itapuí,SP,Sudeste,2025,14035,4,0,0,0,2.85,0.0,0.0,0.0,99.98,93.07,86.16,82.01,79.25,72.34,82.01,27.64,9.92,72.35,Muito alta,-22.24945,-48.7012,17.83,3525300
3523107,352310,Itaquaquecetuba,SP,Sudeste,2025,382983,19,0,0,0,0.5,0.0,0.0,0.0,99.98,99.43,98.89,98.56,98.34,97.79,98.56,2.19,0.79,97.81,Muito alta,-23.4661,-46.3322,9.84,3503901
3523206,352320,Itararé,SP,Sudeste,2025,45213,9,0,0,0,1.99,0.0,0.0,0.0,99.98,96.49,92.99,90.89,89.49,86.0,90.89,13.98,5.02,86.01,Muito alta,-24.1047,-49.32965,28.95,3521705
3523305,352330,Itariri,SP,Sudeste,2025,15916,7,0,0,0,4.4,0.0,0.0,0.0,99.98,85.76,71.54,63.01,57.32,43.1,63.01,56.88,20.41,43.11,Alta,-24.289,-47.134249999999994,12.68,3537602
3523404,352340,Itatiba,SP,Sudeste,2025,127112,25,2,2,1,1.97,1.57,1.57,0.79,48.54,58.0,67.46,73.13,76.92,86.38,73.13,37.84,13.58,62.15,Alta,-23.01495,-46.8039,0.0,3523404
3523503,352350,Itatinga,SP,Sudeste,2025,19462,4,0,0,0,2.06,0.0,0.0,0.0,99.98,96.32,92.65,90.45,88.98,85.32,90.45,14.67,5.26,85.33,Muito alta,-23.14245,-48.603,34.23,3507506
3521804,352180,Itaí,SP,Sudeste,2025,25979,8,0,0,0,3.08,0.0,0.0,0.0,99.98,92.18,84.37,79.69,76.57,68.77,79.69,31.22,11.2,68.78,Muito alta,-23.4835,-49.02535,22.67,3535804
3523602,352360,Itirapina,SP,Sudeste,2025,16454,7,0,0,0,4.25,0.0,0.0,0.0,99.98,86.56,73.15,65.1,59.73,46.31,65.1,53.67,19.26,46.32,Alta,-22.2925,-47.833600000000004,25.63,3543907
3523701,352370,Itirapuã,SP,Sudeste,2025,5857,3,0,0,0,5.12,0.0,0.0,0.0,99.98,82.38,64.77,54.21,47.17,29.56,54.21,70.42,25.27,29.57,Alta,-20.6485,-47.17475,15.83,3112406
3523800,352380,Itobi,SP,Sudeste,2025,8227,2,0,0,0,2.43,0.0,0.0,0.0,99.98,94.86,89.74,86.67,84.62,79.5,86.67,20.48,7.35,79.52,Muito alta,-21.756999999999998,-46.9144,19.08,3510807
3523909,352390,Itu,SP,Sudeste,2025,175047,18,3,2,2,1.03,1.71,1.14,1.14,47.98,59.78,71.58,78.65,83.37,95.17,78.65,47.19,16.93,52.8,Muito alta,-23.2973,-47.277550000000005,0.0,3523909
3524006,352400,Itupeva,SP,Sudeste,2025,74994,14,1,0,0,1.87,1.33,0.0,0.0,49.24,58.73,68.23,73.93,77.72,87.22,73.93,37.98,13.63,61.83,Alta,-23.146,-47.069599999999994,0.0,3524006
3524105,352410,Ituverava,SP,Sudeste,2025,38413,13,1,1,1,3.38,2.6,2.6,2.6,43.78,48.57,53.36,56.23,58.14,62.93,56.23,19.15,6.87,78.87,Alta,-20.31875,-47.827600000000004,0.0,3524105
3522703,352270,Itápolis,SP,Sudeste,2025,40445,8,0,0,0,1.98,0.0,0.0,0.0,99.98,96.52,93.06,90.99,89.6,86.14,90.99,13.84,4.97,86.16,Muito alta,-21.5435,-48.7872,28.68,3519600
3524204,352420,Jaborandi,SP,Sudeste,2025,6280,2,0,0,0,3.18,0.0,0.0,0.0,99.98,91.68,83.38,78.4,75.08,66.77,78.4,33.21,11.92,66.79,Muito alta,-20.6569,-48.423,25.18,3505500
3524303,352430,Jaboticabal,SP,Sudeste,2025,73473,12,1,1,1,1.63,1.36,1.36,1.36,49.09,59.3,69.5,75.63,79.71,89.91,75.63,40.82,14.65,59.17,Muito alta,-21.2108,-48.29325,0.0,3524303
3524402,352440,Jacareí,SP,Sudeste,2025,250952,19,2,2,0,0.76,0.8,0.8,0.0,50.8,62.28,73.76,80.64,85.24,96.72,80.64,45.92,16.48,54.08,Muito alta,-23.30035,-45.9697,0.0,3524402
3524501,352450,Jaci,SP,Sudeste,2025,7944,3,0,0,0,3.78,0.0,0.0,0.0,99.98,88.7,77.43,70.66,66.15,54.87,70.66,45.11,16.19,54.88,Alta,-20.9443,-49.5788,28.99,3549805
3524600,352460,Jacupiranga,SP,Sudeste,2025,16216,7,0,0,0,4.32,0.0,0.0,0.0,99.98,86.2,72.42,64.15,58.64,44.86,64.15,55.12,19.78,44.87,Alta,-24.77695,-48.0647,37.82,3542602
3524709,352470,Jaguariúna,SP,Sudeste,2025,62309,11,1,0,0,1.77,1.6,0.0,0.0,48.36,58.39,68.43,74.45,78.46,88.49,74.45,40.14,14.4,59.86,Alta,-22.679499999999997,-47.0169,0.0,3524709
3524808,352480,Jales,SP,Sudeste,2025,50078,12,1,1,0,2.4,2.0,2.0,0.0,46.71,55.1,63.49,68.52,71.88,80.27,68.52,33.57,12.04,66.39,Alta,-20.2641,-50.55755,0.0,3524808
3524907,352490,Jambeiro,SP,Sudeste,2025,6611,4,0,0,0,6.05,0.0,0.0,0.0,99.98,79.22,58.46,46.01,37.7,16.94,46.01,83.04,29.8,16.95,Moderada,-23.2758,-45.7076,19.17,3508504
3525003,352500,Jandira,SP,Sudeste,2025,121550,10,1,1,1,0.82,0.82,0.82,0.82,50.73,62.14,73.56,80.41,84.98,96.39,80.41,45.67,16.39,54.33,Muito alta,-23.539250000000003,-46.8951,0.0,3525003
3525102,352510,Jardinópolis,SP,Sudeste,2025,47125,12,0,0,0,2.55,0.0,0.0,0.0,99.98,94.42,88.86,85.53,83.3,77.74,85.53,22.24,7.98,77.76,Muito alta,-21.00155,-47.837900000000005,22.95,3551702
3525201,352520,Jarinu,SP,Sudeste,2025,40007,5,1,0,0,1.25,2.5,0.0,0.0,44.39,56.68,68.96,76.34,81.25,93.54,76.34,49.15,17.63,50.84,Muito alta,-23.0944,-46.73115,0.0,3525201
3525300,352530,Jaú,SP,Sudeste,2025,137409,20,3,2,1,1.46,2.18,1.46,0.73,45.81,57.31,68.8,75.7,80.3,91.8,75.7,45.99,16.5,54.0,Muito alta,-22.30205,-48.5375,0.0,3525300
3525409,352540,Jeriquara,SP,Sudeste,2025,4000,2,0,0,0,5.0,0.0,0.0,0.0,99.98,82.87,65.76,55.49,48.65,31.54,55.49,68.44,24.56,31.54,Alta,-20.34225,-47.57185,26.79,3524105
3525508,352550,Joanópolis,SP,Sudeste,2025,13131,3,0,0,0,2.28,0.0,0.0,0.0,99.98,95.51,91.04,88.36,86.57,82.1,88.36,17.88,6.42,82.12,Muito alta,-22.9342,-46.21955,14.48,3125101
3525706,352570,José Bonifácio,SP,Sudeste,2025,37992,10,0,0,0,2.63,0.0,0.0,0.0,99.98,94.1,88.22,84.69,82.33,76.45,84.69,23.53,8.44,76.46,Muito alta,-21.0962,-49.7745,45.82,3541604
3525607,352560,João Ramalho,SP,Sudeste,2025,4464,3,0,0,0,6.72,0.0,0.0,0.0,99.98,77.8,55.61,42.3,33.42,11.24,42.3,88.75,31.84,11.24,Moderada,-22.233249999999998,-50.82015,29.56,3529203
3525854,352585,Jumirim,SP,Sudeste,2025,3132,1,0,0,0,3.19,0.0,0.0,0.0,99.98,91.64,83.3,78.29,74.96,66.61,78.29,33.37,11.97,66.62,Muito alta,-23.10065,-47.785700000000006,10.07,3511508
3525904,352590,Jundiaí,SP,Sudeste,2025,463039,40,8,8,1,0.86,1.73,1.73,0.22,47.91,59.98,72.04,79.28,84.11,96.18,79.28,48.27,17.32,51.72,Muito alta,-23.2016,-46.907399999999996,0.0,3525904
3526001,352600,Junqueirópolis,SP,Sudeste,2025,20939,11,2,1,0,5.25,9.55,4.78,0.0,12.48,16.23,19.99,22.24,23.74,27.5,22.24,15.02,5.39,81.13,Baixa,-21.46425,-51.432950000000005,0.0,3526001
3526209,352620,Juquitiba,SP,Sudeste,2025,27969,9,0,0,0,3.22,0.0,0.0,0.0,99.98,91.51,83.03,77.94,74.55,66.07,77.94,33.91,12.17,66.09,Muito alta,-23.9545,-47.0062,24.59,3519709
3526100,352610,Juquiá,SP,Sudeste,2025,17184,7,0,0,0,4.07,0.0,0.0,0.0,99.98,87.36,74.74,67.16,62.11,49.49,67.16,50.49,18.12,49.5,Alta,-24.21885,-47.6387,37.75,3542602
3525805,352580,Júlio Mesquita,SP,Sudeste,2025,4302,2,0,0,0,4.65,0.0,0.0,0.0,99.98,84.56,69.13,59.88,53.71,38.29,59.88,61.69,22.14,38.29,Alta,-21.9685,-49.80815,28.82,3529005
3526308,352630,Lagoinha,SP,Sudeste,2025,5183,4,0,0,0,7.72,0.0,0.0,0.0,99.98,76.66,53.33,39.33,30.0,6.68,39.33,93.3,33.48,6.68,Moderada,-23.09785,-45.2215,29.5,3554102
3526407,352640,Laranjal Paulista,SP,Sudeste,2025,27044,9,0,0,0,3.33,0.0,0.0,0.0,99.98,91.01,82.03,76.65,73.06,64.08,76.65,35.9,12.88,64.09,Muito alta,-23.01735,-47.85435,20.33,3512308
3526605,352660,Lavrinhas,SP,Sudeste,2025,7348,5,0,0,0,6.8,0.0,0.0,0.0,99.98,77.63,55.28,41.87,32.92,10.57,41.87,89.41,32.08,10.57,Moderada,-22.52475,-44.898849999999996,12.43,3513405
3526506,352650,Lavínia,SP,Sudeste,2025,9940,6,0,0,0,6.04,0.0,0.0,0.0,99.98,79.26,58.54,46.1,37.81,17.09,46.1,82.89,29.74,17.09,Moderada,-21.146900000000002,-51.037800000000004,42.99,3502804
3526704,352670,Leme,SP,Sudeste,2025,101537,19,0,0,0,1.87,0.0,0.0,0.0,99.98,96.78,93.57,91.65,90.37,87.17,91.65,12.82,4.6,87.18,Muito alta,-22.175150000000002,-47.34085,23.81,3539301
3526803,352680,Lençóis Paulista,SP,Sudeste,2025,68568,12,1,1,0,1.75,1.46,1.46,0.0,48.84,58.8,68.75,74.72,78.7,88.66,74.72,39.81,14.29,60.18,Alta,-22.66805,-48.8142,0.0,3526803
3526902,352690,Limeira,SP,Sudeste,2025,301292,32,1,1,1,1.06,0.33,0.33,0.33,51.44,62.31,73.18,79.7,84.05,94.92,79.7,43.48,15.6,56.3,Muito alta,-22.59165,-47.36175,0.0,3526902
3527009,352700,Lindóia,SP,Sudeste,2025,7158,4,0,0,0,5.59,0.0,0.0,0.0,99.98,80.62,61.25,49.64,41.89,22.53,49.64,77.45,27.79,22.53,Moderada,-22.51065,-46.6558,12.86,3522604
3527108,352710,Lins,SP,Sudeste,2025,76844,14,2,2,1,1.82,2.6,2.6,1.3,43.8,54.81,65.81,72.42,76.82,87.83,72.42,44.03,15.8,55.96,Alta,-21.64675,-49.69335,0.0,3527108
3527207,352720,Lorena,SP,Sudeste,2025,87468,21,0,0,0,2.4,0.0,0.0,0.0,99.98,95.02,90.06,87.08,85.09,80.13,87.08,19.85,7.12,80.14,Muito alta,-22.7777,-45.0494,19.36,3518404
3527256,352725,Lourdes,SP,Sudeste,2025,1962,2,0,0,0,10.19,0.0,0.0,0.0,99.98,75.54,51.1,36.44,26.66,2.23,36.44,97.76,35.08,2.23,Moderada,-20.954250000000002,-50.239599999999996,36.28,3506508
3527306,352730,Louveira,SP,Sudeste,2025,54865,7,1,0,0,1.28,1.82,0.0,0.0,47.39,58.89,70.38,77.28,81.88,93.38,77.28,45.99,16.5,54.0,Muito alta,-23.0811,-46.9304,0.0,3527306
3527504,352750,Lucianópolis,SP,Sudeste,2025,2423,1,0,0,0,4.13,0.0,0.0,0.0,99.98,87.17,74.35,66.66,61.53,48.72,66.66,51.27,18.39,48.73,Alta,-22.4835,-49.55285000000001,18.4,3514502
3527405,352740,Lucélia,SP,Sudeste,2025,20378,10,0,0,0,4.91,0.0,0.0,0.0,99.98,83.32,66.65,56.65,49.98,33.32,56.65,66.67,23.92,33.32,Alta,-21.63395,-51.0053,8.94,3500105
3527702,352770,Luiziânia,SP,Sudeste,2025,4740,1,0,0,0,2.11,0.0,0.0,0.0,99.98,96.12,92.26,89.95,88.4,84.54,89.95,15.44,5.54,84.56,Muito alta,-21.6735,-50.349999999999994,34.0,3517000
3527801,352780,Lupércio,SP,Sudeste,2025,4004,1,0,0,0,2.5,0.0,0.0,0.0,99.98,94.58,89.18,85.93,83.77,78.37,85.93,21.61,7.75,78.38,Muito alta,-22.43855,-49.81045,26.32,3516705
3527900,352790,Lutécia,SP,Sudeste,2025,2697,1,0,0,0,3.71,0.0,0.0,0.0,99.98,89.09,78.2,71.66,67.31,56.42,71.66,43.56,15.63,56.43,Alta,-22.326050000000002,-50.358050000000006,29.04,3504008
3527603,352760,Luís Antônio,SP,Sudeste,2025,12564,9,0,0,0,7.16,0.0,0.0,0.0,99.98,77.15,54.32,40.62,31.48,8.65,40.62,91.33,32.77,8.65,Moderada,-21.54615,-47.7834,32.1,3501707
3528007,352800,Macatuba,SP,Sudeste,2025,17140,4,0,0,0,2.33,0.0,0.0,0.0,99.98,95.32,90.66,87.86,85.99,81.33,87.86,18.65,6.69,81.35,Muito alta,-22.463549999999998,-48.72405,24.55,3526803
3528106,352810,Macaubal,SP,Sudeste,2025,7581,2,0,0,0,2.64,0.0,0.0,0.0,99.98,94.07,88.16,84.62,82.25,76.34,84.62,23.64,8.48,76.36,Muito alta,-20.85085,-49.97795,20.05,3532603
3528205,352820,Macedônia,SP,Sudeste,2025,4058,1,0,0,0,2.46,0.0,0.0,0.0,99.98,94.7,89.43,86.26,84.15,78.87,86.26,21.11,7.57,78.89,Muito alta,-20.09585,-50.1721,22.81,3515509
3528304,352830,Magda,SP,Sudeste,2025,3211,1,0,0,0,3.11,0.0,0.0,0.0,99.98,92.03,84.08,79.31,76.13,68.17,79.31,31.81,11.41,68.19,Muito alta,-20.610999999999997,-50.2205,21.42,3532603
3528403,352840,Mairinque,SP,Sudeste,2025,51888,18,0,0,0,3.47,0.0,0.0,0.0,99.98,90.39,80.8,75.05,71.21,61.62,75.05,38.36,13.76,61.63,Muito alta,-23.51905,-47.2424,14.75,3550605
3528502,352850,Mairiporã,SP,Sudeste,2025,97835,17,0,0,0,1.74,0.0,0.0,0.0,99.98,97.2,94.42,92.75,91.64,88.85,92.75,11.13,3.99,88.87,Muito alta,-23.3283,-46.54435,11.55,3518800
3528601,352860,Manduri,SP,Sudeste,2025,10122,2,0,0,0,1.98,0.0,0.0,0.0,99.98,96.53,93.08,91.01,89.63,86.18,91.01,13.8,4.95,86.19,Muito alta,-23.04875,-49.3048,51.92,4121802
3528700,352870,Marabá Paulista,SP,Sudeste,2025,4619,2,0,0,0,4.33,0.0,0.0,0.0,99.98,86.13,72.29,63.98,58.44,44.59,63.98,55.39,19.88,44.6,Alta,-22.11975,-52.07425,38.46,3547700
3528809,352880,Maracaí,SP,Sudeste,2025,12804,4,0,0,0,3.12,0.0,0.0,0.0,99.98,91.93,83.88,79.05,75.83,67.78,79.05,32.2,11.55,67.79,Muito alta,-22.655299999999997,-50.7465,32.92,3504008
3528858,352885,Marapoama,SP,Sudeste,2025,3415,1,0,0,0,2.93,0.0,0.0,0.0,99.98,92.77,85.56,81.23,78.35,71.14,81.23,28.85,10.35,71.15,Muito alta,-21.255499999999998,-49.1466,24.26,3511102
3529104,352910,Marinópolis,SP,Sudeste,2025,1862,2,0,0,0,10.74,0.0,0.0,0.0,99.98,75.4,50.83,36.08,26.25,1.67,36.08,98.31,35.28,1.67,Moderada,-20.477249999999998,-50.836600000000004,37.52,3524808
3528908,352890,Mariápolis,SP,Sudeste,2025,3526,2,0,0,0,5.67,0.0,0.0,0.0,99.98,80.31,60.64,48.83,40.96,21.29,48.83,78.69,28.24,21.29,Moderada,-21.7779,-51.1707,24.06,3500105
3529203,352920,Martinópolis,SP,Sudeste,2025,25240,14,1,1,0,5.55,3.96,3.96,0.0,36.04,32.8,29.55,27.61,26.31,23.07,27.61,12.98,4.66,77.0,Moderada,-22.200899999999997,-51.105149999999995,0.0,3529203
3529005,352900,Marília,SP,Sudeste,2025,247348,59,6,5,2,2.39,2.43,2.02,0.81,44.77,53.68,62.59,67.94,71.5,80.42,67.94,35.65,12.79,64.34,Alta,-22.186700000000002,-49.95910000000001,0.0,3529005
3529302,352930,Matão,SP,Sudeste,2025,81075,19,0,0,0,2.34,0.0,0.0,0.0,99.98,95.28,90.58,87.75,85.87,81.17,87.75,18.81,6.75,81.18,Muito alta,-21.61815,-48.44435,21.13,3532900
3529401,352940,Mauá,SP,Sudeste,2025,429014,25,2,2,2,0.58,0.47,0.47,0.47,51.28,62.8,74.32,81.23,85.84,97.36,81.23,46.08,16.53,53.91,Muito alta,-23.665399999999998,-46.4347,0.0,3529401
3529500,352950,Mendonça,SP,Sudeste,2025,6420,2,0,0,0,3.12,0.0,0.0,0.0,99.98,92.02,84.05,79.27,76.09,68.12,79.27,31.86,11.43,68.13,Muito alta,-21.199350000000003,-49.5721,41.53,3533502
3529609,352960,Meridiano,SP,Sudeste,2025,4721,1,0,0,0,2.12,0.0,0.0,0.0,99.98,96.09,92.19,89.85,88.3,84.4,89.85,15.58,5.59,84.42,Muito alta,-20.40275,-50.19635,15.45,3515509
3529658,352965,Mesópolis,SP,Sudeste,2025,1990,1,0,0,0,5.03,0.0,0.0,0.0,99.98,82.76,65.54,55.2,48.31,31.09,55.2,68.89,24.72,31.1,Alta,-19.948500000000003,-50.61905,35.63,3134400
3529708,352970,Miguelópolis,SP,Sudeste,2025,19621,10,0,0,0,5.1,0.0,0.0,0.0,99.98,82.49,64.99,54.49,47.49,29.99,54.49,69.99,25.11,30.0,Alta,-20.19075,-48.17055,33.13,3117306
3529807,352980,Mineiros do Tietê,SP,Sudeste,2025,11322,3,0,0,0,2.65,0.0,0.0,0.0,99.98,94.02,88.06,84.49,82.1,76.14,84.49,23.84,8.55,76.16,Muito alta,-22.4681,-48.43755,10.92,3514106
3530003,353000,Mira Estrela,SP,Sudeste,2025,3209,1,0,0,0,3.12,0.0,0.0,0.0,99.98,92.0,84.02,79.24,76.05,68.07,79.24,31.92,11.45,68.08,Muito alta,-19.95605,-50.117149999999995,39.1,3134400
3529906,352990,Miracatu,SP,Sudeste,2025,18610,10,0,0,0,5.37,0.0,0.0,0.0,99.98,81.4,62.82,51.67,44.23,25.65,51.67,74.33,26.67,25.66,Alta,-24.1927,-47.3512,36.19,3537602
3530102,353010,Mirandópolis,SP,Sudeste,2025,28754,8,0,0,0,2.78,0.0,0.0,0.0,99.98,93.39,86.81,82.85,80.22,73.63,82.85,26.35,9.46,73.64,Muito alta,-21.08645,-51.1142,51.28,3502804
3530201,353020,Mirante do Paranapanema,SP,Sudeste,2025,16031,10,0,0,0,6.24,0.0,0.0,0.0,99.98,78.75,57.52,44.78,36.29,15.06,44.78,84.92,30.47,15.06,Moderada,-22.3453,-51.9837,45.2,3541208
3530300,353030,Mirassol,SP,Sudeste,2025,65811,7,0,0,0,1.06,0.0,0.0,0.0,99.98,98.71,97.43,96.67,96.16,94.88,96.67,5.1,1.83,94.9,Muito alta,-20.828400000000002,-49.50465,15.92,3549805
3530409,353040,Mirassolândia,SP,Sudeste,2025,4783,1,0,0,0,2.09,0.0,0.0,0.0,99.98,96.22,92.45,90.19,88.69,84.92,90.19,15.06,5.4,84.94,Muito alta,-20.59555,-49.48365,24.58,3549805
3530508,353050,Mococa,SP,Sudeste,2025,69372,20,1,1,1,2.88,1.44,1.44,1.44,48.9,54.58,60.27,63.68,65.95,71.64,63.68,22.74,8.16,74.74,Alta,-21.44545,-47.0078,0.0,3530508
3530706,353070,Mogi Guaçu,SP,Sudeste,2025,160318,26,0,0,0,1.62,0.0,0.0,0.0,99.98,97.5,95.02,93.53,92.54,90.06,93.53,9.93,3.56,90.07,Muito alta,-22.234099999999998,-47.0108,20.05,3500303
3530805,353080,Mogi Mirim,SP,Sudeste,2025,95742,14,1,1,1,1.46,1.04,1.04,1.04,50.15,60.53,70.91,77.14,81.29,91.67,77.14,41.52,14.9,58.47,Muito alta,-22.437800000000003,-46.99965,0.0,3530805
3530607,353060,Mogi das Cruzes,SP,Sudeste,2025,470302,37,4,4,2,0.79,0.85,0.85,0.43,50.62,62.13,73.63,80.53,85.14,96.64,80.53,46.02,16.51,53.97,Muito alta,-23.55655,-46.18785,0.0,3530607
3530904,353090,Mombuca,SP,Sudeste,2025,3830,2,0,0,0,5.22,0.0,0.0,0.0,99.98,81.99,63.99,53.2,46.0,28.0,53.2,71.98,25.83,28.01,Alta,-22.9422,-47.605599999999995,10.85,3544004
3531100,353110,Mongaguá,SP,Sudeste,2025,64845,11,0,0,0,1.7,0.0,0.0,0.0,99.98,97.32,94.65,93.05,91.99,89.32,93.05,10.66,3.83,89.34,Muito alta,-24.0708,-46.668,14.96,3522109
3531209,353120,Monte Alegre do Sul,SP,Sudeste,2025,8923,3,0,0,0,3.36,0.0,0.0,0.0,99.98,90.82,81.66,76.17,72.5,63.35,76.17,36.64,13.15,63.36,Muito alta,-22.712600000000002,-46.67055,14.12,3501905
3531308,353130,Monte Alto,SP,Sudeste,2025,48758,9,0,0,0,1.85,0.0,0.0,0.0,99.98,96.85,93.72,91.84,90.59,87.45,91.84,12.53,4.5,87.47,Muito alta,-21.2587,-48.566,20.6,3553708
3531407,353140,Monte Aprazível,SP,Sudeste,2025,22668,4,0,0,0,1.76,0.0,0.0,0.0,99.98,97.12,94.26,92.54,91.39,88.53,92.54,11.45,4.11,88.55,Muito alta,-20.72665,-49.776700000000005,26.61,3532603
3531506,353150,Monte Azul Paulista,SP,Sudeste,2025,18337,10,0,0,0,5.45,0.0,0.0,0.0,99.98,81.17,62.36,51.07,43.55,24.74,51.07,75.25,27.0,24.74,Alta,-20.9116,-48.6874,16.98,3506102
3531605,353160,Monte Castelo,SP,Sudeste,2025,4306,2,0,0,0,4.64,0.0,0.0,0.0,99.98,84.59,69.19,59.95,53.79,38.4,59.95,61.59,22.1,38.4,Alta,-21.2416,-51.575050000000005,28.8,3526001
3531803,353180,Monte Mor,SP,Sudeste,2025,67832,12,0,0,0,1.77,0.0,0.0,0.0,99.98,97.1,94.22,92.49,91.34,88.46,92.49,11.52,4.13,88.47,Muito alta,-22.951999999999998,-47.299,11.79,3552403
3531704,353170,Monteiro Lobato,SP,Sudeste,2025,4205,2,0,0,0,4.76,0.0,0.0,0.0,99.98,84.06,68.15,58.6,52.23,36.31,58.6,63.67,22.85,36.32,Alta,-22.9386,-45.799400000000006,18.62,3549904
3531001,353100,Monções,SP,Sudeste,2025,1947,1,0,0,0,5.14,0.0,0.0,0.0,99.98,82.32,64.66,54.06,46.99,29.33,54.06,70.65,25.35,29.34,Alta,-20.87125,-50.093999999999994,22.76,3532603
3531902,353190,Morro Agudo,SP,Sudeste,2025,28521,13,1,1,1,4.56,3.51,3.51,3.51,38.84,39.15,39.46,39.65,39.77,40.08,39.65,1.24,0.44,84.79,Moderada,-20.6927,-48.17285,0.0,3531902
3532009,353200,Morungaba,SP,Sudeste,2025,14147,6,0,0,0,4.24,0.0,0.0,0.0,99.98,86.62,73.26,65.25,59.9,46.54,65.25,53.44,19.17,46.55,Alta,-22.88545,-46.78005,14.61,3523404
3532058,353205,Motuca,SP,Sudeste,2025,4071,2,0,0,0,4.91,0.0,0.0,0.0,99.98,83.28,66.58,56.56,49.87,33.17,56.56,66.81,23.97,33.18,Alta,-21.5195,-48.16885,26.25,3503208
3532108,353210,Murutinga do Sul,SP,Sudeste,2025,3748,2,0,0,0,5.34,0.0,0.0,0.0,99.98,81.57,63.15,52.1,44.73,26.31,52.1,73.67,26.43,26.32,Alta,-20.99675,-51.3018,53.73,3526001
3532157,353215,Nantes,SP,Sudeste,2025,2697,2,0,0,0,7.42,0.0,0.0,0.0,99.98,76.92,53.85,40.01,30.78,7.72,40.01,92.26,33.11,7.72,Moderada,-22.6019,-51.1991,13.33,3519907
3532207,353220,Narandiba,SP,Sudeste,2025,5956,2,0,0,0,3.36,0.0,0.0,0.0,99.98,90.85,81.71,76.23,72.57,63.44,76.23,36.55,13.11,63.45,Muito alta,-22.5265,-51.53715,28.17,4113809
3532306,353230,Natividade da Serra,SP,Sudeste,2025,7155,3,0,0,0,4.19,0.0,0.0,0.0,99.98,86.83,73.68,65.78,60.52,47.37,65.78,52.61,18.88,47.38,Alta,-23.43305,-45.3762,24.09,3510500
3532405,353240,Nazaré Paulista,SP,Sudeste,2025,18675,3,1,0,0,1.61,5.35,0.0,0.0,28.2,43.73,59.26,68.58,74.79,90.32,68.58,62.13,22.29,37.86,Alta,-23.20835,-46.36525,0.0,3532405
3532504,353250,Neves Paulista,SP,Sudeste,2025,9953,4,0,0,0,4.02,0.0,0.0,0.0,99.98,87.65,75.31,67.91,62.97,50.64,67.91,49.34,17.71,50.65,Alta,-20.8647,-49.64475,31.02,3549805
3532603,353260,Nhandeara,SP,Sudeste,2025,9915,5,1,0,0,5.04,10.09,0.0,0.0,11.58,16.37,21.16,24.04,25.96,30.75,24.04,19.17,6.88,78.19,Baixa,-20.6764,-50.026849999999996,0.0,3532603
3532702,353270,Nipoã,SP,Sudeste,2025,4876,1,0,0,0,2.05,0.0,0.0,0.0,99.98,96.33,92.68,90.48,89.02,85.37,90.48,14.61,5.24,85.39,Muito alta,-20.8938,-49.77605,35.56,3532603
3532801,353280,Nova Aliança,SP,Sudeste,2025,6885,2,0,0,0,2.9,0.0,0.0,0.0,99.98,92.83,85.68,81.4,78.54,71.39,81.4,28.59,10.26,71.4,Muito alta,-21.051949999999998,-49.5322,32.38,3511300
3532827,353282,Nova Campina,SP,Sudeste,2025,8630,6,0,0,0,6.95,0.0,0.0,0.0,99.98,77.43,54.88,41.35,32.33,9.78,41.35,90.2,32.37,9.78,Moderada,-24.206,-48.985150000000004,18.85,3543006
3532843,353284,Nova Canaã Paulista,SP,Sudeste,2025,2055,2,0,0,0,9.73,0.0,0.0,0.0,99.98,75.65,51.32,36.72,26.99,2.66,36.72,97.33,34.92,2.66,Moderada,-20.367150000000002,-50.91015,38.51,3524808
3532868,353286,Nova Castilho,SP,Sudeste,2025,1072,1,0,0,0,9.33,0.0,0.0,0.0,99.98,75.77,51.55,37.02,27.34,3.12,37.02,96.86,34.75,3.12,Moderada,-20.7834,-50.3488,35.53,3532603
3532900,353290,Nova Europa,SP,Sudeste,2025,9459,5,1,1,1,5.29,10.57,10.57,10.57,11.02,15.03,19.05,21.45,23.06,27.07,21.45,16.05,5.76,80.7,Baixa,-21.7768,-48.5569,0.0,3532900
3533007,353300,Nova Granada,SP,Sudeste,2025,19733,2,0,0,0,1.01,0.0,0.0,0.0,99.98,98.79,97.6,96.89,96.41,95.23,96.89,4.76,1.71,95.24,Muito alta,-20.45455,-49.3391,36.63,3549805
3533106,353310,Nova Guataporanga,SP,Sudeste,2025,2188,2,0,0,0,9.14,0.0,0.0,0.0,99.98,75.88,51.79,37.33,27.69,3.59,37.33,96.39,34.59,3.59,Moderada,-21.31995,-51.64885,26.82,3514403
3533205,353320,Nova Independência,SP,Sudeste,2025,4847,3,0,0,0,6.19,0.0,0.0,0.0,99.98,78.86,57.75,45.07,36.63,15.51,45.07,84.47,30.31,15.51,Moderada,-21.1411,-51.521950000000004,37.1,3526001
3533304,353330,Nova Luzitânia,SP,Sudeste,2025,2817,1,0,0,0,3.55,0.0,0.0,0.0,99.98,89.93,79.87,73.84,69.81,59.76,73.84,40.23,14.43,59.77,Alta,-20.87075,-50.2501,31.71,3532603
3533403,353340,Nova Odessa,SP,Sudeste,2025,64596,7,1,0,0,1.08,1.55,0.0,0.0,48.61,60.13,71.65,78.56,83.17,94.69,78.56,46.08,16.53,53.91,Muito alta,-22.7823,-47.2846,0.0,3533403
3533254,353325,Novais,SP,Sudeste,2025,4463,1,0,0,0,2.24,0.0,0.0,0.0,99.98,95.65,91.32,88.72,86.99,82.66,88.72,17.32,6.22,82.68,Muito alta,-20.98745,-48.91045,16.49,3511102
3533502,353350,Novo Horizonte,SP,Sudeste,2025,39494,8,1,0,0,2.03,2.53,0.0,0.0,44.18,54.55,64.93,71.16,75.31,85.69,71.16,41.52,14.9,58.47,Alta,-21.48005,-49.30755,0.0,3533502
3533601,353360,Nuporanga,SP,Sudeste,2025,7570,6,0,0,0,7.93,0.0,0.0,0.0,99.98,76.5,53.02,38.93,29.53,6.05,38.93,93.93,33.7,6.05,Moderada,-20.70065,-47.722049999999996,30.58,3549409
3533700,353370,Ocauçu,SP,Sudeste,2025,4418,2,0,0,0,4.53,0.0,0.0,0.0,99.98,85.14,70.3,61.4,55.46,40.62,61.4,59.36,21.3,40.63,Alta,-22.43455,-49.9576,27.56,3529005
3533908,353390,Olímpia,SP,Sudeste,2025,56874,9,1,1,0,1.58,1.76,1.76,0.0,47.82,58.49,69.16,75.56,79.83,90.5,75.56,42.69,15.32,57.31,Muito alta,-20.70705,-48.957899999999995,0.0,3533908
3534005,353400,Onda Verde,SP,Sudeste,2025,4942,2,0,0,0,4.05,0.0,0.0,0.0,99.98,87.49,75.0,67.5,62.5,50.01,67.5,49.97,17.93,50.02,Alta,-20.610149999999997,-49.247550000000004,22.5,3549805
3534104,353410,Oriente,SP,Sudeste,2025,6180,4,0,0,0,6.47,0.0,0.0,0.0,99.98,78.2,56.42,43.35,34.63,12.85,43.35,87.13,31.26,12.85,Moderada,-22.14375,-50.088499999999996,14.16,3529005
3534203,353420,Orindiúva,SP,Sudeste,2025,6157,1,0,0,0,1.62,0.0,0.0,0.0,99.98,97.49,95.0,93.51,92.51,90.02,93.51,9.96,3.57,90.04,Muito alta,-20.214199999999998,-49.35965,37.54,3127107
3534302,353430,Orlândia,SP,Sudeste,2025,39144,9,0,0,0,2.3,0.0,0.0,0.0,99.98,95.46,90.94,88.22,86.41,81.89,88.22,18.09,6.49,81.9,Muito alta,-20.7006,-47.894850000000005,19.07,3549409
3534401,353440,Osasco,SP,Sudeste,2025,759524,38,6,6,3,0.5,0.79,0.79,0.39,50.83,62.57,74.3,81.35,86.04,97.77,81.35,46.94,16.84,53.05,Muito alta,-23.53675,-46.7887,0.0,3534401
3534500,353450,Oscar Bressane,SP,Sudeste,2025,2502,1,0,0,0,4.0,0.0,0.0,0.0,99.98,87.72,75.45,68.09,63.19,50.92,68.09,49.06,17.6,50.93,Alta,-22.294,-50.25095,32.32,3529005
3534609,353460,Osvaldo Cruz,SP,Sudeste,2025,32112,10,0,0,0,3.11,0.0,0.0,0.0,99.98,92.03,84.09,79.32,76.14,68.19,79.32,31.79,11.41,68.2,Muito alta,-21.7073,-50.86735,25.27,3500105
3534708,353470,Ourinhos,SP,Sudeste,2025,106911,18,4,3,1,1.68,3.74,2.81,0.94,37.41,50.42,63.44,71.24,76.45,89.46,71.24,52.06,18.68,47.94,Alta,-22.95495,-49.867599999999996,0.0,3534708
3534807,353480,Ouro Verde,SP,Sudeste,2025,7900,4,0,0,0,5.06,0.0,0.0,0.0,99.98,82.6,65.21,54.78,47.83,30.44,54.78,69.54,24.95,30.45,Alta,-21.49585,-51.744749999999996,16.82,3514403
3534757,353475,Ouroeste,SP,Sudeste,2025,10660,3,0,0,0,2.81,0.0,0.0,0.0,99.98,93.23,86.47,82.42,79.72,72.97,82.42,27.01,9.69,72.98,Muito alta,-19.9212,-50.40575,23.19,3134400
3534906,353490,Pacaembu,SP,Sudeste,2025,15273,8,0,0,0,5.24,0.0,0.0,0.0,99.98,81.92,63.87,53.03,45.81,27.75,53.03,72.23,25.92,27.76,Alta,-21.49725,-51.28085,12.55,3516002
3535002,353500,Palestina,SP,Sudeste,2025,11704,1,0,0,0,0.85,0.0,0.0,0.0,99.98,99.04,98.11,97.54,97.17,96.23,97.54,3.75,1.35,96.25,Muito alta,-20.3378,-49.49725,51.6,3549805
3535101,353510,Palmares Paulista,SP,Sudeste,2025,9666,4,0,0,0,4.14,0.0,0.0,0.0,99.98,87.11,74.24,66.52,61.37,48.5,66.52,51.48,18.47,48.51,Alta,-21.096,-48.8286,13.67,3511102
3535200,353520,Palmeira d'Oeste,SP,Sudeste,2025,8971,4,0,0,0,4.46,0.0,0.0,0.0,99.98,85.44,70.9,62.18,56.36,41.82,62.18,58.16,20.87,41.83,Alta,-20.4345,-50.7546,27.95,3524808
3535309,353530,Palmital,SP,Sudeste,2025,19714,6,0,0,0,3.04,0.0,0.0,0.0,99.98,92.34,84.7,80.11,77.06,69.41,80.11,30.57,10.97,69.43,Muito alta,-22.820999999999998,-50.2291,22.12,4101101
3535408,353540,Panorama,SP,Sudeste,2025,15227,6,0,0,0,3.94,0.0,0.0,0.0,99.98,87.96,75.94,68.72,63.92,51.89,68.72,48.09,17.25,51.9,Alta,-21.459049999999998,-51.8583,29.25,3514403
3535507,353550,Paraguaçu Paulista,SP,Sudeste,2025,42049,13,0,0,0,3.09,0.0,0.0,0.0,99.98,92.12,84.27,79.55,76.41,68.55,79.55,31.43,11.28,68.56,Muito alta,-22.469749999999998,-50.6357,23.6,3504008
3535606,353560,Paraibuna,SP,Sudeste,2025,17959,6,0,0,0,3.34,0.0,0.0,0.0,99.98,90.93,81.87,76.44,72.81,63.76,76.44,36.22,13.0,63.77,Muito alta,-23.47415,-45.62305,20.68,3510500
3535804,353580,Paranapanema,SP,Sudeste,2025,19853,7,1,1,1,3.53,5.04,5.04,5.04,30.14,37.68,45.22,49.74,52.76,60.29,49.74,30.16,10.82,69.46,Moderada,-23.455550000000002,-48.8052,0.0,3535804
3535903,353590,Paranapuã,SP,Sudeste,2025,4118,1,0,0,0,2.43,0.0,0.0,0.0,99.98,94.89,89.8,86.74,84.7,79.61,86.74,20.37,7.31,79.62,Muito alta,-20.06625,-50.5907,22.27,3524808
3536000,353600,Parapuã,SP,Sudeste,2025,10720,5,0,0,0,4.66,0.0,0.0,0.0,99.98,84.5,69.03,59.74,53.55,38.07,59.74,61.91,22.21,38.08,Alta,-21.829,-50.83825,34.33,3555000
3535705,353570,Paraíso,SP,Sudeste,2025,6218,3,0,0,0,4.82,0.0,0.0,0.0,99.98,83.68,67.38,57.61,51.09,34.79,57.61,65.19,23.39,34.79,Alta,-21.0166,-48.76905,23.06,3511102
3536109,353610,Pardinho,SP,Sudeste,2025,7435,1,0,0,0,1.34,0.0,0.0,0.0,99.98,98.2,96.43,95.36,94.65,92.87,95.36,7.11,2.55,92.89,Muito alta,-23.10105,-48.40115,32.88,3507506
3536208,353620,Pariquera-Açu,SP,Sudeste,2025,19603,9,0,0,0,4.59,0.0,0.0,0.0,99.98,84.83,69.67,60.58,54.52,39.36,60.58,60.62,21.75,39.37,Alta,-24.681350000000002,-47.84605,20.77,3542602
3536257,353625,Parisi,SP,Sudeste,2025,3030,1,0,0,0,3.3,0.0,0.0,0.0,99.98,91.15,82.32,77.02,73.49,64.66,77.02,35.33,12.68,64.67,Muito alta,-20.25895,-50.0398,23.82,3515509
3536307,353630,Patrocínio Paulista,SP,Sudeste,2025,14888,7,0,0,0,4.7,0.0,0.0,0.0,99.98,84.33,68.69,59.3,53.04,37.39,59.3,62.59,22.46,37.4,Alta,-20.69395,-47.2952,12.88,3516200
3536406,353640,Paulicéia,SP,Sudeste,2025,8255,3,0,0,0,3.63,0.0,0.0,0.0,99.98,89.49,79.01,72.71,68.52,58.03,72.71,41.95,15.05,58.04,Alta,-21.21295,-51.78085,42.7,3514403
3536570,353657,Paulistânia,SP,Sudeste,2025,2156,1,0,0,0,4.64,0.0,0.0,0.0,99.98,84.61,69.23,60.01,53.86,38.49,60.01,61.5,22.07,38.49,Alta,-22.568350000000002,-49.3023,19.04,3500709
3536604,353660,Paulo de Faria,SP,Sudeste,2025,7390,2,0,0,0,2.71,0.0,0.0,0.0,99.98,93.76,87.54,83.81,81.32,75.1,83.81,24.88,8.93,75.12,Muito alta,-20.0678,-49.4364,43.87,3127107
3536505,353650,Paulínia,SP,Sudeste,2025,116674,12,2,1,0,1.03,1.71,0.86,0.0,47.96,59.76,71.56,78.64,83.36,95.15,78.64,47.19,16.93,52.8,Muito alta,-22.7453,-47.1391,0.0,3536505
3536703,353670,Pederneiras,SP,Sudeste,2025,46337,14,1,1,1,3.02,2.16,2.16,2.16,46.01,51.93,57.85,61.41,63.78,69.7,61.41,23.69,8.5,74.79,Alta,-22.289499999999997,-48.8785,0.0,3536703
3536802,353680,Pedra Bela,SP,Sudeste,2025,6745,3,0,0,0,4.45,0.0,0.0,0.0,99.98,85.51,71.03,62.34,56.55,42.08,62.34,57.91,20.78,42.08,Alta,-22.765949999999997,-46.43285,17.28,3125101
3536901,353690,Pedranópolis,SP,Sudeste,2025,2856,1,0,0,0,3.5,0.0,0.0,0.0,99.98,90.21,80.43,74.57,70.66,60.89,74.57,39.1,14.03,60.9,Alta,-20.202849999999998,-50.126599999999996,17.01,3515509
3537008,353700,Pedregulho,SP,Sudeste,2025,15737,9,0,0,0,5.72,0.0,0.0,0.0,99.98,80.15,60.32,48.42,40.49,20.66,48.42,79.32,28.46,20.66,Moderada,-20.1659,-47.42515,40.04,3156908
3537107,353710,Pedreira,SP,Sudeste,2025,44385,10,0,0,0,2.25,0.0,0.0,0.0,99.98,95.62,91.27,88.65,86.91,82.55,88.65,17.43,6.25,82.57,Muito alta,-22.762749999999997,-46.89635,11.9,3501905
3537156,353715,Pedrinhas Paulista,SP,Sudeste,2025,2833,2,0,0,0,7.06,0.0,0.0,0.0,99.98,77.26,54.54,40.91,31.82,9.1,40.91,90.88,32.61,9.1,Moderada,-22.81305,-50.822,16.35,4126405
3537206,353720,Pedro de Toledo,SP,Sudeste,2025,11617,6,0,0,0,5.16,0.0,0.0,0.0,99.98,82.19,64.4,53.73,46.62,28.83,53.73,71.15,25.53,28.83,Alta,-24.18525,-47.150400000000005,18.16,3537602
3537305,353730,Penápolis,SP,Sudeste,2025,63426,11,1,0,0,1.73,1.58,0.0,0.0,48.48,58.58,68.68,74.74,78.77,88.87,74.74,40.39,14.49,59.61,Alta,-21.392400000000002,-50.129,0.0,3537305
3537404,353740,Pereira Barreto,SP,Sudeste,2025,24360,6,0,0,0,2.46,0.0,0.0,0.0,99.98,94.72,89.46,86.31,84.2,78.94,86.31,21.04,7.55,78.96,Muito alta,-20.683500000000002,-51.09425,70.58,3502804
3537503,353750,Pereiras,SP,Sudeste,2025,9013,2,0,0,0,2.22,0.0,0.0,0.0,99.98,95.76,91.55,89.01,87.33,83.11,89.01,16.87,6.05,83.12,Muito alta,-23.12355,-47.9855,18.48,3512308
3537602,353760,Peruíbe,SP,Sudeste,2025,70629,15,1,1,1,2.12,1.42,1.42,1.42,48.95,57.79,66.63,71.94,75.47,84.31,71.94,35.36,12.69,64.25,Alta,-24.28575,-47.0092,0.0,3537602
3537701,353770,Piacatu,SP,Sudeste,2025,5631,1,0,0,0,1.78,0.0,0.0,0.0,99.98,97.09,94.2,92.47,91.31,88.42,92.47,11.56,4.15,88.44,Muito alta,-21.57595,-50.66045,42.5,3500105
3537800,353780,Piedade,SP,Sudeste,2025,54266,9,0,0,0,1.66,0.0,0.0,0.0,99.98,97.42,94.85,93.31,92.28,89.71,93.31,10.27,3.68,89.73,Muito alta,-23.80205,-47.4482,20.79,3545308
3537909,353790,Pilar do Sul,SP,Sudeste,2025,28459,9,0,0,0,3.16,0.0,0.0,0.0,99.98,91.78,83.58,78.65,75.37,67.17,78.65,32.81,11.77,67.18,Muito alta,-23.85445,-47.72545,25.43,3545308
3538006,353800,Pindamonhangaba,SP,Sudeste,2025,172681,32,4,2,2,1.85,2.32,1.16,1.16,45.25,55.78,66.3,72.61,76.82,87.35,72.61,42.09,15.1,57.9,Alta,-22.88745,-45.488600000000005,0.0,3538006
3538105,353810,Pindorama,SP,Sudeste,2025,14704,4,0,0,0,2.72,0.0,0.0,0.0,99.98,93.69,87.4,83.62,81.11,74.82,83.62,25.17,9.03,74.83,Muito alta,-21.202550000000002,-48.92775,8.59,3511102
3538204,353820,Pinhalzinho,SP,Sudeste,2025,15676,0,0,0,0,0.0,0.0,0.0,0.0,99.98,99.98,99.98,99.98,99.98,99.98,99.98,0.0,0.0,100.0,Muito alta,-22.786,-46.57405,16.95,3507605
3538303,353830,Piquerobi,SP,Sudeste,2025,3287,2,0,0,0,6.08,0.0,0.0,0.0,99.98,79.11,58.24,45.72,37.37,16.5,45.72,83.49,29.96,16.5,Moderada,-21.8461,-51.751400000000004,18.41,3547700
3538501,353850,Piquete,SP,Sudeste,2025,12516,5,0,0,0,3.99,0.0,0.0,0.0,99.98,87.73,75.47,68.12,63.22,50.96,68.12,49.02,17.59,50.97,Alta,-22.576549999999997,-45.18535,17.74,3513405
3538600,353860,Piracaia,SP,Sudeste,2025,26795,3,0,0,0,1.12,0.0,0.0,0.0,99.98,98.61,97.24,96.42,95.88,94.51,96.42,5.47,1.96,94.52,Muito alta,-23.0447,-46.28465,19.98,3532405
3538709,353870,Piracicaba,SP,Sudeste,2025,440835,85,7,5,1,1.93,1.59,1.13,0.23,48.43,57.99,67.56,73.29,77.12,86.68,73.29,38.25,13.73,61.74,Alta,-22.71125,-47.79455,0.0,3538709
3538808,353880,Piraju,SP,Sudeste,2025,30294,10,0,0,0,3.3,0.0,0.0,0.0,99.98,91.15,82.31,77.01,73.47,64.64,77.01,35.34,12.68,64.65,Muito alta,-23.1941,-49.386449999999996,38.57,4121802
3538907,353890,Pirajuí,SP,Sudeste,2025,22734,10,1,0,0,4.4,4.4,0.0,0.0,33.35,35.78,38.22,39.68,40.65,43.08,39.68,9.73,3.49,80.74,Moderada,-21.905099999999997,-49.440250000000006,0.0,3538907
3539004,353900,Pirangi,SP,Sudeste,2025,11085,3,0,0,0,2.71,0.0,0.0,0.0,99.98,93.76,87.54,83.81,81.32,75.1,83.81,24.88,8.93,75.12,Muito alta,-21.085900000000002,-48.6723,22.25,3506102
3539103,353910,Pirapora do Bom Jesus,SP,Sudeste,2025,18925,4,0,0,0,2.11,0.0,0.0,0.0,99.98,96.1,92.21,89.88,88.32,84.44,89.88,15.54,5.58,84.45,Muito alta,-23.37875,-46.9726,9.9,3509205
3539202,353920,Pirapozinho,SP,Sudeste,2025,26097,9,0,0,0,3.45,0.0,0.0,0.0,99.98,90.48,80.97,75.27,71.47,61.96,75.27,38.02,13.64,61.97,Muito alta,-22.4334,-51.6516,34.7,4113809
3539301,353930,Pirassununga,SP,Sudeste,2025,75594,19,4,3,1,2.51,5.29,3.97,1.32,28.79,41.12,53.45,60.84,65.77,78.1,60.84,49.31,17.69,50.68,Alta,-21.971400000000003,-47.412,0.0,3539301
3539400,353940,Piratininga,SP,Sudeste,2025,15657,1,1,1,0,0.64,6.39,6.39,0.0,23.48,41.92,60.36,71.42,78.8,97.24,71.42,73.76,26.47,26.23,Alta,-22.412,-49.1948,0.0,3539400
3539509,353950,Pitangueiras,SP,Sudeste,2025,34361,9,0,0,0,2.62,0.0,0.0,0.0,99.98,94.18,88.37,84.88,82.56,76.75,84.88,23.23,8.33,76.77,Muito alta,-21.0029,-48.278850000000006,23.17,3524303
3539608,353960,Planalto,SP,Sudeste,2025,4451,2,0,0,0,4.49,0.0,0.0,0.0,99.98,85.32,70.65,61.85,55.99,41.32,61.85,58.66,21.05,41.33,Alta,-21.02,-49.94115,39.23,3532603
3539707,353970,Platina,SP,Sudeste,2025,3055,1,0,0,0,3.27,0.0,0.0,0.0,99.98,91.24,82.5,77.25,73.76,65.02,77.25,34.97,12.55,65.03,Muito alta,-22.6211,-50.2087,23.98,3504008
3539905,353990,Poloni,SP,Sudeste,2025,5702,1,0,0,0,1.75,0.0,0.0,0.0,99.98,97.14,94.3,92.6,91.46,88.62,92.6,11.36,4.08,88.64,Muito alta,-20.7458,-49.8337,21.52,3532603
3540002,354000,Pompéia,SP,Sudeste,2025,20520,10,0,0,0,4.87,0.0,0.0,0.0,99.98,83.45,66.92,57.0,50.39,33.85,57.0,66.13,23.73,33.86,Alta,-22.03155,-50.196200000000005,28.44,3517000
3540101,354010,Pongaí,SP,Sudeste,2025,3440,0,0,0,0,0.0,0.0,0.0,0.0,99.98,99.98,99.98,99.98,99.98,99.98,99.98,0.0,0.0,100.0,Muito alta,-21.7239,-49.3523,21.52,3508801
3540200,354020,Pontal,SP,Sudeste,2025,38286,14,0,0,0,3.66,0.0,0.0,0.0,99.98,89.36,78.75,72.38,68.13,57.51,72.38,42.47,15.24,57.52,Alta,-20.990650000000002,-48.05935,13.06,3551702
3540259,354025,Pontalinda,SP,Sudeste,2025,4198,1,0,0,0,2.38,0.0,0.0,0.0,99.98,95.1,90.23,87.3,85.35,80.47,87.3,19.51,7.0,80.48,Muito alta,-20.4527,-50.52755,21.2,3524808
3540309,354030,Pontes Gestal,SP,Sudeste,2025,2411,2,0,0,0,8.3,0.0,0.0,0.0,99.98,76.36,52.73,38.55,29.1,5.47,38.55,94.51,33.91,5.48,Moderada,-20.17855,-49.7375,56.4,3515509
3540408,354040,Populina,SP,Sudeste,2025,4182,1,0,0,0,2.39,0.0,0.0,0.0,99.98,95.07,90.16,87.22,85.25,80.34,87.22,19.64,7.05,80.36,Muito alta,-19.904600000000002,-50.52375,25.59,3134400
3540507,354050,Porangaba,SP,Sudeste,2025,10850,0,0,0,0,0.0,0.0,0.0,0.0,99.98,99.98,99.98,99.98,99.98,99.98,99.98,0.0,0.0,100.0,Muito alta,-23.17885,-48.123099999999994,24.91,3512308
3540606,354060,Porto Feliz,SP,Sudeste,2025,58605,12,0,0,0,2.05,0.0,0.0,0.0,99.98,96.36,92.73,90.55,89.1,85.48,90.55,14.5,5.2,85.49,Muito alta,-23.23715,-47.5168,23.96,3545209
3540705,354070,Porto Ferreira,SP,Sudeste,2025,53966,12,0,0,0,2.22,0.0,0.0,0.0,99.98,95.73,91.47,88.92,87.22,82.97,88.92,17.02,6.11,82.98,Muito alta,-21.8458,-47.448899999999995,14.48,3539301
3540754,354075,Potim,SP,Sudeste,2025,20801,9,0,0,0,4.33,0.0,0.0,0.0,99.98,86.15,72.32,64.02,58.49,44.66,64.02,55.32,19.85,44.67,Alta,-22.8221,-45.29174999999999,5.98,3518404
3540804,354080,Potirendaba,SP,Sudeste,2025,19097,5,0,0,0,2.62,0.0,0.0,0.0,99.98,94.18,88.39,84.91,82.59,76.79,84.91,23.19,8.32,76.8,Muito alta,-21.0746,-49.39405,22.86,3511300
3539806,353980,Poá,SP,Sudeste,2025,106355,16,0,0,0,1.5,0.0,0.0,0.0,99.98,97.81,95.63,94.32,93.45,91.28,94.32,8.71,3.12,91.29,Muito alta,-23.5396,-46.348150000000004,9.11,3552502
3540853,354085,Pracinha,SP,Sudeste,2025,2589,2,0,0,0,7.72,0.0,0.0,0.0,99.98,76.65,53.32,39.32,29.99,6.66,39.32,93.32,33.49,6.66,Moderada,-21.8385,-51.074349999999995,28.5,3500105
3540903,354090,Pradópolis,SP,Sudeste,2025,17299,3,0,0,0,1.73,0.0,0.0,0.0,99.98,97.21,94.44,92.77,91.66,88.89,92.77,11.09,3.98,88.9,Muito alta,-21.3458,-48.0702,27.13,3551702
3541000,354100,Praia Grande,SP,Sudeste,2025,368539,31,7,4,2,0.84,1.9,1.09,0.54,47.1,59.4,71.7,79.08,84.0,96.3,79.08,49.2,17.65,50.79,Muito alta,-24.018050000000002,-46.5004,0.0,3541000
3541059,354105,Pratânia,SP,Sudeste,2025,5264,2,0,0,0,3.8,0.0,0.0,0.0,99.98,88.63,77.28,70.47,65.94,54.59,70.47,45.4,16.29,54.6,Alta,-22.818150000000003,-48.68495,14.09,3507506
3541109,354110,Presidente Alves,SP,Sudeste,2025,3830,2,0,0,0,5.22,0.0,0.0,0.0,99.98,81.99,63.99,53.2,46.0,28.0,53.2,71.98,25.83,28.01,Alta,-22.12745,-49.40304999999999,25.02,3538907
3541208,354120,Presidente Bernardes,SP,Sudeste,2025,14803,10,1,1,1,6.76,6.76,6.76,6.76,22.31,19.47,16.63,14.93,13.79,10.95,14.93,11.36,4.08,82.23,Baixa,-22.10465,-51.6298,0.0,3541208
3541307,354130,Presidente Epitácio,SP,Sudeste,2025,40322,14,0,0,0,3.47,0.0,0.0,0.0,99.98,90.37,80.75,74.98,71.13,61.51,74.98,38.47,13.8,61.53,Alta,-21.883200000000002,-52.19865,43.63,5001904
3541406,354140,Presidente Prudente,SP,Sudeste,2025,234706,34,13,10,2,1.45,5.54,4.26,0.85,27.14,43.33,59.51,69.23,75.7,91.89,69.23,64.75,23.23,35.24,Alta,-21.9636,-51.353899999999996,0.0,3541406
3541505,354150,Presidente Venceslau,SP,Sudeste,2025,35810,13,0,0,0,3.63,0.0,0.0,0.0,99.98,89.51,79.04,72.76,68.57,58.1,72.76,41.88,15.03,58.11,Alta,-21.792499999999997,-51.8605,28.08,3547700
3541604,354160,Promissão,SP,Sudeste,2025,35973,16,1,1,1,4.45,2.78,2.78,2.78,42.94,42.72,42.5,42.36,42.28,42.06,42.36,0.88,0.32,84.34,Moderada,-21.490699999999997,-49.90235,0.0,3541604
3541653,354165,Quadra,SP,Sudeste,2025,3477,1,0,0,0,2.88,0.0,0.0,0.0,99.98,92.92,85.86,81.63,78.81,71.75,81.63,28.24,10.13,71.76,Muito alta,-23.303449999999998,-48.0444,15.55,3554003
3541703,354170,Quatá,SP,Sudeste,2025,13412,5,0,0,0,3.73,0.0,0.0,0.0,99.98,88.99,78.0,71.41,67.01,56.02,71.41,43.96,15.77,56.03,Alta,-22.2284,-50.63435,31.77,3555000
3541802,354180,Queiroz,SP,Sudeste,2025,3366,2,0,0,0,5.94,0.0,0.0,0.0,99.98,79.5,59.02,46.73,38.54,18.06,46.73,81.92,29.4,18.06,Moderada,-21.79635,-50.233050000000006,18.34,3517000
3541901,354190,Queluz,SP,Sudeste,2025,9074,4,0,0,0,4.41,0.0,0.0,0.0,99.98,85.71,71.44,62.88,57.17,42.9,62.88,57.08,20.48,42.91,Alta,-22.50965,-44.770300000000006,22.46,3147600
3542008,354200,Quintana,SP,Sudeste,2025,7260,4,0,0,0,5.51,0.0,0.0,0.0,99.98,80.92,61.87,50.43,42.81,23.75,50.43,76.23,27.35,23.75,Alta,-22.073999999999998,-50.38475,20.24,3555000
3542107,354210,Rafard,SP,Sudeste,2025,9145,3,0,0,0,3.28,0.0,0.0,0.0,99.98,91.22,82.45,77.2,73.69,64.93,77.2,35.06,12.58,64.94,Muito alta,-23.04675,-47.584450000000004,10.93,3510401
3542206,354220,Rancharia,SP,Sudeste,2025,29387,13,0,0,0,4.42,0.0,0.0,0.0,99.98,85.63,71.27,62.66,56.92,42.56,62.66,57.42,20.6,42.57,Alta,-22.313000000000002,-50.9084,23.78,3529203
3542305,354230,Redenção da Serra,SP,Sudeste,2025,4637,2,0,0,0,4.31,0.0,0.0,0.0,99.98,86.21,72.44,64.17,58.67,44.89,64.17,55.09,19.77,44.9,Alta,-23.24615,-45.5133,17.78,3554102
3542404,354240,Regente Feijó,SP,Sudeste,2025,20620,11,0,0,0,5.33,0.0,0.0,0.0,99.98,81.57,63.16,52.11,44.75,26.33,52.11,73.65,26.43,26.34,Alta,-22.24225,-51.30225,20.8,3529203
3542503,354250,Reginópolis,SP,Sudeste,2025,7820,4,0,0,0,5.12,0.0,0.0,0.0,99.98,82.43,64.87,54.34,47.32,29.76,54.34,70.22,25.2,29.77,Alta,-21.8565,-49.18315,27.07,3538907
3542602,354260,Registro,SP,Sudeste,2025,61927,20,2,2,1,3.23,3.23,3.23,1.61,40.32,46.7,53.08,56.91,59.46,65.84,56.91,25.53,9.16,74.31,Alta,-24.49475,-47.8558,0.0,3542602
3542701,354270,Restinga,SP,Sudeste,2025,6486,3,0,0,0,4.63,0.0,0.0,0.0,99.98,84.67,69.36,60.17,54.05,38.74,60.17,61.25,21.98,38.74,Alta,-20.651,-47.4982,17.04,3516200
3542800,354280,Ribeira,SP,Sudeste,2025,3158,2,0,0,0,6.33,0.0,0.0,0.0,99.98,78.51,57.04,44.15,35.56,14.09,44.15,85.89,30.82,14.09,Moderada,-24.6061,-49.03635,41.57,4105201
3542909,354290,Ribeirão Bonito,SP,Sudeste,2025,11040,4,0,0,0,3.62,0.0,0.0,0.0,99.98,89.53,79.08,72.81,68.63,58.18,72.81,41.81,15.0,58.19,Alta,-22.03815,-48.17535,31.43,3503208
3543006,354300,Ribeirão Branco,SP,Sudeste,2025,18942,5,1,1,1,2.64,5.28,5.28,5.28,28.81,40.68,52.55,59.67,64.42,76.29,59.67,47.48,17.04,52.51,Alta,-24.25355,-48.8067,0.0,3543006
3543105,354310,Ribeirão Corrente,SP,Sudeste,2025,4717,2,0,0,0,4.24,0.0,0.0,0.0,99.98,86.63,73.28,65.27,59.93,46.58,65.27,53.4,19.16,46.59,Alta,-20.45265,-47.567049999999995,27.38,3516200
3543253,354325,Ribeirão Grande,SP,Sudeste,2025,7571,1,0,0,0,1.32,0.0,0.0,0.0,99.98,98.24,96.5,95.46,94.76,93.02,95.46,6.96,2.5,93.03,Muito alta,-24.18255,-48.364549999999994,45.47,3550209
3543303,354330,Ribeirão Pires,SP,Sudeste,2025,118954,12,0,0,0,1.01,0.0,0.0,0.0,99.98,98.8,97.61,96.9,96.43,95.24,96.9,4.74,1.7,95.26,Muito alta,-23.694200000000002,-46.40285,2.74,3547809
3543402,354340,Ribeirão Preto,SP,Sudeste,2025,731639,53,14,10,5,0.72,1.91,1.37,0.68,47.05,59.52,72.0,79.48,84.47,96.95,79.48,49.9,17.91,50.09,Muito alta,-21.2162,-47.817949999999996,0.0,3543402
3543204,354320,Ribeirão do Sul,SP,Sudeste,2025,4776,1,0,0,0,2.09,0.0,0.0,0.0,99.98,96.19,92.41,90.13,88.62,84.83,90.13,15.15,5.44,84.85,Muito alta,-22.749850000000002,-49.9234,23.51,3534708
3543238,354323,Ribeirão dos Índios,SP,Sudeste,2025,2040,1,0,0,0,4.9,0.0,0.0,0.0,99.98,83.34,66.69,56.71,50.05,33.41,56.71,66.58,23.89,33.41,Alta,-21.78815,-51.5901,25.82,3514403
3543600,354360,Rifaina,SP,Sudeste,2025,4179,2,0,0,0,4.79,0.0,0.0,0.0,99.98,83.89,67.8,58.14,51.71,35.61,58.14,64.37,23.1,35.62,Alta,-20.0644,-47.4392,30.1,3118205
3543709,354370,Rincão,SP,Sudeste,2025,9101,2,0,0,0,2.2,0.0,0.0,0.0,99.98,95.83,91.68,89.19,87.53,83.38,89.19,16.6,5.96,83.39,Muito alta,-21.578699999999998,-48.01675,16.23,3501707
3543808,354380,Rinópolis,SP,Sudeste,2025,9334,4,0,0,0,4.29,0.0,0.0,0.0,99.98,86.37,72.75,64.58,59.14,45.52,64.58,54.46,19.54,45.53,Alta,-21.68365,-50.71825,35.82,3555000
3543907,354390,Rio Claro,SP,Sudeste,2025,210323,24,3,2,0,1.14,1.43,0.95,0.0,48.93,60.25,71.57,78.36,82.88,94.2,78.36,45.27,16.24,54.72,Muito alta,-22.3965,-47.61115,0.0,3543907
3544103,354410,Rio Grande da Serra,SP,Sudeste,2025,45324,8,0,0,0,1.77,0.0,0.0,0.0,99.98,97.11,94.25,92.53,91.38,88.51,92.53,11.47,4.12,88.53,Muito alta,-23.737299999999998,-46.3785,5.39,3547809
3544004,354400,Rio das Pedras,SP,Sudeste,2025,32329,5,2,2,1,1.55,6.19,6.19,3.09,24.09,40.79,57.49,67.5,74.18,90.88,67.5,66.79,23.97,33.2,Alta,-22.84465,-47.603300000000004,0.0,3544004
3544202,354420,Riolândia,SP,Sudeste,2025,10444,6,0,0,0,5.74,0.0,0.0,0.0,99.98,80.03,60.08,48.11,40.13,20.18,48.11,79.81,28.64,20.18,Moderada,-20.048250000000003,-49.7282,61.89,3515509
3543501,354350,Riversul,SP,Sudeste,2025,5628,2,0,0,0,3.55,0.0,0.0,0.0,99.98,89.9,79.82,73.78,69.75,59.67,73.78,40.32,14.47,59.68,Alta,-23.84385,-49.4487,22.26,3522802
3544251,354425,Rosana,SP,Sudeste,2025,17434,2,1,1,1,1.15,5.74,5.74,5.74,25.79,42.89,59.98,70.24,77.07,94.17,70.24,68.37,24.53,31.62,Alta,-22.473950000000002,-52.859750000000005,0.0,3544251
3544301,354430,Roseira,SP,Sudeste,2025,11137,0,0,0,0,0.0,0.0,0.0,0.0,99.98,99.98,99.98,99.98,99.98,99.98,99.98,0.0,0.0,100.0,Muito alta,-22.93955,-45.30305,15.7,3518404
3544509,354450,Rubinéia,SP,Sudeste,2025,3998,2,0,0,0,5.0,0.0,0.0,0.0,99.98,82.86,65.73,55.46,48.61,31.48,55.46,68.5,24.58,31.49,Alta,-20.264,-51.013850000000005,40.47,5001003
3544400,354440,Rubiácea,SP,Sudeste,2025,2740,2,0,0,0,7.3,0.0,0.0,0.0,99.98,77.0,54.02,40.23,31.04,8.06,40.23,91.92,32.98,8.06,Moderada,-21.34485,-50.80885000000001,29.72,3502804
3544608,354460,Sabino,SP,Sudeste,2025,5182,3,0,0,0,5.79,0.0,0.0,0.0,99.98,79.91,59.84,47.79,39.76,19.69,47.79,80.29,28.81,19.69,Moderada,-21.47835,-49.571250000000006,22.58,3527108
3544707,354470,Sagres,SP,Sudeste,2025,2522,1,0,0,0,3.97,0.0,0.0,0.0,99.98,87.86,75.73,68.46,63.61,51.48,68.46,48.5,17.4,51.49,Alta,-21.865099999999998,-50.9935,32.47,3500105
3544806,354480,Sales,SP,Sudeste,2025,6645,3,0,0,0,4.51,0.0,0.0,0.0,99.98,85.2,70.42,61.55,55.64,40.85,61.55,59.13,21.22,40.86,Alta,-21.3378,-49.51235,26.45,3533502
3544905,354490,Sales Oliveira,SP,Sudeste,2025,11683,5,0,0,0,4.28,0.0,0.0,0.0,99.98,86.41,72.84,64.7,59.27,45.7,64.7,54.28,19.48,45.71,Alta,-20.8277,-47.8518,33.88,3549409
3545001,354500,Salesópolis,SP,Sudeste,2025,15381,2,0,0,0,1.3,0.0,0.0,0.0,99.98,98.28,96.58,95.56,94.88,93.18,95.56,6.8,2.44,93.2,Muito alta,-23.57765,-45.8476,27.19,3518305
3545100,354510,Salmourão,SP,Sudeste,2025,4883,3,0,0,0,6.14,0.0,0.0,0.0,99.98,79.0,58.01,45.42,37.03,16.05,45.42,83.93,30.12,16.05,Moderada,-21.5893,-50.87465,20.36,3500105
3545159,354515,Saltinho,SP,Sudeste,2025,8407,2,0,0,0,2.38,0.0,0.0,0.0,99.98,95.13,90.27,87.36,85.42,80.56,87.36,19.42,6.97,80.57,Muito alta,-22.8661,-47.737300000000005,13.94,3544004
3545209,354520,Salto,SP,Sudeste,2025,141111,13,1,1,1,0.92,0.71,0.71,0.71,51.0,62.18,73.37,80.08,84.56,95.75,80.08,44.75,16.06,55.24,Muito alta,-23.17355,-47.29275,0.0,3545209
3545407,354540,Salto Grande,SP,Sudeste,2025,9221,3,0,0,0,3.25,0.0,0.0,0.0,99.98,91.33,82.67,77.48,74.01,65.36,77.48,34.63,12.42,65.37,Muito alta,-22.8726,-49.968599999999995,13.82,3534708
3545308,354530,Salto de Pirapora,SP,Sudeste,2025,45262,11,1,0,1,2.43,2.21,0.0,2.21,45.75,54.2,62.65,67.71,71.09,79.54,67.71,33.78,12.12,66.21,Alta,-23.6644,-47.58645,0.0,3545308
3545506,354550,Sandovalina,SP,Sudeste,2025,3697,2,0,0,0,5.41,0.0,0.0,0.0,99.98,81.29,62.6,51.39,43.91,25.22,51.39,74.76,26.83,25.22,Alta,-22.46775,-51.872,36.74,4113809
3545605,354560,Santa Adélia,SP,Sudeste,2025,14193,5,0,0,0,3.52,0.0,0.0,0.0,99.98,90.1,80.21,74.28,70.32,60.44,74.28,39.54,14.19,60.45,Alta,-21.3211,-48.8279,25.04,3511102
3545704,354570,Santa Albertina,SP,Sudeste,2025,6566,2,0,0,0,3.05,0.0,0.0,0.0,99.98,92.33,84.68,80.09,77.03,69.38,80.09,30.6,10.98,69.39,Muito alta,-20.0256,-50.7468,33.07,3524808
3546009,354600,Santa Branca,SP,Sudeste,2025,14219,9,0,0,0,6.33,0.0,0.0,0.0,99.98,78.53,57.08,44.21,35.63,14.18,44.21,85.8,30.79,14.18,Moderada,-23.41735,-45.87095,16.46,3524402
3545803,354580,Santa Bárbara d'Oeste,SP,Sudeste,2025,189456,19,1,0,0,1.0,0.53,0.0,0.0,51.19,62.22,73.25,79.86,84.27,95.3,79.86,44.1,15.83,55.89,Muito alta,-22.8019,-47.436,0.0,3545803
3546108,354610,Santa Clara d'Oeste,SP,Sudeste,2025,2694,1,0,0,0,3.71,0.0,0.0,0.0,99.98,89.07,78.15,71.61,67.24,56.33,71.61,43.65,15.66,56.34,Alta,-20.0614,-50.91325,43.43,3524808
3546207,354620,Santa Cruz da Conceição,SP,Sudeste,2025,4375,2,0,0,0,4.57,0.0,0.0,0.0,99.98,84.95,69.92,60.9,54.88,39.85,60.9,60.13,21.58,39.86,Alta,-22.1256,-47.489050000000006,18.9,3539301
3546256,354625,Santa Cruz da Esperança,SP,Sudeste,2025,2168,2,0,0,0,9.23,0.0,0.0,0.0,99.98,75.83,51.67,37.18,27.51,3.36,37.18,96.63,34.67,3.36,Moderada,-21.28615,-47.436,25.68,3547601
3546306,354630,Santa Cruz das Palmeiras,SP,Sudeste,2025,29489,6,0,0,0,2.03,0.0,0.0,0.0,99.98,96.39,92.79,90.64,89.2,85.6,90.64,14.38,5.16,85.62,Muito alta,-21.864150000000002,-47.2534,18.65,3510807
3546405,354640,Santa Cruz do Rio Pardo,SP,Sudeste,2025,47759,11,0,0,0,2.3,0.0,0.0,0.0,99.98,95.44,90.9,88.17,86.36,81.82,88.17,18.17,6.52,81.83,Muito alta,-22.76125,-49.57455,36.95,3534708
3546504,354650,Santa Ernestina,SP,Sudeste,2025,6274,1,0,0,0,1.59,0.0,0.0,0.0,99.98,97.59,95.2,93.76,92.81,90.41,93.76,9.57,3.43,90.43,Muito alta,-21.444850000000002,-48.37325,15.07,3553708
3546603,354660,Santa Fé do Sul,SP,Sudeste,2025,36288,9,0,0,0,2.48,0.0,0.0,0.0,99.98,94.65,89.32,86.12,83.99,78.66,86.12,21.32,7.65,78.67,Muito alta,-20.2669,-50.9452,40.44,3524808
3546702,354670,Santa Gertrudes,SP,Sudeste,2025,23192,5,0,0,0,2.16,0.0,0.0,0.0,99.98,95.96,91.93,89.52,87.91,83.88,89.52,16.1,5.78,83.9,Muito alta,-22.469949999999997,-47.52135,12.32,3543907
3546801,354680,Santa Isabel,SP,Sudeste,2025,54691,11,0,0,0,2.01,0.0,0.0,0.0,99.98,96.45,92.92,90.8,89.39,85.86,90.8,14.13,5.07,85.87,Muito alta,-23.296,-46.23285,12.34,3503901
3546900,354690,Santa Lúcia,SP,Sudeste,2025,7144,2,0,0,0,2.8,0.0,0.0,0.0,99.98,93.32,86.65,82.66,79.99,73.33,82.66,26.66,9.56,73.34,Muito alta,-21.674950000000003,-48.04515,5.77,3501707
3547007,354700,Santa Maria da Serra,SP,Sudeste,2025,5308,2,0,0,0,3.77,0.0,0.0,0.0,99.98,88.77,77.55,70.82,66.34,55.12,70.82,44.86,16.1,55.13,Alta,-22.564,-48.1605,27.03,3514106
3547106,354710,Santa Mercedes,SP,Sudeste,2025,3017,2,0,0,0,6.63,0.0,0.0,0.0,99.98,77.97,55.95,42.74,33.93,11.92,42.74,88.06,31.6,11.92,Moderada,-21.31015,-51.74235,31.28,3514403
3547403,354740,Santa Rita d'Oeste,SP,Sudeste,2025,2796,1,0,0,0,3.58,0.0,0.0,0.0,99.98,89.76,79.55,73.42,69.33,59.11,73.42,40.87,14.67,59.12,Alta,-20.09215,-50.813,32.81,3524808
3547502,354750,Santa Rita do Passa Quatro,SP,Sudeste,2025,24996,6,1,0,0,2.4,4.0,0.0,0.0,35.77,46.87,57.97,64.63,69.07,80.17,64.63,44.39,15.93,55.6,Alta,-21.6827,-47.50875,0.0,3547502
3547601,354760,Santa Rosa de Viterbo,SP,Sudeste,2025,23710,5,1,1,1,2.11,4.22,4.22,4.22,34.11,46.73,59.36,66.94,71.99,84.62,66.94,50.51,18.12,49.48,Alta,-21.5045,-47.35515,0.0,3547601
3547650,354765,Santa Salete,SP,Sudeste,2025,1692,1,0,0,0,5.91,0.0,0.0,0.0,99.98,79.59,59.19,46.95,38.79,18.4,46.95,81.58,29.27,18.4,Moderada,-20.2646,-50.7282,17.8,3524808
3547205,354720,Santana da Ponte Pensa,SP,Sudeste,2025,1699,1,0,0,0,5.89,0.0,0.0,0.0,99.98,79.66,59.33,47.14,39.01,18.69,47.14,81.3,29.17,18.69,Moderada,-20.2489,-50.803349999999995,25.7,3524808
3547304,354730,Santana de Parnaíba,SP,Sudeste,2025,163787,14,0,0,0,0.85,0.0,0.0,0.0,99.98,99.04,98.1,97.53,97.15,96.21,97.53,3.77,1.35,96.23,Muito alta,-23.44725,-46.9191,7.7,3505708
3547700,354770,Santo Anastácio,SP,Sudeste,2025,17960,6,1,1,1,3.34,5.57,5.57,5.57,26.98,36.18,45.38,50.9,54.58,63.78,50.9,36.8,13.2,63.2,Alta,-22.009149999999998,-51.720600000000005,0.0,3547700
3547809,354780,Santo André,SP,Sudeste,2025,782048,37,8,7,2,0.47,1.02,0.9,0.26,50.26,62.16,74.05,81.19,85.95,97.85,81.19,47.59,17.07,52.41,Muito alta,-23.71075,-46.422799999999995,0.0,3547809
3547908,354790,Santo Antônio da Alegria,SP,Sudeste,2025,6933,5,0,0,0,7.21,0.0,0.0,0.0,99.98,77.11,54.24,40.51,31.36,8.49,40.51,91.49,32.83,8.49,Moderada,-21.083,-47.2118,17.65,3132909
3548005,354800,Santo Antônio de Posse,SP,Sudeste,2025,23867,7,0,0,0,2.93,0.0,0.0,0.0,99.98,92.74,85.51,81.16,78.27,71.03,81.16,28.95,10.39,71.04,Muito alta,-22.613500000000002,-46.956,9.64,3524709
3548054,354805,Santo Antônio do Aracanguá,SP,Sudeste,2025,8593,1,0,0,0,1.16,0.0,0.0,0.0,99.98,98.51,97.04,96.16,95.57,94.09,96.16,5.89,2.11,94.11,Muito alta,-20.867199999999997,-50.56785,31.0,3502804
3548104,354810,Santo Antônio do Jardim,SP,Sudeste,2025,6243,2,0,0,0,3.2,0.0,0.0,0.0,99.98,91.57,83.16,78.12,74.75,66.34,78.12,33.64,12.07,66.36,Muito alta,-22.13195,-46.682050000000004,12.78,3515186
3548203,354820,Santo Antônio do Pinhal,SP,Sudeste,2025,7314,1,0,0,0,1.37,0.0,0.0,0.0,99.98,98.16,96.33,95.23,94.5,92.68,95.23,7.31,2.62,92.69,Muito alta,-22.82985,-45.69265,15.07,3554805
3548302,354830,Santo Expedito,SP,Sudeste,2025,3069,2,0,0,0,6.52,0.0,0.0,0.0,99.98,78.16,56.35,43.25,34.53,12.71,43.25,87.27,31.32,12.71,Moderada,-21.81405,-51.37505,16.77,3541406
3548500,354850,Santos,SP,Sudeste,2025,429547,37,21,19,3,0.86,4.89,4.42,0.7,30.86,47.19,63.53,73.33,79.86,96.19,73.33,65.34,23.44,34.65,Alta,-23.8645,-46.28205,0.0,3548500
3548401,354840,Santópolis do Aguapeí,SP,Sudeste,2025,3921,1,0,0,0,2.55,0.0,0.0,0.0,99.98,94.41,88.84,85.5,83.27,77.71,85.5,22.28,7.99,77.72,Muito alta,-21.66135,-50.52745,32.96,3555000
3551108,355110,Sarapuí,SP,Sudeste,2025,10677,2,0,0,0,1.87,0.0,0.0,0.0,99.98,96.77,93.56,91.64,90.36,87.15,91.64,12.83,4.61,87.16,Muito alta,-23.6437,-47.772450000000006,19.08,3545308
3551207,355120,Sarutaiá,SP,Sudeste,2025,3772,1,0,0,0,2.65,0.0,0.0,0.0,99.98,94.01,88.05,84.46,82.08,76.11,84.46,23.87,8.57,76.12,Muito alta,-23.259050000000002,-49.48535,27.71,4121802
3551306,355130,Sebastianópolis do Sul,SP,Sudeste,2025,3191,1,0,0,0,3.13,0.0,0.0,0.0,99.98,91.9,83.83,78.98,75.75,67.67,78.98,32.31,11.59,67.68,Muito alta,-20.63605,-49.9071,13.24,3532603
3551405,355140,Serra Azul,SP,Sudeste,2025,13108,8,0,0,0,6.1,0.0,0.0,0.0,99.98,79.05,58.12,45.56,37.19,16.26,45.56,83.72,30.04,16.27,Moderada,-21.307250000000003,-47.55985,28.6,3543402
3551603,355160,Serra Negra,SP,Sudeste,2025,31047,10,0,0,0,3.22,0.0,0.0,0.0,99.98,91.49,82.99,77.9,74.5,66.0,77.9,33.98,12.19,66.01,Muito alta,-22.58395,-46.69965,16.51,3501905
3551504,355150,Serrana,SP,Sudeste,2025,45580,8,0,0,0,1.76,0.0,0.0,0.0,99.98,97.14,94.29,92.58,91.45,88.6,92.58,11.38,4.08,88.62,Muito alta,-21.214199999999998,-47.596450000000004,22.96,3543402
3551702,355170,Sertãozinho,SP,Sudeste,2025,132176,14,1,1,0,1.06,0.76,0.76,0.0,50.91,61.92,72.93,79.54,83.94,94.96,79.54,44.05,15.81,55.94,Muito alta,-21.104750000000003,-48.02945,0.0,3551702
3551801,355180,Sete Barras,SP,Sudeste,2025,12903,5,0,0,0,3.88,0.0,0.0,0.0,99.98,88.23,76.49,69.44,64.74,52.99,69.44,46.99,16.86,53.0,Alta,-24.2946,-47.95035,24.23,3542602
3551900,355190,Severínia,SP,Sudeste,2025,14693,3,0,0,0,2.04,0.0,0.0,0.0,99.98,96.37,92.76,90.59,89.14,85.53,90.59,14.45,5.18,85.55,Muito alta,-20.78435,-48.80555,18.02,3533908
3552007,355200,Silveiras,SP,Sudeste,2025,6329,3,0,0,0,4.74,0.0,0.0,0.0,99.98,84.17,68.35,58.87,52.54,36.73,58.87,63.26,22.7,36.73,Alta,-22.7439,-44.8369,27.26,3513405
3552106,355210,Socorro,SP,Sudeste,2025,41527,13,0,0,0,3.13,0.0,0.0,0.0,99.98,91.92,83.85,79.02,75.79,67.73,79.02,32.26,11.57,67.74,Muito alta,-22.59855,-46.51105,19.52,3109105
3552205,355220,Sorocaba,SP,Sudeste,2025,762172,33,17,14,3,0.43,2.23,1.84,0.39,45.7,58.76,71.82,79.65,84.88,97.94,79.65,52.23,18.74,47.76,Muito alta,-23.470950000000002,-47.433899999999994,0.0,3552205
3552304,355230,Sud Mennucci,SP,Sudeste,2025,7464,2,0,0,0,2.68,0.0,0.0,0.0,99.98,93.88,87.78,84.13,81.69,75.59,84.13,24.39,8.75,75.6,Muito alta,-20.679,-50.91115,59.04,3524808
3552403,355240,Sumaré,SP,Sudeste,2025,291116,27,2,2,0,0.93,0.69,0.69,0.0,51.03,62.19,73.35,80.05,84.51,95.67,80.05,44.64,16.02,55.35,Muito alta,-22.8511,-47.263549999999995,0.0,3552403
3552502,355250,Suzano,SP,Sudeste,2025,320261,26,2,2,1,0.81,0.62,0.62,0.31,51.09,62.44,73.8,80.62,85.16,96.52,80.62,45.43,16.3,54.56,Muito alta,-23.616999999999997,-46.3189,0.0,3552502
3552551,355255,Suzanápolis,SP,Sudeste,2025,3465,1,0,0,0,2.89,0.0,0.0,0.0,99.98,92.89,85.79,81.54,78.7,71.6,81.54,28.38,10.18,71.62,Muito alta,-20.468,-51.09885,50.81,5001003
3548609,354860,São Bento do Sapucaí,SP,Sudeste,2025,11989,1,0,0,0,0.83,0.0,0.0,0.0,99.98,99.07,98.16,97.61,97.25,96.34,97.61,3.64,1.31,96.36,Muito alta,-22.68045,-45.68575,15.22,3509700
3548708,354870,São Bernardo do Campo,SP,Sudeste,2025,841154,38,15,7,1,0.45,1.78,0.83,0.12,47.62,60.19,72.76,80.3,85.33,97.9,80.3,50.28,18.04,49.71,Muito alta,-23.8044,-46.5308,0.0,3548708
3548807,354880,São Caetano do Sul,SP,Sudeste,2025,172693,16,5,4,1,0.93,2.9,2.32,0.58,42.31,55.65,69.0,77.01,82.35,95.69,77.01,53.38,19.15,46.61,Muito alta,-23.62735,-46.5657,0.0,3548807
3548906,354890,São Carlos,SP,Sudeste,2025,266427,35,1,1,0,1.31,0.38,0.38,0.0,51.41,61.83,72.25,78.5,82.67,93.09,78.5,41.68,14.96,57.85,Muito alta,-21.8846,-47.90585,0.0,3548906
3549003,354900,São Francisco,SP,Sudeste,2025,2623,2,0,0,0,7.62,0.0,0.0,0.0,99.98,76.73,53.47,39.52,30.22,6.96,39.52,93.02,33.38,6.97,Moderada,-20.3751,-50.67775,17.59,3524808
3549409,354940,São Joaquim da Barra,SP,Sudeste,2025,49885,11,1,1,0,2.21,2.0,2.0,0.0,46.67,55.82,64.96,70.45,74.11,83.25,70.45,36.58,13.13,63.41,Alta,-20.54065,-47.961,0.0,3549409
3549508,354950,São José da Bela Vista,SP,Sudeste,2025,7664,5,0,0,0,6.52,0.0,0.0,0.0,99.98,78.15,56.31,43.21,34.47,12.64,43.21,87.35,31.34,12.64,Moderada,-20.59035,-47.635850000000005,29.93,3516200
3549607,354960,São José do Barreiro,SP,Sudeste,2025,3888,1,0,0,0,2.57,0.0,0.0,0.0,99.98,94.34,88.7,85.32,83.06,77.42,85.32,22.56,8.1,77.43,Muito alta,-22.7544,-44.5886,35.22,3304201
3549706,354970,São José do Rio Pardo,SP,Sudeste,2025,53427,11,0,0,0,2.06,0.0,0.0,0.0,99.98,96.31,92.64,90.44,88.97,85.3,90.44,14.68,5.27,85.31,Muito alta,-21.596600000000002,-46.898849999999996,20.24,3530508
3549805,354980,São José do Rio Preto,SP,Sudeste,2025,504166,33,21,14,2,0.65,4.17,2.78,0.4,34.39,50.09,65.8,75.22,81.5,97.2,75.22,62.81,22.54,37.18,Muito alta,-20.783450000000002,-49.3592,0.0,3549805
3549904,354990,São José dos Campos,SP,Sudeste,2025,727078,40,20,15,5,0.55,2.75,2.06,0.69,43.1,56.7,70.31,78.47,83.92,97.52,78.47,54.42,19.53,45.57,Muito alta,-23.06815,-45.914649999999995,0.0,3549904
3549102,354910,São João da Boa Vista,SP,Sudeste,2025,96080,14,3,2,0,1.46,3.12,2.08,0.0,40.82,53.56,66.3,73.94,79.04,91.78,73.94,50.96,18.29,49.03,Alta,-21.9672,-46.7948,0.0,3549102
3549201,354920,São João das Duas Pontes,SP,Sudeste,2025,2623,1,0,0,0,3.81,0.0,0.0,0.0,99.98,88.55,77.12,70.26,65.69,54.26,70.26,45.72,16.4,54.27,Alta,-20.41075,-50.38415,18.93,3515509
3549250,354925,São João de Iracema,SP,Sudeste,2025,1882,2,0,0,0,10.63,0.0,0.0,0.0,99.98,75.44,50.91,36.18,26.37,1.83,36.18,98.15,35.22,1.83,Moderada,-20.5277,-50.3612,29.17,3515509
3549300,354930,São João do Pau d'Alho,SP,Sudeste,2025,2293,1,0,0,0,4.36,0.0,0.0,0.0,99.98,85.95,71.93,63.51,57.9,43.87,63.51,56.11,20.13,43.88,Alta,-21.22635,-51.676199999999994,36.53,3526001
3549953,354995,São Lourenço da Serra,SP,Sudeste,2025,16479,3,0,0,0,1.82,0.0,0.0,0.0,99.98,96.95,93.92,92.11,90.89,87.87,92.11,12.12,4.35,87.88,Muito alta,-23.8555,-46.939099999999996,15.99,3522208
3550001,355000,São Luiz do Paraitinga,SP,Sudeste,2025,10487,4,0,0,0,3.81,0.0,0.0,0.0,99.98,88.54,77.1,70.24,65.67,54.23,70.24,45.75,16.42,54.24,Alta,-23.2406,-45.24605,30.59,3555406
3550100,355010,São Manuel,SP,Sudeste,2025,38131,7,0,0,0,1.84,0.0,0.0,0.0,99.98,96.88,93.78,91.92,90.68,87.58,91.92,12.4,4.45,87.59,Muito alta,-22.698,-48.547399999999996,15.64,3507506
3550209,355020,São Miguel Arcanjo,SP,Sudeste,2025,32924,15,1,1,0,4.56,3.04,3.04,0.0,41.5,41.16,40.81,40.6,40.46,40.12,40.6,1.38,0.5,84.49,Moderada,-23.93155,-48.01105,0.0,3550209
3550308,355030,São Paulo,SP,Sudeste,2025,11904961,623,176,123,17,0.52,1.48,1.03,0.14,48.79,61.02,73.25,80.59,85.49,97.72,80.59,48.93,17.56,51.06,Muito alta,-23.68245,-46.59485,0.0,3550308
3550407,355040,São Pedro,SP,Sudeste,2025,39855,11,0,0,0,2.76,0.0,0.0,0.0,99.98,93.52,87.06,83.18,80.6,74.13,83.18,25.85,9.27,74.15,Muito alta,-22.5492,-47.9268,18.85,3511706
3550506,355050,São Pedro do Turvo,SP,Sudeste,2025,7333,4,0,0,0,5.45,0.0,0.0,0.0,99.98,81.16,62.33,51.04,43.51,24.68,51.04,75.3,27.02,24.69,Alta,-22.68895,-49.750550000000004,31.92,3534708
3550605,355060,São Roque,SP,Sudeste,2025,81366,13,2,1,0,1.6,2.46,1.23,0.0,44.59,56.04,67.49,74.36,78.94,90.4,74.36,45.81,16.44,54.18,Alta,-23.53235,-47.09845,0.0,3550605
3550704,355070,São Sebastião,SP,Sudeste,2025,84280,30,1,1,1,3.56,1.19,1.19,1.19,49.79,52.22,54.64,56.09,57.06,59.49,56.09,9.69,3.48,85.22,Alta,-23.74505,-45.61935,0.0,3550704
3550803,355080,São Sebastião da Grama,SP,Sudeste,2025,10428,6,0,0,0,5.75,0.0,0.0,0.0,99.98,80.0,60.02,48.03,40.03,20.05,48.03,79.93,28.68,20.05,Moderada,-21.7489,-46.75125,22.8,3151800
3550902,355090,São Simão,SP,Sudeste,2025,13560,7,0,0,0,5.16,0.0,0.0,0.0,99.98,82.2,64.41,53.74,46.63,28.85,53.74,71.14,25.52,28.85,Alta,-21.4677,-47.60465,25.88,3547502
3551009,355100,São Vicente,SP,Sudeste,2025,338326,31,6,4,1,0.92,1.77,1.18,0.3,47.68,59.72,71.76,78.98,83.8,95.84,78.98,48.16,17.28,51.83,Muito alta,-23.954900000000002,-46.5025,0.0,3551009
3552601,355260,Tabapuã,SP,Sudeste,2025,11498,2,0,0,0,1.74,0.0,0.0,0.0,99.98,97.19,94.4,92.72,91.61,88.82,92.72,11.16,4.01,88.83,Muito alta,-20.9357,-49.0199,22.59,3511102
3552700,355270,Tabatinga,SP,Sudeste,2025,14997,5,0,0,0,3.33,0.0,0.0,0.0,99.98,90.98,81.99,76.59,72.99,63.99,76.59,35.99,12.91,64.0,Muito alta,-21.72455,-48.60975,7.97,3532900
3552809,355280,Taboão da Serra,SP,Sudeste,2025,285307,15,2,1,1,0.53,0.7,0.35,0.35,51.01,62.69,74.36,81.36,86.03,97.7,81.36,46.69,16.75,53.3,Muito alta,-23.62815,-46.80145,0.0,3552809
3552908,355290,Taciba,SP,Sudeste,2025,6418,4,0,0,0,6.23,0.0,0.0,0.0,99.98,78.78,57.57,44.85,36.37,15.17,44.85,84.81,30.43,15.17,Moderada,-22.4987,-51.33865,31.06,3519907
3553005,355300,Taguaí,SP,Sudeste,2025,13068,5,0,0,0,3.83,0.0,0.0,0.0,99.98,88.44,76.89,69.96,65.34,53.8,69.96,46.19,16.57,53.81,Alta,-23.4682,-49.39985,19.92,3522802
3553104,355310,Taiaçu,SP,Sudeste,2025,5744,3,0,0,0,5.22,0.0,0.0,0.0,99.98,81.98,63.97,53.17,45.97,27.97,53.17,72.02,25.84,27.97,Alta,-21.130650000000003,-48.537400000000005,21.33,3506102
3553203,355320,Taiúva,SP,Sudeste,2025,6770,4,0,0,0,5.91,0.0,0.0,0.0,99.98,79.59,59.2,46.96,38.81,18.42,46.96,81.57,29.27,18.42,Moderada,-21.1448,-48.41995,15.05,3524303
3553302,355330,Tambaú,SP,Sudeste,2025,21650,9,0,0,0,4.16,0.0,0.0,0.0,99.98,87.0,74.01,66.22,61.02,48.03,66.22,51.95,18.64,48.04,Alta,-21.6006,-47.24835,15.37,3547601
3553401,355340,Tanabi,SP,Sudeste,2025,26071,8,0,0,0,3.07,0.0,0.0,0.0,99.98,92.24,84.49,79.84,76.75,69.0,79.84,30.98,11.12,69.01,Muito alta,-20.515050000000002,-49.68385,39.96,3532603
3553609,355360,Tapiratiba,SP,Sudeste,2025,11903,6,0,0,0,5.04,0.0,0.0,0.0,99.98,82.69,65.39,55.02,48.1,30.8,55.02,69.18,24.82,30.81,Alta,-21.454,-46.72265,19.28,3128709
3553500,355350,Tapiraí,SP,Sudeste,2025,8122,3,0,0,0,3.69,0.0,0.0,0.0,99.98,89.15,78.32,71.82,67.48,56.65,71.82,43.33,15.55,56.66,Alta,-23.998849999999997,-47.625,37.4,3545308
3553658,355365,Taquaral,SP,Sudeste,2025,2649,1,0,0,0,3.78,0.0,0.0,0.0,99.98,88.72,77.45,70.7,66.19,54.93,70.7,45.05,16.17,54.94,Alta,-21.067700000000002,-48.3881,18.71,3524303
3553708,355370,Taquaritinga,SP,Sudeste,2025,53264,10,1,1,0,1.88,1.88,1.88,0.0,47.15,57.14,67.12,73.12,77.11,87.09,73.12,39.94,14.33,60.05,Alta,-21.4387,-48.51875,0.0,3553708
3553807,355380,Taquarituba,SP,Sudeste,2025,24932,7,0,0,0,2.81,0.0,0.0,0.0,99.98,93.27,86.56,82.54,79.86,73.15,82.54,26.84,9.63,73.16,Muito alta,-23.534,-49.239050000000006,23.67,3522802
3553856,355385,Taquarivaí,SP,Sudeste,2025,7170,2,0,0,0,2.79,0.0,0.0,0.0,99.98,93.37,86.76,82.8,80.15,73.54,82.8,26.44,9.49,73.55,Muito alta,-23.9369,-48.6679,21.56,3522406
3553906,355390,Tarabai,SP,Sudeste,2025,6633,0,0,0,0,0.0,0.0,0.0,0.0,99.98,99.98,99.98,99.98,99.98,99.98,99.98,0.0,0.0,100.0,Muito alta,-22.36215,-51.6229,28.64,3541208
3553955,355395,Tarumã,SP,Sudeste,2025,15315,4,0,0,0,2.61,0.0,0.0,0.0,99.98,94.21,88.43,84.97,82.66,76.88,84.97,23.1,8.29,76.89,Muito alta,-22.7735,-50.6047,27.81,3504008
3554003,355400,Tatuí,SP,Sudeste,2025,129130,21,1,0,0,1.63,0.77,0.0,0.0,50.87,60.65,70.43,76.29,80.21,89.98,76.29,39.11,14.03,60.25,Muito alta,-23.3585,-47.90445,0.0,3554003
3554102,355410,Taubaté,SP,Sudeste,2025,322397,58,12,11,2,1.8,3.72,3.41,0.62,37.57,50.21,62.85,70.44,75.49,88.13,70.44,50.57,18.14,49.43,Alta,-23.0863,-45.50964999999999,0.0,3554102
3554201,355420,Tejupá,SP,Sudeste,2025,4119,3,0,0,0,7.28,0.0,0.0,0.0,99.98,77.03,54.07,40.3,31.12,8.17,40.3,91.81,32.94,8.17,Moderada,-23.3497,-49.3157,35.01,3522802
3554300,355430,Teodoro Sampaio,SP,Sudeste,2025,22598,12,0,0,0,5.31,0.0,0.0,0.0,99.98,81.67,63.35,52.37,45.04,26.73,52.37,73.25,26.28,26.73,Alta,-22.4304,-52.39545,29.65,4124202
3554409,355440,Terra Roxa,SP,Sudeste,2025,7965,5,0,0,0,6.28,0.0,0.0,0.0,99.98,78.64,57.31,44.5,35.97,14.63,44.5,85.35,30.63,14.63,Moderada,-20.7749,-48.34555,20.15,3531902
3554508,355450,Tietê,SP,Sudeste,2025,38723,6,0,0,0,1.55,0.0,0.0,0.0,99.98,97.7,95.41,94.04,93.13,90.85,94.04,9.14,3.28,90.86,Muito alta,-23.0486,-47.7177,15.87,3511508
3554607,355460,Timburi,SP,Sudeste,2025,2484,1,0,0,0,4.03,0.0,0.0,0.0,99.98,87.6,75.21,67.78,62.83,50.44,67.78,49.54,17.78,50.45,Alta,-23.19745,-49.6271,15.05,4121802
3554656,355465,Torre de Pedra,SP,Sudeste,2025,2056,1,0,0,0,4.86,0.0,0.0,0.0,99.98,83.5,67.02,57.13,50.53,34.05,57.13,65.93,23.66,34.06,Alta,-23.24565,-48.208,33.44,3554003
3554706,355470,Torrinha,SP,Sudeste,2025,9484,2,0,0,0,2.11,0.0,0.0,0.0,99.98,96.14,92.3,89.99,88.46,84.62,89.99,15.37,5.51,84.63,Muito alta,-22.4451,-48.15975,20.89,3514106
3554755,355475,Trabiju,SP,Sudeste,2025,1724,1,0,0,0,5.8,0.0,0.0,0.0,99.98,79.87,59.76,47.7,39.66,19.55,47.7,80.43,28.86,19.55,Moderada,-22.0336,-48.3664,17.17,3506805
3554805,355480,Tremembé,SP,Sudeste,2025,53426,11,2,0,0,2.06,3.74,0.0,0.0,37.39,49.36,61.33,68.51,73.29,85.26,68.51,47.87,17.18,52.12,Alta,-22.9381,-45.604150000000004,0.0,3554805
3554904,355490,Três Fronteiras,SP,Sudeste,2025,7060,2,0,0,0,2.83,0.0,0.0,0.0,99.98,93.12,86.25,82.13,79.38,72.52,82.13,27.46,9.85,72.53,Muito alta,-20.2761,-50.880250000000004,33.69,3524808
3554953,355495,Tuiuti,SP,Sudeste,2025,6976,1,0,0,0,1.43,0.0,0.0,0.0,99.98,97.98,95.98,94.78,93.98,91.98,94.78,8.01,2.87,91.99,Muito alta,-22.8271,-46.692049999999995,18.03,3507605
3555109,355510,Tupi Paulista,SP,Sudeste,2025,16259,7,0,0,0,4.31,0.0,0.0,0.0,99.98,86.25,72.52,64.28,58.79,45.05,64.28,54.93,19.71,45.06,Alta,-21.38315,-51.6042,19.24,3514403
3555000,355500,Tupã,SP,Sudeste,2025,65433,16,2,0,0,2.45,3.06,0.0,0.0,41.37,50.83,60.29,65.96,69.74,79.2,65.96,37.82,13.57,62.17,Alta,-21.95765,-50.53575,0.0,3555000
3555208,355520,Turiúba,SP,Sudeste,2025,1835,2,0,0,0,10.9,0.0,0.0,0.0,99.98,75.36,50.74,35.97,26.13,1.51,35.97,98.47,35.33,1.51,Moderada,-20.938299999999998,-50.101699999999994,30.14,3532603
3555307,355530,Turmalina,SP,Sudeste,2025,1662,2,0,0,0,12.03,0.0,0.0,0.0,99.98,75.19,50.39,35.52,25.6,0.81,35.52,99.17,35.59,0.81,Moderada,-20.0713,-50.456599999999995,23.89,3524808
3555356,355535,Ubarana,SP,Sudeste,2025,5458,1,0,0,0,1.83,0.0,0.0,0.0,99.98,96.9,93.82,91.97,90.73,87.65,91.97,12.33,4.42,87.67,Muito alta,-21.22045,-49.75825,33.55,3541604
3555406,355540,Ubatuba,SP,Sudeste,2025,97096,24,2,2,1,2.47,2.06,2.06,1.03,46.45,54.52,62.59,67.43,70.66,78.73,67.43,32.27,11.58,67.61,Alta,-23.3982,-45.00045,0.0,3555406
3555505,355550,Ubirajara,SP,Sudeste,2025,5289,1,0,0,0,1.89,0.0,0.0,0.0,99.98,96.74,93.49,91.55,90.25,87.0,91.55,12.98,4.66,87.02,Muito alta,-22.5521,-49.6691,32.57,3514502
3555604,355560,Uchoa,SP,Sudeste,2025,10670,3,0,0,0,2.81,0.0,0.0,0.0,99.98,93.25,86.52,82.48,79.79,73.06,82.48,26.93,9.66,73.07,Muito alta,-20.92675,-49.16825,9.49,3511300
3555703,355570,União Paulista,SP,Sudeste,2025,1628,1,0,0,0,6.14,0.0,0.0,0.0,99.98,79.01,58.03,45.45,37.06,16.08,45.45,83.9,30.1,16.09,Moderada,-20.888399999999997,-49.8955,27.24,3532603
3555901,355590,Uru,SP,Sudeste,2025,1424,1,0,0,0,7.02,0.0,0.0,0.0,99.98,77.33,54.68,41.1,32.04,9.39,41.1,90.59,32.51,9.39,Moderada,-21.75965,-49.314899999999994,20.71,3538907
3556008,355600,Urupês,SP,Sudeste,2025,14073,6,0,0,0,4.26,0.0,0.0,0.0,99.98,86.48,72.99,64.89,59.49,45.99,64.89,53.99,19.37,46.0,Alta,-21.2196,-49.2709,29.21,3533502
3555802,355580,Urânia,SP,Sudeste,2025,8973,3,0,0,0,3.34,0.0,0.0,0.0,99.98,90.91,81.84,76.4,72.77,63.7,76.4,36.28,13.02,63.72,Muito alta,-20.19415,-50.662949999999995,13.47,3524808
3556107,355610,Valentim Gentil,SP,Sudeste,2025,14634,9,0,0,0,6.15,0.0,0.0,0.0,99.98,78.98,57.97,45.37,36.96,15.96,45.37,84.02,30.15,15.96,Moderada,-20.4047,-50.11755,20.81,3515509
3556206,355620,Valinhos,SP,Sudeste,2025,132258,16,1,1,1,1.21,0.76,0.76,0.76,50.92,61.62,72.32,78.74,83.02,93.72,78.74,42.79,15.35,56.98,Muito alta,-22.9806,-46.975350000000006,0.0,3556206
3556305,355630,Valparaíso,SP,Sudeste,2025,24779,7,0,0,0,2.82,0.0,0.0,0.0,99.98,93.16,86.34,82.25,79.52,72.7,82.25,27.28,9.79,72.71,Muito alta,-21.186500000000002,-50.94540000000001,33.78,3502804
3556354,355635,Vargem,SP,Sudeste,2025,10863,3,0,0,0,2.76,0.0,0.0,0.0,99.98,93.52,87.05,83.17,80.58,74.12,83.17,25.87,9.28,74.13,Muito alta,-22.894,-46.41205,16.29,3507605
3556453,355645,Vargem Grande Paulista,SP,Sudeste,2025,52352,10,1,0,0,1.91,1.91,0.0,0.0,47.08,57.02,66.96,72.93,76.9,86.84,72.93,39.76,14.27,60.23,Alta,-23.6233,-47.02025,0.0,3556453
3556404,355640,Vargem Grande do Sul,SP,Sudeste,2025,41256,9,0,0,0,2.18,0.0,0.0,0.0,99.98,95.89,91.8,89.34,87.7,83.61,89.34,16.37,5.87,83.63,Muito alta,-21.8688,-46.8772,13.86,3549102
3556602,355660,Vera Cruz,SP,Sudeste,2025,10274,3,0,0,0,2.92,0.0,0.0,0.0,99.98,92.8,85.61,81.3,78.43,71.24,81.3,28.74,10.31,71.26,Muito alta,-22.22715,-49.82815,14.1,3516705
3556701,355670,Vinhedo,SP,Sudeste,2025,79089,9,2,1,1,1.14,2.53,1.26,1.26,44.23,56.73,69.23,76.73,81.74,94.24,76.73,50.01,17.94,49.98,Muito alta,-23.0608,-46.9741,0.0,3556701
3556800,355680,Viradouro,SP,Sudeste,2025,17685,5,0,0,0,2.83,0.0,0.0,0.0,99.98,93.15,86.32,82.22,79.49,72.66,82.22,27.32,9.8,72.68,Muito alta,-20.8798,-48.3085,23.59,3506102
3556909,355690,Vista Alegre do Alto,SP,Sudeste,2025,8368,3,0,0,0,3.59,0.0,0.0,0.0,99.98,89.71,79.45,73.29,69.18,58.91,73.29,41.07,14.74,58.92,Alta,-21.17605,-48.65495,29.52,3506102
3556958,355695,Vitória Brasil,SP,Sudeste,2025,1828,1,0,0,0,5.47,0.0,0.0,0.0,99.98,81.09,62.21,50.87,43.32,24.43,50.87,75.55,27.11,24.43,Alta,-20.1994,-50.4856,10.4,3524808
3557006,355700,Votorantim,SP,Sudeste,2025,133510,19,1,1,0,1.42,0.75,0.75,0.0,50.94,61.23,71.52,77.7,81.81,92.1,77.7,41.16,14.77,58.44,Muito alta,-23.58615,-47.3998,0.0,3557006
3557105,355710,Votuporanga,SP,Sudeste,2025,100568,17,0,0,0,1.69,0.0,0.0,0.0,99.98,97.34,94.7,93.11,92.05,89.41,93.11,10.57,3.79,89.43,Muito alta,-20.45205,-50.00335,25.07,3532603
3556503,355650,Várzea Paulista,SP,Sudeste,2025,119655,14,1,0,0,1.17,0.84,0.0,0.0,50.67,61.51,72.34,78.84,83.17,94.0,78.84,43.33,15.55,56.64,Muito alta,-23.21855,-46.826499999999996,0.0,3556503
3557154,355715,Zacarias,SP,Sudeste,2025,2773,1,0,0,0,3.61,0.0,0.0,0.0,99.98,89.62,79.25,73.03,68.88,58.52,73.03,41.46,14.88,58.53,Alta,-21.112000000000002,-50.0557,32.09,3537305
3500402,350040,Águas da Prata,SP,Sudeste,2025,7463,3,0,0,0,4.02,0.0,0.0,0.0,99.98,87.64,75.29,67.88,62.95,50.6,67.88,49.38,17.72,50.61,Alta,-21.9151,-46.688,12.45,3549102
3500501,350050,Águas de Lindóia,SP,Sudeste,2025,18257,7,0,0,0,3.83,0.0,0.0,0.0,99.98,88.4,76.81,69.86,65.22,53.63,69.86,46.35,16.63,53.64,Alta,-22.4768,-46.6041,15.74,3522604
3500550,350055,Águas de Santa Bárbara,SP,Sudeste,2025,7460,4,0,0,0,5.36,0.0,0.0,0.0,99.98,81.43,62.88,51.75,44.33,25.78,51.75,74.21,26.63,25.78,Alta,-22.88035,-49.274,39.29,3500709
3500600,350060,Águas de São Pedro,SP,Sudeste,2025,2928,1,0,0,0,3.42,0.0,0.0,0.0,99.98,90.61,81.23,75.61,71.86,62.48,75.61,37.5,13.45,62.5,Muito alta,-22.59935,-47.874300000000005,14.89,3538709
3501202,350120,Álvares Florence,SP,Sudeste,2025,3979,3,0,0,0,7.54,0.0,0.0,0.0,99.98,76.81,53.63,39.73,30.46,7.29,39.73,92.69,33.26,7.29,Moderada,-20.2958,-49.915400000000005,36.71,3515509
3501301,350130,Álvares Machado,SP,Sudeste,2025,28386,8,0,0,0,2.82,0.0,0.0,0.0,99.98,93.19,86.4,82.33,79.61,72.82,82.33,27.16,9.74,72.84,Muito alta,-22.118450000000003,-51.50665,12.78,3541208
3501400,350140,Álvaro de Carvalho,SP,Sudeste,2025,4901,3,0,0,0,6.12,0.0,0.0,0.0,99.98,79.04,58.1,45.53,37.15,16.21,45.53,83.77,30.06,16.21,Moderada,-22.084049999999998,-49.741550000000004,16.95,3516705
3533809,353380,Óleo,SP,Sudeste,2025,2535,2,0,0,0,7.89,0.0,0.0,0.0,99.98,76.53,53.08,39.01,29.63,6.17,39.01,93.81,33.66,6.18,Moderada,-22.968,-49.3754,50.41,3534708
1700251,170025,Abreulândia,TO,Norte,2025,2682,1,0,0,0,3.73,0.0,0.0,0.0,99.98,88.99,77.99,71.4,67.0,56.0,71.4,43.98,15.78,56.01,Alta,-9.46045,-49.29705,20.35,1707108
1700301,170030,Aguiarnópolis,TO,Norte,2025,4502,3,0,0,0,6.66,0.0,0.0,0.0,99.98,77.9,55.82,42.57,33.73,11.65,42.57,88.33,31.7,11.65,Moderada,-6.5019,-47.5255,30.59,1721208
1700350,170035,Aliança do Tocantins,TO,Norte,2025,5196,2,0,0,0,3.85,0.0,0.0,0.0,99.98,88.34,76.69,69.7,65.05,53.4,69.7,46.58,16.71,53.41,Alta,-11.3584,-48.9366,33.75,1709500
1700400,170040,Almas,TO,Norte,2025,6483,1,0,0,0,1.54,0.0,0.0,0.0,99.98,97.72,95.47,94.11,93.21,90.95,94.11,9.03,3.24,90.97,Muito alta,-11.47105,-47.1287,56.0,1717008
1700707,170070,Alvorada,TO,Norte,2025,9128,5,1,1,1,5.48,10.96,10.96,10.96,10.38,13.84,17.29,19.37,20.75,24.21,19.37,13.84,4.97,82.39,Baixa,-12.40315,-49.11815,0.0,1700707
1701002,170100,Ananás,TO,Norte,2025,10700,3,1,1,1,2.8,9.35,9.35,9.35,13.44,28.4,43.36,52.33,58.32,73.27,52.33,59.83,21.47,40.16,Alta,-6.1949000000000005,-48.19095,0.0,1701002
1701051,170105,Angico,TO,Norte,2025,2903,2,0,0,0,6.89,0.0,0.0,0.0,99.98,77.51,55.04,41.56,32.57,10.11,41.56,89.88,32.25,10.11,Moderada,-6.424049999999999,-47.91355,39.86,1701002
1701101,170110,Aparecida do Rio Negro,TO,Norte,2025,5110,2,0,0,0,3.91,0.0,0.0,0.0,99.98,88.09,76.2,69.06,64.31,52.41,69.06,47.57,17.07,52.42,Alta,-9.9733,-48.0235,25.99,1721000
1701309,170130,Aragominas,TO,Norte,2025,5330,3,0,0,0,5.63,0.0,0.0,0.0,99.98,80.44,60.9,49.18,41.37,21.83,49.18,78.15,28.04,21.83,Moderada,-6.98785,-48.64815,29.35,1702109
1701903,170190,Araguacema,TO,Norte,2025,6022,2,1,1,1,3.32,16.61,16.61,16.61,5.06,19.85,34.64,43.52,49.43,64.23,43.52,59.16,21.23,40.83,Moderada,-8.910599999999999,-49.53725,0.0,1701903
1702158,170215,Araguanã,TO,Norte,2025,4300,3,0,0,0,6.98,0.0,0.0,0.0,99.98,77.4,54.82,41.27,32.24,9.66,41.27,90.32,32.41,9.66,Moderada,-6.7376,-48.48975,15.96,1722107
1702208,170220,Araguatins,TO,Norte,2025,33286,12,1,1,1,3.61,3.0,3.0,3.0,41.59,45.83,50.06,52.6,54.3,58.54,52.6,16.94,6.08,76.07,Alta,-5.64465,-48.1045,0.0,1702208
1702000,170200,Araguaçu,TO,Norte,2025,8242,3,1,1,1,3.64,12.13,12.13,12.13,8.92,21.16,33.41,40.75,45.65,57.89,40.75,48.97,17.57,51.02,Moderada,-12.84535,-49.774249999999995,0.0,1702000
1702109,170210,Araguaína,TO,Norte,2025,183024,22,11,6,3,1.2,6.01,3.28,1.64,24.68,41.95,59.23,69.59,76.5,93.77,69.59,69.09,24.79,30.9,Alta,-7.2517,-48.6552,0.0,1702109
1702307,170230,Arapoema,TO,Norte,2025,5488,1,1,1,1,1.82,18.22,18.22,18.22,3.98,24.94,45.9,58.47,66.86,87.81,58.47,83.83,30.08,16.16,Alta,-7.72955,-49.04175,0.0,1702307
1702406,170240,Arraias,TO,Norte,2025,10511,6,1,1,1,5.71,9.51,9.51,9.51,12.67,14.72,16.77,18.0,18.83,20.88,18.0,8.2,2.94,85.49,Baixa,-12.810649999999999,-47.080749999999995,0.0,1702406
1702554,170255,Augustinópolis,TO,Norte,2025,18237,6,1,1,1,3.29,5.48,5.48,5.48,27.61,36.9,46.19,51.77,55.49,64.78,51.77,37.17,13.34,62.82,Alta,-5.52275,-47.95295,0.0,1702554
1702703,170270,Aurora do Tocantins,TO,Norte,2025,3418,2,0,0,0,5.85,0.0,0.0,0.0,99.98,79.73,59.48,47.33,39.23,18.97,47.33,81.01,29.07,18.98,Moderada,-12.6375,-46.45195,34.85,1720903
1702901,170290,Axixá do Tocantins,TO,Norte,2025,10732,5,0,0,0,4.66,0.0,0.0,0.0,99.98,84.52,69.05,59.78,53.59,38.13,59.78,61.86,22.2,38.13,Alta,-5.6829,-47.7592,5.83,1720804
1703008,170300,Babaçulândia,TO,Norte,2025,7636,6,0,0,0,7.86,0.0,0.0,0.0,99.98,76.55,53.12,39.07,29.69,6.26,39.07,93.72,33.63,6.27,Moderada,-7.15885,-47.84315,38.97,1707702
1703057,170305,Bandeirantes do Tocantins,TO,Norte,2025,3555,1,1,1,0,2.81,28.13,28.13,0.0,1.2,19.16,37.11,47.88,55.07,73.02,47.88,71.82,25.77,28.17,Moderada,-7.9897,-48.67355,0.0,1703057
1703073,170307,Barra do Ouro,TO,Norte,2025,4667,2,0,0,0,4.29,0.0,0.0,0.0,99.98,86.37,72.75,64.58,59.14,45.52,64.58,54.46,19.54,45.53,Alta,-7.7125,-47.58115,32.71,1707702
1703107,170310,Barrolândia,TO,Norte,2025,4890,2,0,0,0,4.09,0.0,0.0,0.0,99.98,87.3,74.61,67.0,61.92,49.24,67.0,50.74,18.21,49.25,Alta,-9.896550000000001,-48.7987,29.35,1713205
1703206,170320,Bernardo Sayão,TO,Norte,2025,4307,1,0,0,0,2.32,0.0,0.0,0.0,99.98,95.38,90.77,88.01,86.17,81.57,88.01,18.42,6.61,81.58,Muito alta,-7.98975,-48.984,29.62,1702307
1703305,170330,Bom Jesus do Tocantins,TO,Norte,2025,4201,2,0,0,0,4.76,0.0,0.0,0.0,99.98,84.03,68.08,58.52,52.14,36.19,58.52,63.79,22.89,36.19,Alta,-9.0024,-47.860600000000005,27.92,1716505
1703602,170360,Brasilândia do Tocantins,TO,Norte,2025,2013,1,0,0,0,4.97,0.0,0.0,0.0,99.98,83.02,66.07,55.89,49.11,32.15,55.89,67.83,24.34,32.15,Alta,-8.2743,-48.459649999999996,23.69,1705508
1703701,170370,Brejinho de Nazaré,TO,Norte,2025,4774,2,1,0,1,4.19,20.95,0.0,20.95,2.73,13.9,25.07,31.77,36.24,47.41,31.77,44.68,16.03,55.31,Moderada,-11.0716,-48.62705,0.0,1703701
1703800,170380,Buriti do Tocantins,TO,Norte,2025,10696,6,0,0,0,5.61,0.0,0.0,0.0,99.98,80.52,61.06,49.38,41.59,22.13,49.38,77.85,27.93,22.14,Moderada,-5.34755,-48.15305,29.5,1702554
1703826,170382,Cachoeirinha,TO,Norte,2025,1982,1,0,0,0,5.05,0.0,0.0,0.0,99.98,82.67,65.36,54.97,48.04,30.73,54.97,69.25,24.85,30.74,Alta,-6.09935,-47.84155,34.89,1721208
1703842,170384,Campos Lindos,TO,Norte,2025,8990,1,0,0,0,1.11,0.0,0.0,0.0,99.98,98.62,97.26,96.45,95.9,94.54,96.45,5.44,1.95,94.56,Muito alta,-8.21535,-46.816199999999995,50.21,2101400
1703867,170386,Cariri do Tocantins,TO,Norte,2025,4166,3,0,0,0,7.2,0.0,0.0,0.0,99.98,77.13,54.27,40.56,31.42,8.56,40.56,91.42,32.8,8.56,Moderada,-11.95115,-49.1989,32.94,1707652
1703883,170388,Carmolândia,TO,Norte,2025,2242,1,0,0,0,4.46,0.0,0.0,0.0,99.98,85.43,70.88,62.14,56.32,41.77,62.14,58.21,20.89,41.78,Alta,-7.03855,-48.380750000000006,36.39,1717206
1703891,170389,Carrasco Bonito,TO,Norte,2025,3344,2,0,0,0,5.98,0.0,0.0,0.0,99.98,79.4,58.82,46.47,38.24,17.66,46.47,82.32,29.54,17.67,Moderada,-5.3304,-48.0149,22.46,1702554
1703909,170390,Caseara,TO,Norte,2025,5028,2,0,0,0,3.98,0.0,0.0,0.0,99.98,87.82,75.65,68.35,63.49,51.32,68.35,48.66,17.46,51.33,Alta,-9.3737,-49.84085,46.62,1712504
1704105,170410,Centenário,TO,Norte,2025,2111,1,0,0,0,4.74,0.0,0.0,0.0,99.98,84.18,68.37,58.89,52.57,36.76,58.89,63.22,22.68,36.77,Alta,-9.075050000000001,-47.471050000000005,61.55,1716505
1705102,170510,Chapada da Natividade,TO,Norte,2025,3176,1,0,0,0,3.15,0.0,0.0,0.0,99.98,91.84,83.69,78.81,75.55,67.4,78.81,32.58,11.69,67.41,Muito alta,-11.51635,-47.8855,27.09,1714203
1704600,170460,Chapada de Areia,TO,Norte,2025,1574,1,0,0,0,6.35,0.0,0.0,0.0,99.98,78.46,56.95,44.04,35.43,13.91,44.04,86.07,30.88,13.91,Moderada,-10.1659,-49.21195,39.57,1716109
1705508,170550,Colinas do Tocantins,TO,Norte,2025,36209,12,1,1,1,3.31,2.76,2.76,2.76,43.04,48.38,53.72,56.92,59.05,64.39,56.92,21.34,7.66,77.16,Alta,-8.0684,-48.515,0.0,1705508
1716703,171670,Colméia,TO,Norte,2025,9155,4,1,1,1,4.37,10.92,10.92,10.92,10.43,18.74,27.06,32.05,35.38,43.69,32.05,33.26,11.93,66.73,Moderada,-8.8945,-48.765699999999995,0.0,1716703
1705557,170555,Combinado,TO,Norte,2025,4906,1,0,0,0,2.04,0.0,0.0,0.0,99.98,96.38,92.78,90.62,89.19,85.59,90.62,14.4,5.17,85.6,Muito alta,-12.834150000000001,-46.512100000000004,14.89,5204904
1705607,170560,Conceição do Tocantins,TO,Norte,2025,3942,2,0,0,0,5.07,0.0,0.0,0.0,99.98,82.56,65.14,54.69,47.72,30.3,54.69,69.68,25.0,30.31,Alta,-12.149750000000001,-47.31215,67.35,1714203
1706001,170600,Couto Magalhães,TO,Norte,2025,5540,2,0,0,0,3.61,0.0,0.0,0.0,99.98,89.58,79.19,72.95,68.79,58.39,72.95,41.59,14.92,58.4,Alta,-8.4374,-49.17845,46.72,1502707
1706100,170610,Cristalândia,TO,Norte,2025,6392,3,1,1,1,4.69,15.64,15.64,15.64,5.78,13.72,21.67,26.43,29.61,37.55,26.43,31.77,11.4,68.22,Moderada,-10.63875,-49.36065,0.0,1706100
1706258,170625,Crixás do Tocantins,TO,Norte,2025,1494,1,0,0,0,6.69,0.0,0.0,0.0,99.98,77.84,55.69,42.4,33.54,11.4,42.4,88.58,31.79,11.4,Moderada,-11.1631,-49.0793,41.07,1707306
1706506,170650,Darcinópolis,TO,Norte,2025,6093,0,0,0,0,0.0,0.0,0.0,0.0,99.98,99.98,99.98,99.98,99.98,99.98,99.98,0.0,0.0,100.0,Muito alta,-6.77885,-47.81115,49.4,1717206
1707009,170700,Dianópolis,TO,Norte,2025,17966,7,1,1,1,3.9,5.57,5.57,5.57,27.0,33.41,39.83,43.68,46.25,52.67,43.68,25.67,9.21,72.51,Moderada,-11.7956,-46.645250000000004,0.0,1707009
1707108,170710,Divinópolis do Tocantins,TO,Norte,2025,7343,3,1,1,1,4.09,13.62,13.62,13.62,7.29,17.8,28.31,34.61,38.82,49.33,34.61,42.04,15.08,57.95,Moderada,-9.643149999999999,-49.308350000000004,0.0,1707108
1707207,170720,Dois Irmãos do Tocantins,TO,Norte,2025,6352,2,0,0,0,3.15,0.0,0.0,0.0,99.98,91.84,83.69,78.81,75.55,67.4,78.81,32.58,11.69,67.41,Muito alta,-9.34005,-49.072900000000004,40.55,1713304
1707306,170730,Dueré,TO,Norte,2025,4304,2,1,1,1,4.65,23.23,23.23,23.23,2.05,11.12,20.2,25.65,29.28,38.36,25.65,36.31,13.03,63.68,Moderada,-11.3779,-49.3857,0.0,1707306
1707405,170740,Esperantina,TO,Norte,2025,7385,3,0,0,0,4.06,0.0,0.0,0.0,99.98,87.4,74.82,67.27,62.23,49.65,67.27,50.33,18.06,49.66,Alta,-5.31095,-48.57535,18.75,1507508
1707652,170765,Figueirópolis,TO,Norte,2025,5334,3,1,1,1,5.62,18.75,18.75,18.75,3.63,8.2,12.78,15.53,17.36,21.94,15.53,18.31,6.57,80.86,Baixa,-12.237200000000001,-49.2778,0.0,1707652
1707702,170770,Filadélfia,TO,Norte,2025,7784,4,1,1,1,5.14,12.85,12.85,12.85,8.1,13.38,18.66,21.83,23.94,29.22,21.83,21.13,7.58,77.04,Baixa,-7.50565,-47.79215,0.0,1707702
1708205,170820,Formoso do Araguaia,TO,Norte,2025,19473,7,1,1,1,3.59,5.14,5.14,5.14,29.58,36.86,44.14,48.51,51.42,58.7,48.51,29.12,10.45,70.29,Moderada,-12.11975,-49.9905,0.0,1708205
1707553,170755,Fátima,TO,Norte,2025,3503,2,0,0,0,5.71,0.0,0.0,0.0,99.98,80.2,60.42,48.55,40.64,20.86,48.55,79.12,28.39,20.86,Moderada,-10.831949999999999,-48.8942,39.51,1703701
1708304,170830,Goianorte,TO,Norte,2025,4832,2,0,0,0,4.14,0.0,0.0,0.0,99.98,87.11,74.23,66.51,61.36,48.48,66.51,51.5,18.48,48.49,Alta,-8.91995,-49.013450000000006,27.36,1716703
1709005,170900,Goiatins,TO,Norte,2025,12851,3,1,1,0,2.33,7.78,7.78,0.0,18.04,33.86,49.68,59.17,65.5,81.31,59.17,63.27,22.7,36.71,Alta,-8.01665,-47.48125,0.0,1709005
1709302,170930,Guaraí,TO,Norte,2025,25831,8,1,1,1,3.1,3.87,3.87,3.87,36.65,44.59,52.52,57.28,60.46,68.39,57.28,31.74,11.39,68.26,Alta,-8.7643,-48.415400000000005,0.0,1709302
1709500,170950,Gurupi,TO,Norte,2025,90209,15,4,4,4,1.66,4.43,4.43,4.43,33.19,47.31,61.43,69.9,75.54,89.66,69.9,56.47,20.26,43.52,Alta,-11.6554,-48.872749999999996,0.0,1709500
1709807,170980,Ipueiras,TO,Norte,2025,1626,1,0,0,0,6.15,0.0,0.0,0.0,99.98,78.98,57.97,45.37,36.96,15.96,45.37,84.02,30.15,15.96,Moderada,-11.1123,-48.3886,26.41,1703701
1710508,171050,Itacajá,TO,Norte,2025,6959,2,1,1,1,2.87,14.37,14.37,14.37,6.68,22.97,39.26,49.03,55.55,71.84,49.03,65.16,23.38,34.83,Moderada,-8.5018,-47.6375,0.0,1710508
1710706,171070,Itaguatins,TO,Norte,2025,5160,3,0,0,0,5.81,0.0,0.0,0.0,99.98,79.85,59.72,47.64,39.59,19.46,47.64,80.52,28.89,19.46,Moderada,-5.7836,-47.598600000000005,19.31,1720804
1710904,171090,Itapiratins,TO,Norte,2025,3685,1,0,0,0,2.71,0.0,0.0,0.0,99.98,93.72,87.46,83.71,81.2,74.94,83.71,25.04,8.98,74.96,Muito alta,-8.2977,-48.022800000000004,48.08,1710508
1711100,171110,Itaporã do Tocantins,TO,Norte,2025,2464,1,0,0,0,4.06,0.0,0.0,0.0,99.98,87.42,74.85,67.31,62.29,49.72,67.31,50.26,18.03,49.73,Alta,-8.439599999999999,-48.7742,50.17,1705508
1711506,171150,Jaú do Tocantins,TO,Norte,2025,3396,2,0,0,0,5.89,0.0,0.0,0.0,99.98,79.64,59.29,47.08,38.94,18.6,47.08,81.39,29.2,18.6,Moderada,-12.8565,-48.658550000000005,39.15,1715754
1711803,171180,Juarina,TO,Norte,2025,2308,1,0,0,0,4.33,0.0,0.0,0.0,99.98,86.1,72.22,63.89,58.34,44.46,63.89,55.52,19.92,44.47,Alta,-8.132449999999999,-49.099549999999994,45.25,1702307
1711902,171190,Lagoa da Confusão,TO,Norte,2025,16629,4,1,1,0,2.41,6.01,6.01,0.0,24.66,38.49,52.32,60.61,66.14,79.97,60.61,55.3,19.84,44.69,Alta,-11.0472,-50.0951,0.0,1711902
1711951,171195,Lagoa do Tocantins,TO,Norte,2025,3613,2,0,0,0,5.54,0.0,0.0,0.0,99.98,80.82,61.65,50.15,42.48,23.32,50.15,76.66,27.51,23.32,Alta,-10.3479,-47.486000000000004,50.32,1717909
1712009,171200,Lajeado,TO,Norte,2025,3559,2,0,0,0,5.62,0.0,0.0,0.0,99.98,80.49,61.0,49.31,41.51,22.02,49.31,77.96,27.97,22.03,Moderada,-9.837250000000001,-48.281949999999995,37.73,1713205
1712157,171215,Lavandeira,TO,Norte,2025,1676,1,0,0,0,5.97,0.0,0.0,0.0,99.98,79.43,58.89,46.56,38.34,17.79,46.56,82.19,29.49,17.79,Moderada,-12.8238,-46.36895,20.06,5204904
1712405,171240,Lizarda,TO,Norte,2025,2950,2,0,0,0,6.78,0.0,0.0,0.0,99.98,77.68,55.39,42.01,33.09,10.79,42.01,89.19,32.0,10.79,Moderada,-9.49765,-46.90955,74.63,2100501
1712454,171245,Luzinópolis,TO,Norte,2025,2811,1,0,0,0,3.56,0.0,0.0,0.0,99.98,89.88,79.78,73.72,69.68,59.58,73.72,40.41,14.5,59.59,Alta,-6.21535,-47.84675,32.42,1721208
1712504,171250,Marianópolis do Tocantins,TO,Norte,2025,4793,2,1,1,0,4.17,20.86,20.86,0.0,2.76,14.01,25.25,31.99,36.49,47.73,31.99,44.96,16.13,55.03,Moderada,-9.77375,-49.71365,0.0,1712504
1712702,171270,Mateiros,TO,Norte,2025,2922,1,0,0,0,3.42,0.0,0.0,0.0,99.98,90.59,81.2,75.56,71.8,62.41,75.56,37.57,13.48,62.42,Muito alta,-10.7072,-46.40135,71.95,2911105
1712801,171280,Maurilândia do Tocantins,TO,Norte,2025,3171,2,0,0,0,6.31,0.0,0.0,0.0,99.98,78.57,57.16,44.32,35.75,14.34,44.32,85.64,30.73,14.34,Moderada,-6.02015,-47.59885,23.67,1721208
1713205,171320,Miracema do Tocantins,TO,Norte,2025,18679,8,1,1,1,4.28,5.35,5.35,5.35,28.22,32.56,36.91,39.51,41.25,45.59,39.51,17.38,6.23,77.11,Moderada,-9.7158,-48.603449999999995,0.0,1713205
1713304,171330,Miranorte,TO,Norte,2025,13073,4,1,1,1,3.06,7.65,7.65,7.65,18.31,31.01,43.71,51.33,56.41,69.11,51.33,50.8,18.23,49.19,Alta,-9.39705,-48.70785,0.0,1713304
1713700,171370,Monte Santo do Tocantins,TO,Norte,2025,2521,1,0,0,0,3.97,0.0,0.0,0.0,99.98,87.85,75.71,68.43,63.58,51.44,68.43,48.54,17.42,51.45,Alta,-9.9896,-49.12455,38.91,1716109
1713601,171360,Monte do Carmo,TO,Norte,2025,5667,2,1,1,1,3.53,17.65,17.65,17.65,4.38,18.34,32.29,40.67,46.25,60.2,40.67,55.82,20.03,44.17,Moderada,-10.73385,-48.0253,0.0,1713601
1713957,171395,Muricilândia,TO,Norte,2025,3501,2,0,0,0,5.71,0.0,0.0,0.0,99.98,80.2,60.41,48.54,40.63,20.84,48.54,79.14,28.4,20.84,Moderada,-7.01555,-48.79345,16.75,1718865
1714203,171420,Natividade,TO,Norte,2025,8956,6,1,1,1,6.7,11.17,11.17,11.17,10.09,10.4,10.72,10.9,11.03,11.34,10.9,1.26,0.45,91.9,Baixa,-11.718900000000001,-47.747299999999996,0.0,1714203
1714302,171430,Nazaré,TO,Norte,2025,4672,2,0,0,0,4.28,0.0,0.0,0.0,99.98,86.41,72.83,64.69,59.26,45.68,64.69,54.3,19.48,45.69,Alta,-6.3229500000000005,-47.762950000000004,25.41,1721208
1714880,171488,Nova Olinda,TO,Norte,2025,10600,3,0,0,0,2.83,0.0,0.0,0.0,99.98,93.13,86.27,82.15,79.41,72.55,82.15,27.43,9.84,72.57,Muito alta,-7.6483,-48.37125,49.32,1705508
1715002,171500,Nova Rosalândia,TO,Norte,2025,3382,2,0,0,0,5.91,0.0,0.0,0.0,99.98,79.58,59.17,46.93,38.77,18.36,46.93,81.62,29.29,18.37,Moderada,-10.52385,-48.9413,35.47,1716109
1715101,171510,Novo Acordo,TO,Norte,2025,4118,2,0,0,0,4.86,0.0,0.0,0.0,99.98,83.53,67.08,57.21,50.63,34.18,57.21,65.81,23.61,34.18,Alta,-10.1595,-47.4048,67.34,1717909
1715150,171515,Novo Alegre,TO,Norte,2025,1817,2,0,0,0,11.01,0.0,0.0,0.0,99.98,75.34,50.7,35.92,26.06,1.42,35.92,98.56,35.37,1.42,Moderada,-12.8879,-46.54065,10.57,5204904
1715259,171525,Novo Jardim,TO,Norte,2025,2251,1,0,0,0,4.44,0.0,0.0,0.0,99.98,85.53,71.07,62.4,56.62,42.16,62.4,57.82,20.75,42.17,Alta,-11.8063,-46.466499999999996,19.49,1707009
1715507,171550,Oliveira de Fátima,TO,Norte,2025,1220,1,0,0,0,8.2,0.0,0.0,0.0,99.98,76.4,52.83,38.68,29.25,5.67,38.68,94.31,33.84,5.67,Moderada,-10.6614,-48.87645,43.67,1718204
1721000,172100,Palmas,TO,Norte,2025,328499,52,27,19,5,1.58,8.22,5.78,1.52,16.89,35.29,53.68,64.72,72.07,90.47,64.72,73.58,26.4,26.41,Alta,-10.19175,-48.10785,0.0,1721000
1715705,171570,Palmeirante,TO,Norte,2025,4905,1,0,0,0,2.04,0.0,0.0,0.0,99.98,96.37,92.77,90.6,89.16,85.55,90.6,14.43,5.18,85.57,Muito alta,-7.846550000000001,-48.147850000000005,47.36,1705508
1713809,171380,Palmeiras do Tocantins,TO,Norte,2025,4850,1,0,0,0,2.06,0.0,0.0,0.0,99.98,96.29,92.6,90.39,88.92,85.23,90.39,14.75,5.29,85.24,Muito alta,-6.58165,-47.66805,41.28,1721208
1715754,171575,Palmeirópolis,TO,Norte,2025,7104,3,1,1,1,4.22,14.08,14.08,14.08,7.0,16.94,26.87,32.83,36.81,46.74,32.83,39.74,14.26,60.25,Moderada,-13.03285,-48.34585,0.0,1715754
1716208,171620,Paranã,TO,Norte,2025,10877,2,1,1,1,1.84,9.19,9.19,9.19,14.0,32.38,50.76,61.79,69.14,87.52,61.79,73.52,26.38,26.46,Alta,-12.75965,-47.7612,0.0,1716208
1716109,171610,Paraíso do Tocantins,TO,Norte,2025,55704,10,4,3,1,1.8,7.18,5.39,1.8,19.69,36.82,53.94,64.21,71.06,88.19,64.21,68.5,24.58,31.49,Alta,-10.216650000000001,-48.8541,0.0,1716109
1716307,171630,Pau D'Arco,TO,Norte,2025,4057,1,0,0,0,2.46,0.0,0.0,0.0,99.98,94.7,89.42,86.25,84.14,78.85,86.25,21.13,7.58,78.87,Muito alta,-7.54985,-48.94795,22.5,1702307
1716505,171650,Pedro Afonso,TO,Norte,2025,14895,6,1,1,1,4.03,6.71,6.71,6.71,22.49,29.47,36.44,40.62,43.41,50.39,40.62,27.89,10.01,72.06,Moderada,-9.200199999999999,-48.0172,0.0,1716505
1716604,171660,Peixe,TO,Norte,2025,9384,6,1,1,1,6.39,10.66,10.66,10.66,10.88,11.52,12.17,12.56,12.82,13.46,12.56,2.58,0.93,90.5,Baixa,-11.93035,-48.561099999999996,0.0,1716604
1716653,171665,Pequizeiro,TO,Norte,2025,5035,3,0,0,0,5.96,0.0,0.0,0.0,99.98,79.46,58.93,46.61,38.4,17.88,46.61,82.1,29.46,17.88,Moderada,-8.3982,-48.91275,52.5,1703057
1717008,171700,Pindorama do Tocantins,TO,Norte,2025,4599,2,1,1,1,4.35,21.74,21.74,21.74,2.44,12.86,23.28,29.53,33.7,44.12,29.53,41.68,14.96,58.31,Moderada,-11.1964,-47.5592,0.0,1717008
1717206,171720,Piraquê,TO,Norte,2025,2229,1,1,0,0,4.49,44.86,0.0,0.0,0.14,10.47,20.8,26.99,31.12,41.45,26.99,41.3,14.82,58.69,Moderada,-6.7355,-48.25635,0.0,1717206
1717503,171750,Pium,TO,Norte,2025,7408,4,1,1,1,5.4,13.5,13.5,13.5,7.41,11.9,16.38,19.07,20.86,25.35,19.07,17.93,6.43,79.96,Baixa,-9.945450000000001,-49.790049999999994,0.0,1717503
1717800,171780,Ponte Alta do Bom Jesus,TO,Norte,2025,4280,1,0,0,0,2.34,0.0,0.0,0.0,99.98,95.31,90.63,87.82,85.95,81.28,87.82,18.7,6.71,81.29,Muito alta,-12.066299999999998,-46.6145,30.29,1707009
1717909,171790,Ponte Alta do Tocantins,TO,Norte,2025,7874,3,1,0,1,3.81,12.7,0.0,12.7,8.29,19.79,31.29,38.19,42.78,54.28,38.19,45.99,16.5,54.0,Moderada,-10.75245,-47.2798,0.0,1717909
1718006,171800,Porto Alegre do Tocantins,TO,Norte,2025,2960,1,0,0,0,3.38,0.0,0.0,0.0,99.98,90.75,81.52,75.98,72.29,63.06,75.98,36.92,13.25,63.07,Muito alta,-11.546399999999998,-47.03805,50.97,1707009
1718204,171820,Porto Nacional,TO,Norte,2025,69551,20,3,2,1,2.88,4.31,2.88,1.44,33.76,43.27,52.77,58.48,62.28,71.78,58.48,38.02,13.64,61.97,Alta,-10.552399999999999,-48.49255,0.0,1718204
1718303,171830,Praia Norte,TO,Norte,2025,9552,3,0,0,0,3.14,0.0,0.0,0.0,99.98,91.88,83.77,78.91,75.67,67.56,78.91,32.42,11.63,67.58,Muito alta,-5.491,-47.7702,19.15,1720804
1718402,171840,Presidente Kennedy,TO,Norte,2025,3016,0,0,0,0,0.0,0.0,0.0,0.0,99.98,99.98,99.98,99.98,99.98,99.98,99.98,0.0,0.0,100.0,Muito alta,-8.4635,-48.4684,33.95,1709302
1718451,171845,Pugmil,TO,Norte,2025,2223,1,0,0,0,4.5,0.0,0.0,0.0,99.98,85.28,70.57,61.75,55.87,41.16,61.75,58.82,21.11,41.17,Alta,-10.41905,-48.85295,22.51,1716109
1718501,171850,Recursolândia,TO,Norte,2025,3454,2,0,0,0,5.79,0.0,0.0,0.0,99.98,79.9,59.83,47.78,39.75,19.67,47.78,80.31,28.82,19.68,Moderada,-8.696850000000001,-47.125150000000005,60.36,1710508
1718550,171855,Riachinho,TO,Norte,2025,4029,2,0,0,0,4.96,0.0,0.0,0.0,99.98,83.03,66.08,55.91,49.13,32.18,55.91,67.8,24.33,32.19,Alta,-6.4748,-48.1557,31.05,1717206
1718758,171875,Rio Sono,TO,Norte,2025,4718,3,0,0,0,6.36,0.0,0.0,0.0,99.98,78.44,56.9,43.98,35.36,13.82,43.98,86.16,30.92,13.82,Moderada,-9.6461,-47.5015,75.22,1716505
1718659,171865,Rio da Conceição,TO,Norte,2025,1827,1,0,0,0,5.47,0.0,0.0,0.0,99.98,81.07,62.16,50.81,43.25,24.34,50.81,75.64,27.14,24.34,Alta,-11.305,-46.739599999999996,55.51,1707009
1718709,171870,Rio dos Bois,TO,Norte,2025,2845,2,0,0,0,7.03,0.0,0.0,0.0,99.98,77.32,54.65,41.05,31.98,9.32,41.05,90.67,32.53,9.32,Moderada,-9.24465,-48.437749999999994,34.14,1713304
1718808,171880,Sampaio,TO,Norte,2025,4397,2,0,0,0,4.55,0.0,0.0,0.0,99.98,85.07,70.15,61.2,55.23,40.32,61.2,59.67,21.41,40.32,Alta,-5.3304,-47.921099999999996,21.68,1702554
1718840,171884,Sandolândia,TO,Norte,2025,3900,1,0,0,0,2.56,0.0,0.0,0.0,99.98,94.37,88.75,85.39,83.14,77.53,85.39,22.46,8.06,77.54,Muito alta,-12.3894,-49.87625,32.45,1708205
1718865,171886,Santa Fé do Araguaia,TO,Norte,2025,7533,3,1,0,0,3.98,13.27,0.0,0.0,7.57,18.48,29.38,35.92,40.28,51.18,35.92,43.6,15.64,56.39,Moderada,-7.04565,-48.9422,0.0,1718865
1718881,171888,Santa Maria do Tocantins,TO,Norte,2025,2716,1,0,0,0,3.68,0.0,0.0,0.0,99.98,89.23,78.49,72.04,67.74,56.99,72.04,42.99,15.43,57.0,Alta,-8.80195,-47.80175,37.95,1710508
1718899,171889,Santa Rita do Tocantins,TO,Norte,2025,2299,1,0,0,0,4.35,0.0,0.0,0.0,99.98,86.01,72.03,63.65,58.06,44.09,63.65,55.9,20.06,44.09,Alta,-10.9634,-49.31395,36.46,1706100
1718907,171890,Santa Rosa do Tocantins,TO,Norte,2025,4799,2,0,0,0,4.17,0.0,0.0,0.0,99.98,86.96,73.94,66.12,60.91,47.89,66.12,52.09,18.69,47.9,Alta,-11.4115,-48.1134,35.28,1720655
1719004,171900,Santa Tereza do Tocantins,TO,Norte,2025,2907,1,0,0,0,3.44,0.0,0.0,0.0,99.98,90.53,81.08,75.41,71.63,62.18,75.41,37.8,13.56,62.19,Muito alta,-10.290849999999999,-47.718149999999994,44.04,1721000
1720002,172000,Santa Terezinha do Tocantins,TO,Norte,2025,2461,1,0,0,0,4.06,0.0,0.0,0.0,99.98,87.39,74.8,67.24,62.21,49.61,67.24,50.37,18.07,49.62,Alta,-6.4864999999999995,-47.7228,34.26,1721208
1720655,172065,Silvanópolis,TO,Norte,2025,5259,2,1,1,1,3.8,19.02,19.02,19.02,3.55,16.28,29.0,36.63,41.72,54.44,36.63,50.89,18.26,49.1,Moderada,-11.1125,-48.00515,0.0,1720655
1720853,172085,Sucupira,TO,Norte,2025,1591,1,0,0,0,6.29,0.0,0.0,0.0,99.98,78.62,57.26,44.44,35.9,14.54,44.44,85.44,30.66,14.54,Moderada,-12.083300000000001,-48.8074,31.73,1716604
1720101,172010,São Bento do Tocantins,TO,Norte,2025,6004,3,0,0,0,5.0,0.0,0.0,0.0,99.98,82.89,65.81,55.55,48.72,31.63,55.55,68.35,24.53,31.63,Alta,-5.9533000000000005,-47.95815,37.21,1701002
1720150,172015,São Félix do Tocantins,TO,Norte,2025,1897,1,0,0,0,5.27,0.0,0.0,0.0,99.98,81.81,63.63,52.73,45.46,27.28,52.73,72.7,26.09,27.29,Alta,-10.04195,-46.6446,75.14,2100501
1720200,172020,São Miguel do Tocantins,TO,Norte,2025,14116,3,0,0,0,2.13,0.0,0.0,0.0,99.98,96.05,92.12,89.76,88.19,84.26,89.76,15.72,5.64,84.27,Muito alta,-5.5457,-47.61265,16.56,1720804
1720259,172025,São Salvador do Tocantins,TO,Norte,2025,2356,2,0,0,0,8.49,0.0,0.0,0.0,99.98,76.21,52.43,38.17,28.66,4.88,38.17,95.1,34.12,4.88,Moderada,-12.5389,-48.3788,55.04,1715754
1720309,172030,São Sebastião do Tocantins,TO,Norte,2025,4182,2,0,0,0,4.78,0.0,0.0,0.0,99.98,83.91,67.83,58.19,51.76,35.68,58.19,64.3,23.07,35.69,Alta,-5.243,-48.32915,19.54,2111532
1720499,172049,São Valério,TO,Norte,2025,4554,2,0,0,0,4.39,0.0,0.0,0.0,99.98,85.81,71.64,63.14,57.47,43.3,63.14,56.69,20.34,43.3,Alta,-11.7611,-48.1215,41.01,1714203
1720804,172080,Sítio Novo do Tocantins,TO,Norte,2025,11446,6,1,1,0,5.24,8.74,8.74,0.0,15.65,18.66,21.67,23.47,24.67,27.68,23.47,12.03,4.32,82.21,Baixa,-5.654249999999999,-47.715050000000005,0.0,1720804
1708254,170825,Tabocão,TO,Norte,2025,3741,1,0,0,0,2.67,0.0,0.0,0.0,99.98,93.91,87.84,84.2,81.77,75.7,84.2,24.29,8.71,75.71,Muito alta,-9.07695,-48.5459,31.53,1716703
1720903,172090,Taguatinga,TO,Norte,2025,14199,2,1,1,1,1.41,7.04,7.04,7.04,20.64,38.55,56.45,67.2,74.36,92.26,67.2,71.62,25.7,28.37,Alta,-12.34705,-46.572649999999996,0.0,1720903
1720937,172093,Taipas do Tocantins,TO,Norte,2025,2092,1,0,0,0,4.78,0.0,0.0,0.0,99.98,83.92,67.86,58.22,51.8,35.74,58.22,64.24,23.05,35.75,Alta,-12.15495,-46.992599999999996,50.38,1720903
1720978,172097,Talismã,TO,Norte,2025,2505,1,0,0,0,3.99,0.0,0.0,0.0,99.98,87.74,75.51,68.16,63.27,51.03,68.16,48.95,17.56,51.04,Alta,-12.671199999999999,-49.0363,31.1,1700707
1721208,172120,Tocantinópolis,TO,Norte,2025,23225,5,1,1,1,2.15,4.31,4.31,4.31,33.78,46.32,58.87,66.39,71.41,83.95,66.39,50.17,18.0,49.82,Alta,-6.2282,-47.55375,0.0,1721208
1721109,172110,Tocantínia,TO,Norte,2025,7802,1,0,0,0,1.28,0.0,0.0,0.0,99.98,98.32,96.65,95.65,94.99,93.32,95.65,6.66,2.39,93.34,Muito alta,-9.61915,-48.15,48.81,1716505
1721257,172125,Tupirama,TO,Norte,2025,2024,1,0,0,0,4.94,0.0,0.0,0.0,99.98,83.12,66.25,56.14,49.39,32.53,56.14,67.46,24.2,32.53,Alta,-8.93815,-48.2529,26.31,1709302
1721307,172130,Tupiratins,TO,Norte,2025,1886,1,0,0,0,5.3,0.0,0.0,0.0,99.98,81.7,63.41,52.44,45.12,26.84,52.44,73.15,26.25,26.84,Alta,-8.353100000000001,-48.208650000000006,46.25,1705508
1722081,172208,Wanderlândia,TO,Norte,2025,10734,3,0,0,0,2.79,0.0,0.0,0.0,99.98,93.35,86.71,82.73,80.07,73.43,82.73,26.55,9.53,73.45,Muito alta,-6.875,-47.96565,35.65,1717206
1722107,172210,Xambioá,TO,Norte,2025,10636,4,1,1,1,3.76,9.4,9.4,9.4,13.16,23.67,34.18,40.48,44.69,55.2,40.48,42.04,15.08,57.95,Moderada,-6.5984,-48.45435,0.0,1722107
